id,domain_code,domain,name,definition,source_basis,registry_status,maturity,source_keys,notes
AXM-00-FOUNDATION-A-001-identifier,00-foundation,Universal foundation and metadata,identifier,"Smallest independently addressable identifier unit in universal foundation and metadata, intended to be typed, referenced, transformed or validated without requiring a whole finished asset.",cross-standard,candidate,research-seed,SRC-JSONSCHEMA;SRC-RDF;SRC-PROV;SRC-SPDX,
AXM-00-FOUNDATION-A-002-namespace,00-foundation,Universal foundation and metadata,namespace,"Smallest independently addressable namespace unit in universal foundation and metadata, intended to be typed, referenced, transformed or validated without requiring a whole finished asset.",cross-standard,candidate,research-seed,SRC-JSONSCHEMA;SRC-RDF;SRC-PROV;SRC-SPDX,
AXM-00-FOUNDATION-A-003-name,00-foundation,Universal foundation and metadata,name,"Smallest independently addressable name unit in universal foundation and metadata, intended to be typed, referenced, transformed or validated without requiring a whole finished asset.",cross-standard,candidate,research-seed,SRC-JSONSCHEMA;SRC-RDF;SRC-PROV;SRC-SPDX,
AXM-00-FOUNDATION-A-004-label,00-foundation,Universal foundation and metadata,label,"Smallest independently addressable label unit in universal foundation and metadata, intended to be typed, referenced, transformed or validated without requiring a whole finished asset.",cross-standard,candidate,research-seed,SRC-JSONSCHEMA;SRC-RDF;SRC-PROV;SRC-SPDX,
AXM-00-FOUNDATION-A-005-description,00-foundation,Universal foundation and metadata,description,"Smallest independently addressable description unit in universal foundation and metadata, intended to be typed, referenced, transformed or validated without requiring a whole finished asset.",cross-standard,candidate,research-seed,SRC-JSONSCHEMA;SRC-RDF;SRC-PROV;SRC-SPDX,
AXM-00-FOUNDATION-A-006-type-tag,00-foundation,Universal foundation and metadata,type tag,"Smallest independently addressable type tag unit in universal foundation and metadata, intended to be typed, referenced, transformed or validated without requiring a whole finished asset.",cross-standard,candidate,research-seed,SRC-JSONSCHEMA;SRC-RDF;SRC-PROV;SRC-SPDX,
AXM-00-FOUNDATION-A-007-subtype-tag,00-foundation,Universal foundation and metadata,subtype tag,"Smallest independently addressable subtype tag unit in universal foundation and metadata, intended to be typed, referenced, transformed or validated without requiring a whole finished asset.",cross-standard,candidate,research-seed,SRC-JSONSCHEMA;SRC-RDF;SRC-PROV;SRC-SPDX,
AXM-00-FOUNDATION-A-008-version,00-foundation,Universal foundation and metadata,version,"Smallest independently addressable version unit in universal foundation and metadata, intended to be typed, referenced, transformed or validated without requiring a whole finished asset.",cross-standard,candidate,research-seed,SRC-JSONSCHEMA;SRC-RDF;SRC-PROV;SRC-SPDX,
AXM-00-FOUNDATION-A-009-revision,00-foundation,Universal foundation and metadata,revision,"Smallest independently addressable revision unit in universal foundation and metadata, intended to be typed, referenced, transformed or validated without requiring a whole finished asset.",cross-standard,candidate,research-seed,SRC-JSONSCHEMA;SRC-RDF;SRC-PROV;SRC-SPDX,
AXM-00-FOUNDATION-A-010-status,00-foundation,Universal foundation and metadata,status,"Smallest independently addressable status unit in universal foundation and metadata, intended to be typed, referenced, transformed or validated without requiring a whole finished asset.",cross-standard,candidate,research-seed,SRC-JSONSCHEMA;SRC-RDF;SRC-PROV;SRC-SPDX,
AXM-00-FOUNDATION-A-011-flag,00-foundation,Universal foundation and metadata,flag,"Smallest independently addressable flag unit in universal foundation and metadata, intended to be typed, referenced, transformed or validated without requiring a whole finished asset.",cross-standard,candidate,research-seed,SRC-JSONSCHEMA;SRC-RDF;SRC-PROV;SRC-SPDX,
AXM-00-FOUNDATION-A-012-scalar,00-foundation,Universal foundation and metadata,scalar,"Smallest independently addressable scalar unit in universal foundation and metadata, intended to be typed, referenced, transformed or validated without requiring a whole finished asset.",cross-standard,candidate,research-seed,SRC-JSONSCHEMA;SRC-RDF;SRC-PROV;SRC-SPDX,
AXM-00-FOUNDATION-A-013-boolean,00-foundation,Universal foundation and metadata,boolean,"Smallest independently addressable boolean unit in universal foundation and metadata, intended to be typed, referenced, transformed or validated without requiring a whole finished asset.",cross-standard,candidate,research-seed,SRC-JSONSCHEMA;SRC-RDF;SRC-PROV;SRC-SPDX,
AXM-00-FOUNDATION-A-014-integer,00-foundation,Universal foundation and metadata,integer,"Smallest independently addressable integer unit in universal foundation and metadata, intended to be typed, referenced, transformed or validated without requiring a whole finished asset.",cross-standard,candidate,research-seed,SRC-JSONSCHEMA;SRC-RDF;SRC-PROV;SRC-SPDX,
AXM-00-FOUNDATION-A-015-floating-point-number,00-foundation,Universal foundation and metadata,floating-point number,"Smallest independently addressable floating-point number unit in universal foundation and metadata, intended to be typed, referenced, transformed or validated without requiring a whole finished asset.",cross-standard,candidate,research-seed,SRC-JSONSCHEMA;SRC-RDF;SRC-PROV;SRC-SPDX,
AXM-00-FOUNDATION-A-016-decimal-number,00-foundation,Universal foundation and metadata,decimal number,"Smallest independently addressable decimal number unit in universal foundation and metadata, intended to be typed, referenced, transformed or validated without requiring a whole finished asset.",cross-standard,candidate,research-seed,SRC-JSONSCHEMA;SRC-RDF;SRC-PROV;SRC-SPDX,
AXM-00-FOUNDATION-A-017-string,00-foundation,Universal foundation and metadata,string,"Smallest independently addressable string unit in universal foundation and metadata, intended to be typed, referenced, transformed or validated without requiring a whole finished asset.",cross-standard,candidate,research-seed,SRC-JSONSCHEMA;SRC-RDF;SRC-PROV;SRC-SPDX,
AXM-00-FOUNDATION-A-018-byte-sequence,00-foundation,Universal foundation and metadata,byte sequence,"Smallest independently addressable byte sequence unit in universal foundation and metadata, intended to be typed, referenced, transformed or validated without requiring a whole finished asset.",cross-standard,candidate,research-seed,SRC-JSONSCHEMA;SRC-RDF;SRC-PROV;SRC-SPDX,
AXM-00-FOUNDATION-A-019-enumeration-value,00-foundation,Universal foundation and metadata,enumeration value,"Smallest independently addressable enumeration value unit in universal foundation and metadata, intended to be typed, referenced, transformed or validated without requiring a whole finished asset.",cross-standard,candidate,research-seed,SRC-JSONSCHEMA;SRC-RDF;SRC-PROV;SRC-SPDX,
AXM-00-FOUNDATION-A-020-null-value,00-foundation,Universal foundation and metadata,null value,"Smallest independently addressable null value unit in universal foundation and metadata, intended to be typed, referenced, transformed or validated without requiring a whole finished asset.",cross-standard,candidate,research-seed,SRC-JSONSCHEMA;SRC-RDF;SRC-PROV;SRC-SPDX,
AXM-00-FOUNDATION-A-021-unit,00-foundation,Universal foundation and metadata,unit,"Smallest independently addressable unit unit in universal foundation and metadata, intended to be typed, referenced, transformed or validated without requiring a whole finished asset.",cross-standard,candidate,research-seed,SRC-JSONSCHEMA;SRC-RDF;SRC-PROV;SRC-SPDX,
AXM-00-FOUNDATION-A-022-quantity,00-foundation,Universal foundation and metadata,quantity,"Smallest independently addressable quantity unit in universal foundation and metadata, intended to be typed, referenced, transformed or validated without requiring a whole finished asset.",cross-standard,candidate,research-seed,SRC-JSONSCHEMA;SRC-RDF;SRC-PROV;SRC-SPDX,
AXM-00-FOUNDATION-A-023-dimension,00-foundation,Universal foundation and metadata,dimension,"Smallest independently addressable dimension unit in universal foundation and metadata, intended to be typed, referenced, transformed or validated without requiring a whole finished asset.",cross-standard,candidate,research-seed,SRC-JSONSCHEMA;SRC-RDF;SRC-PROV;SRC-SPDX,
AXM-00-FOUNDATION-A-024-timestamp,00-foundation,Universal foundation and metadata,timestamp,"Smallest independently addressable timestamp unit in universal foundation and metadata, intended to be typed, referenced, transformed or validated without requiring a whole finished asset.",cross-standard,candidate,research-seed,SRC-JSONSCHEMA;SRC-RDF;SRC-PROV;SRC-SPDX,
AXM-00-FOUNDATION-A-025-duration,00-foundation,Universal foundation and metadata,duration,"Smallest independently addressable duration unit in universal foundation and metadata, intended to be typed, referenced, transformed or validated without requiring a whole finished asset.",cross-standard,candidate,research-seed,SRC-JSONSCHEMA;SRC-RDF;SRC-PROV;SRC-SPDX,
AXM-00-FOUNDATION-A-026-date,00-foundation,Universal foundation and metadata,date,"Smallest independently addressable date unit in universal foundation and metadata, intended to be typed, referenced, transformed or validated without requiring a whole finished asset.",cross-standard,candidate,research-seed,SRC-JSONSCHEMA;SRC-RDF;SRC-PROV;SRC-SPDX,
AXM-00-FOUNDATION-A-027-time-zone,00-foundation,Universal foundation and metadata,time zone,"Smallest independently addressable time zone unit in universal foundation and metadata, intended to be typed, referenced, transformed or validated without requiring a whole finished asset.",cross-standard,candidate,research-seed,SRC-JSONSCHEMA;SRC-RDF;SRC-PROV;SRC-SPDX,
AXM-00-FOUNDATION-A-028-locale,00-foundation,Universal foundation and metadata,locale,"Smallest independently addressable locale unit in universal foundation and metadata, intended to be typed, referenced, transformed or validated without requiring a whole finished asset.",cross-standard,candidate,research-seed,SRC-JSONSCHEMA;SRC-RDF;SRC-PROV;SRC-SPDX,
AXM-00-FOUNDATION-A-029-path,00-foundation,Universal foundation and metadata,path,"Smallest independently addressable path unit in universal foundation and metadata, intended to be typed, referenced, transformed or validated without requiring a whole finished asset.",cross-standard,candidate,research-seed,SRC-JSONSCHEMA;SRC-RDF;SRC-PROV;SRC-SPDX,
AXM-00-FOUNDATION-A-030-uri,00-foundation,Universal foundation and metadata,URI,"Smallest independently addressable URI unit in universal foundation and metadata, intended to be typed, referenced, transformed or validated without requiring a whole finished asset.",cross-standard,candidate,research-seed,SRC-JSONSCHEMA;SRC-RDF;SRC-PROV;SRC-SPDX,
AXM-00-FOUNDATION-A-031-hash-digest,00-foundation,Universal foundation and metadata,hash digest,"Smallest independently addressable hash digest unit in universal foundation and metadata, intended to be typed, referenced, transformed or validated without requiring a whole finished asset.",cross-standard,candidate,research-seed,SRC-JSONSCHEMA;SRC-RDF;SRC-PROV;SRC-SPDX,
AXM-00-FOUNDATION-A-032-checksum,00-foundation,Universal foundation and metadata,checksum,"Smallest independently addressable checksum unit in universal foundation and metadata, intended to be typed, referenced, transformed or validated without requiring a whole finished asset.",cross-standard,candidate,research-seed,SRC-JSONSCHEMA;SRC-RDF;SRC-PROV;SRC-SPDX,
AXM-00-FOUNDATION-A-033-digital-signature,00-foundation,Universal foundation and metadata,digital signature,"Smallest independently addressable digital signature unit in universal foundation and metadata, intended to be typed, referenced, transformed or validated without requiring a whole finished asset.",cross-standard,candidate,research-seed,SRC-JSONSCHEMA;SRC-RDF;SRC-PROV;SRC-SPDX,
AXM-00-FOUNDATION-A-034-deterministic-seed,00-foundation,Universal foundation and metadata,deterministic seed,"Smallest independently addressable deterministic seed unit in universal foundation and metadata, intended to be typed, referenced, transformed or validated without requiring a whole finished asset.",cross-standard,candidate,research-seed,SRC-JSONSCHEMA;SRC-RDF;SRC-PROV;SRC-SPDX,
AXM-00-FOUNDATION-A-035-random-stream-position,00-foundation,Universal foundation and metadata,random stream position,"Smallest independently addressable random stream position unit in universal foundation and metadata, intended to be typed, referenced, transformed or validated without requiring a whole finished asset.",cross-standard,candidate,research-seed,SRC-JSONSCHEMA;SRC-RDF;SRC-PROV;SRC-SPDX,
AXM-00-FOUNDATION-A-036-parameter,00-foundation,Universal foundation and metadata,parameter,"Smallest independently addressable parameter unit in universal foundation and metadata, intended to be typed, referenced, transformed or validated without requiring a whole finished asset.",cross-standard,candidate,research-seed,SRC-JSONSCHEMA;SRC-RDF;SRC-PROV;SRC-SPDX,
AXM-00-FOUNDATION-A-037-default-value,00-foundation,Universal foundation and metadata,default value,"Smallest independently addressable default value unit in universal foundation and metadata, intended to be typed, referenced, transformed or validated without requiring a whole finished asset.",cross-standard,candidate,research-seed,SRC-JSONSCHEMA;SRC-RDF;SRC-PROV;SRC-SPDX,
AXM-00-FOUNDATION-A-038-constraint,00-foundation,Universal foundation and metadata,constraint,"Smallest independently addressable constraint unit in universal foundation and metadata, intended to be typed, referenced, transformed or validated without requiring a whole finished asset.",cross-standard,candidate,research-seed,SRC-JSONSCHEMA;SRC-RDF;SRC-PROV;SRC-SPDX,
AXM-00-FOUNDATION-A-039-capability-tag,00-foundation,Universal foundation and metadata,capability tag,"Smallest independently addressable capability tag unit in universal foundation and metadata, intended to be typed, referenced, transformed or validated without requiring a whole finished asset.",cross-standard,candidate,research-seed,SRC-JSONSCHEMA;SRC-RDF;SRC-PROV;SRC-SPDX,
AXM-00-FOUNDATION-A-040-feature-flag,00-foundation,Universal foundation and metadata,feature flag,"Smallest independently addressable feature flag unit in universal foundation and metadata, intended to be typed, referenced, transformed or validated without requiring a whole finished asset.",cross-standard,candidate,research-seed,SRC-JSONSCHEMA;SRC-RDF;SRC-PROV;SRC-SPDX,
AXM-00-FOUNDATION-A-041-confidence-value,00-foundation,Universal foundation and metadata,confidence value,"Smallest independently addressable confidence value unit in universal foundation and metadata, intended to be typed, referenced, transformed or validated without requiring a whole finished asset.",cross-standard,candidate,research-seed,SRC-JSONSCHEMA;SRC-RDF;SRC-PROV;SRC-SPDX,
AXM-00-FOUNDATION-A-042-priority,00-foundation,Universal foundation and metadata,priority,"Smallest independently addressable priority unit in universal foundation and metadata, intended to be typed, referenced, transformed or validated without requiring a whole finished asset.",cross-standard,candidate,research-seed,SRC-JSONSCHEMA;SRC-RDF;SRC-PROV;SRC-SPDX,
AXM-00-FOUNDATION-A-043-ownership-reference,00-foundation,Universal foundation and metadata,ownership reference,"Smallest independently addressable ownership reference unit in universal foundation and metadata, intended to be typed, referenced, transformed or validated without requiring a whole finished asset.",cross-standard,candidate,research-seed,SRC-JSONSCHEMA;SRC-RDF;SRC-PROV;SRC-SPDX,
AXM-00-FOUNDATION-A-044-source-reference,00-foundation,Universal foundation and metadata,source reference,"Smallest independently addressable source reference unit in universal foundation and metadata, intended to be typed, referenced, transformed or validated without requiring a whole finished asset.",cross-standard,candidate,research-seed,SRC-JSONSCHEMA;SRC-RDF;SRC-PROV;SRC-SPDX,
AXM-00-FOUNDATION-A-045-input-port,00-foundation,Universal foundation and metadata,input port,"Smallest independently addressable input port unit in universal foundation and metadata, intended to be typed, referenced, transformed or validated without requiring a whole finished asset.",cross-standard,candidate,research-seed,SRC-JSONSCHEMA;SRC-RDF;SRC-PROV;SRC-SPDX,
AXM-00-FOUNDATION-A-046-output-port,00-foundation,Universal foundation and metadata,output port,"Smallest independently addressable output port unit in universal foundation and metadata, intended to be typed, referenced, transformed or validated without requiring a whole finished asset.",cross-standard,candidate,research-seed,SRC-JSONSCHEMA;SRC-RDF;SRC-PROV;SRC-SPDX,
AXM-00-FOUNDATION-A-047-parameter-port,00-foundation,Universal foundation and metadata,parameter port,"Smallest independently addressable parameter port unit in universal foundation and metadata, intended to be typed, referenced, transformed or validated without requiring a whole finished asset.",cross-standard,candidate,research-seed,SRC-JSONSCHEMA;SRC-RDF;SRC-PROV;SRC-SPDX,
AXM-00-FOUNDATION-A-048-relation-predicate,00-foundation,Universal foundation and metadata,relation predicate,"Smallest independently addressable relation predicate unit in universal foundation and metadata, intended to be typed, referenced, transformed or validated without requiring a whole finished asset.",cross-standard,candidate,research-seed,SRC-JSONSCHEMA;SRC-RDF;SRC-PROV;SRC-SPDX,
AXM-00-FOUNDATION-A-049-contains-relation,00-foundation,Universal foundation and metadata,contains relation,"Smallest independently addressable contains relation unit in universal foundation and metadata, intended to be typed, referenced, transformed or validated without requiring a whole finished asset.",cross-standard,candidate,research-seed,SRC-JSONSCHEMA;SRC-RDF;SRC-PROV;SRC-SPDX,
AXM-00-FOUNDATION-A-050-part-of-relation,00-foundation,Universal foundation and metadata,part-of relation,"Smallest independently addressable part-of relation unit in universal foundation and metadata, intended to be typed, referenced, transformed or validated without requiring a whole finished asset.",cross-standard,candidate,research-seed,SRC-JSONSCHEMA;SRC-RDF;SRC-PROV;SRC-SPDX,
AXM-00-FOUNDATION-A-051-requires-relation,00-foundation,Universal foundation and metadata,requires relation,"Smallest independently addressable requires relation unit in universal foundation and metadata, intended to be typed, referenced, transformed or validated without requiring a whole finished asset.",cross-standard,candidate,research-seed,SRC-JSONSCHEMA;SRC-RDF;SRC-PROV;SRC-SPDX,
AXM-00-FOUNDATION-A-052-produces-relation,00-foundation,Universal foundation and metadata,produces relation,"Smallest independently addressable produces relation unit in universal foundation and metadata, intended to be typed, referenced, transformed or validated without requiring a whole finished asset.",cross-standard,candidate,research-seed,SRC-JSONSCHEMA;SRC-RDF;SRC-PROV;SRC-SPDX,
AXM-00-FOUNDATION-A-053-consumes-relation,00-foundation,Universal foundation and metadata,consumes relation,"Smallest independently addressable consumes relation unit in universal foundation and metadata, intended to be typed, referenced, transformed or validated without requiring a whole finished asset.",cross-standard,candidate,research-seed,SRC-JSONSCHEMA;SRC-RDF;SRC-PROV;SRC-SPDX,
AXM-00-FOUNDATION-A-054-transforms-relation,00-foundation,Universal foundation and metadata,transforms relation,"Smallest independently addressable transforms relation unit in universal foundation and metadata, intended to be typed, referenced, transformed or validated without requiring a whole finished asset.",cross-standard,candidate,research-seed,SRC-JSONSCHEMA;SRC-RDF;SRC-PROV;SRC-SPDX,
AXM-00-FOUNDATION-A-055-binds-to-relation,00-foundation,Universal foundation and metadata,binds-to relation,"Smallest independently addressable binds-to relation unit in universal foundation and metadata, intended to be typed, referenced, transformed or validated without requiring a whole finished asset.",cross-standard,candidate,research-seed,SRC-JSONSCHEMA;SRC-RDF;SRC-PROV;SRC-SPDX,
AXM-00-FOUNDATION-A-056-drives-relation,00-foundation,Universal foundation and metadata,drives relation,"Smallest independently addressable drives relation unit in universal foundation and metadata, intended to be typed, referenced, transformed or validated without requiring a whole finished asset.",cross-standard,candidate,research-seed,SRC-JSONSCHEMA;SRC-RDF;SRC-PROV;SRC-SPDX,
AXM-00-FOUNDATION-A-057-references-relation,00-foundation,Universal foundation and metadata,references relation,"Smallest independently addressable references relation unit in universal foundation and metadata, intended to be typed, referenced, transformed or validated without requiring a whole finished asset.",cross-standard,candidate,research-seed,SRC-JSONSCHEMA;SRC-RDF;SRC-PROV;SRC-SPDX,
AXM-00-FOUNDATION-A-058-instantiates-relation,00-foundation,Universal foundation and metadata,instantiates relation,"Smallest independently addressable instantiates relation unit in universal foundation and metadata, intended to be typed, referenced, transformed or validated without requiring a whole finished asset.",cross-standard,candidate,research-seed,SRC-JSONSCHEMA;SRC-RDF;SRC-PROV;SRC-SPDX,
AXM-00-FOUNDATION-A-059-inherits-relation,00-foundation,Universal foundation and metadata,inherits relation,"Smallest independently addressable inherits relation unit in universal foundation and metadata, intended to be typed, referenced, transformed or validated without requiring a whole finished asset.",cross-standard,candidate,research-seed,SRC-JSONSCHEMA;SRC-RDF;SRC-PROV;SRC-SPDX,
AXM-00-FOUNDATION-A-060-variant-of-relation,00-foundation,Universal foundation and metadata,variant-of relation,"Smallest independently addressable variant-of relation unit in universal foundation and metadata, intended to be typed, referenced, transformed or validated without requiring a whole finished asset.",cross-standard,candidate,research-seed,SRC-JSONSCHEMA;SRC-RDF;SRC-PROV;SRC-SPDX,
AXM-00-FOUNDATION-A-061-compiles-to-relation,00-foundation,Universal foundation and metadata,compiles-to relation,"Smallest independently addressable compiles-to relation unit in universal foundation and metadata, intended to be typed, referenced, transformed or validated without requiring a whole finished asset.",cross-standard,candidate,research-seed,SRC-JSONSCHEMA;SRC-RDF;SRC-PROV;SRC-SPDX,
AXM-00-FOUNDATION-A-062-derived-from-relation,00-foundation,Universal foundation and metadata,derived-from relation,"Smallest independently addressable derived-from relation unit in universal foundation and metadata, intended to be typed, referenced, transformed or validated without requiring a whole finished asset.",cross-standard,candidate,research-seed,SRC-JSONSCHEMA;SRC-RDF;SRC-PROV;SRC-SPDX,
AXM-00-FOUNDATION-A-063-validates-relation,00-foundation,Universal foundation and metadata,validates relation,"Smallest independently addressable validates relation unit in universal foundation and metadata, intended to be typed, referenced, transformed or validated without requiring a whole finished asset.",cross-standard,candidate,research-seed,SRC-JSONSCHEMA;SRC-RDF;SRC-PROV;SRC-SPDX,
AXM-00-FOUNDATION-A-064-tested-by-relation,00-foundation,Universal foundation and metadata,tested-by relation,"Smallest independently addressable tested-by relation unit in universal foundation and metadata, intended to be typed, referenced, transformed or validated without requiring a whole finished asset.",cross-standard,candidate,research-seed,SRC-JSONSCHEMA;SRC-RDF;SRC-PROV;SRC-SPDX,
AXM-00-FOUNDATION-A-065-generated-by-relation,00-foundation,Universal foundation and metadata,generated-by relation,"Smallest independently addressable generated-by relation unit in universal foundation and metadata, intended to be typed, referenced, transformed or validated without requiring a whole finished asset.",cross-standard,candidate,research-seed,SRC-JSONSCHEMA;SRC-RDF;SRC-PROV;SRC-SPDX,
AXM-00-FOUNDATION-A-066-supersedes-relation,00-foundation,Universal foundation and metadata,supersedes relation,"Smallest independently addressable supersedes relation unit in universal foundation and metadata, intended to be typed, referenced, transformed or validated without requiring a whole finished asset.",cross-standard,candidate,research-seed,SRC-JSONSCHEMA;SRC-RDF;SRC-PROV;SRC-SPDX,
AXM-00-FOUNDATION-A-067-conflicts-with-relation,00-foundation,Universal foundation and metadata,conflicts-with relation,"Smallest independently addressable conflicts-with relation unit in universal foundation and metadata, intended to be typed, referenced, transformed or validated without requiring a whole finished asset.",cross-standard,candidate,research-seed,SRC-JSONSCHEMA;SRC-RDF;SRC-PROV;SRC-SPDX,
AXM-00-FOUNDATION-A-068-equivalent-to-relation,00-foundation,Universal foundation and metadata,equivalent-to relation,"Smallest independently addressable equivalent-to relation unit in universal foundation and metadata, intended to be typed, referenced, transformed or validated without requiring a whole finished asset.",cross-standard,candidate,research-seed,SRC-JSONSCHEMA;SRC-RDF;SRC-PROV;SRC-SPDX,
AXM-00-FOUNDATION-A-069-interoperates-with-relation,00-foundation,Universal foundation and metadata,interoperates-with relation,"Smallest independently addressable interoperates-with relation unit in universal foundation and metadata, intended to be typed, referenced, transformed or validated without requiring a whole finished asset.",cross-standard,candidate,research-seed,SRC-JSONSCHEMA;SRC-RDF;SRC-PROV;SRC-SPDX,
AXM-00-FOUNDATION-A-070-licensed-under-relation,00-foundation,Universal foundation and metadata,licensed-under relation,"Smallest independently addressable licensed-under relation unit in universal foundation and metadata, intended to be typed, referenced, transformed or validated without requiring a whole finished asset.",cross-standard,candidate,research-seed,SRC-JSONSCHEMA;SRC-RDF;SRC-PROV;SRC-SPDX,
AXM-00-FOUNDATION-A-071-observed-in-use-relation,00-foundation,Universal foundation and metadata,observed-in-use relation,"Smallest independently addressable observed-in-use relation unit in universal foundation and metadata, intended to be typed, referenced, transformed or validated without requiring a whole finished asset.",cross-standard,candidate,research-seed,SRC-JSONSCHEMA;SRC-RDF;SRC-PROV;SRC-SPDX,
AXM-00-FOUNDATION-A-072-failed-in-use-relation,00-foundation,Universal foundation and metadata,failed-in-use relation,"Smallest independently addressable failed-in-use relation unit in universal foundation and metadata, intended to be typed, referenced, transformed or validated without requiring a whole finished asset.",cross-standard,candidate,research-seed,SRC-JSONSCHEMA;SRC-RDF;SRC-PROV;SRC-SPDX,
AXM-01-PROVENANCE-A-001-entity-reference,01-provenance,Provenance rights consent and evidence,entity reference,"Smallest independently addressable entity reference unit in provenance rights consent and evidence, intended to be typed, referenced, transformed or validated without requiring a whole finished asset.",cross-standard,candidate,research-seed,SRC-PROV;SRC-SPDX;SRC-SLSA;SRC-CYCLONEDX,
AXM-01-PROVENANCE-A-002-activity-reference,01-provenance,Provenance rights consent and evidence,activity reference,"Smallest independently addressable activity reference unit in provenance rights consent and evidence, intended to be typed, referenced, transformed or validated without requiring a whole finished asset.",cross-standard,candidate,research-seed,SRC-PROV;SRC-SPDX;SRC-SLSA;SRC-CYCLONEDX,
AXM-01-PROVENANCE-A-003-agent-reference,01-provenance,Provenance rights consent and evidence,agent reference,"Smallest independently addressable agent reference unit in provenance rights consent and evidence, intended to be typed, referenced, transformed or validated without requiring a whole finished asset.",cross-standard,candidate,research-seed,SRC-PROV;SRC-SPDX;SRC-SLSA;SRC-CYCLONEDX,
AXM-01-PROVENANCE-A-004-generation-assertion,01-provenance,Provenance rights consent and evidence,generation assertion,"Smallest independently addressable generation assertion unit in provenance rights consent and evidence, intended to be typed, referenced, transformed or validated without requiring a whole finished asset.",cross-standard,candidate,research-seed,SRC-PROV;SRC-SPDX;SRC-SLSA;SRC-CYCLONEDX,
AXM-01-PROVENANCE-A-005-usage-assertion,01-provenance,Provenance rights consent and evidence,usage assertion,"Smallest independently addressable usage assertion unit in provenance rights consent and evidence, intended to be typed, referenced, transformed or validated without requiring a whole finished asset.",cross-standard,candidate,research-seed,SRC-PROV;SRC-SPDX;SRC-SLSA;SRC-CYCLONEDX,
AXM-01-PROVENANCE-A-006-derivation-assertion,01-provenance,Provenance rights consent and evidence,derivation assertion,"Smallest independently addressable derivation assertion unit in provenance rights consent and evidence, intended to be typed, referenced, transformed or validated without requiring a whole finished asset.",cross-standard,candidate,research-seed,SRC-PROV;SRC-SPDX;SRC-SLSA;SRC-CYCLONEDX,
AXM-01-PROVENANCE-A-007-attribution,01-provenance,Provenance rights consent and evidence,attribution,"Smallest independently addressable attribution unit in provenance rights consent and evidence, intended to be typed, referenced, transformed or validated without requiring a whole finished asset.",cross-standard,candidate,research-seed,SRC-PROV;SRC-SPDX;SRC-SLSA;SRC-CYCLONEDX,
AXM-01-PROVENANCE-A-008-association,01-provenance,Provenance rights consent and evidence,association,"Smallest independently addressable association unit in provenance rights consent and evidence, intended to be typed, referenced, transformed or validated without requiring a whole finished asset.",cross-standard,candidate,research-seed,SRC-PROV;SRC-SPDX;SRC-SLSA;SRC-CYCLONEDX,
AXM-01-PROVENANCE-A-009-delegation,01-provenance,Provenance rights consent and evidence,delegation,"Smallest independently addressable delegation unit in provenance rights consent and evidence, intended to be typed, referenced, transformed or validated without requiring a whole finished asset.",cross-standard,candidate,research-seed,SRC-PROV;SRC-SPDX;SRC-SLSA;SRC-CYCLONEDX,
AXM-01-PROVENANCE-A-010-source-citation,01-provenance,Provenance rights consent and evidence,source citation,"Smallest independently addressable source citation unit in provenance rights consent and evidence, intended to be typed, referenced, transformed or validated without requiring a whole finished asset.",cross-standard,candidate,research-seed,SRC-PROV;SRC-SPDX;SRC-SLSA;SRC-CYCLONEDX,
AXM-01-PROVENANCE-A-011-evidence-item,01-provenance,Provenance rights consent and evidence,evidence item,"Smallest independently addressable evidence item unit in provenance rights consent and evidence, intended to be typed, referenced, transformed or validated without requiring a whole finished asset.",cross-standard,candidate,research-seed,SRC-PROV;SRC-SPDX;SRC-SLSA;SRC-CYCLONEDX,
AXM-01-PROVENANCE-A-012-observation,01-provenance,Provenance rights consent and evidence,observation,"Smallest independently addressable observation unit in provenance rights consent and evidence, intended to be typed, referenced, transformed or validated without requiring a whole finished asset.",cross-standard,candidate,research-seed,SRC-PROV;SRC-SPDX;SRC-SLSA;SRC-CYCLONEDX,
AXM-01-PROVENANCE-A-013-claim,01-provenance,Provenance rights consent and evidence,claim,"Smallest independently addressable claim unit in provenance rights consent and evidence, intended to be typed, referenced, transformed or validated without requiring a whole finished asset.",cross-standard,candidate,research-seed,SRC-PROV;SRC-SPDX;SRC-SLSA;SRC-CYCLONEDX,
AXM-01-PROVENANCE-A-014-test-result-reference,01-provenance,Provenance rights consent and evidence,test result reference,"Smallest independently addressable test result reference unit in provenance rights consent and evidence, intended to be typed, referenced, transformed or validated without requiring a whole finished asset.",cross-standard,candidate,research-seed,SRC-PROV;SRC-SPDX;SRC-SLSA;SRC-CYCLONEDX,
AXM-01-PROVENANCE-A-015-usage-event-reference,01-provenance,Provenance rights consent and evidence,usage event reference,"Smallest independently addressable usage event reference unit in provenance rights consent and evidence, intended to be typed, referenced, transformed or validated without requiring a whole finished asset.",cross-standard,candidate,research-seed,SRC-PROV;SRC-SPDX;SRC-SLSA;SRC-CYCLONEDX,
AXM-01-PROVENANCE-A-016-license-expression,01-provenance,Provenance rights consent and evidence,license expression,"Smallest independently addressable license expression unit in provenance rights consent and evidence, intended to be typed, referenced, transformed or validated without requiring a whole finished asset.",cross-standard,candidate,research-seed,SRC-PROV;SRC-SPDX;SRC-SLSA;SRC-CYCLONEDX,
AXM-01-PROVENANCE-A-017-copyright-notice,01-provenance,Provenance rights consent and evidence,copyright notice,"Smallest independently addressable copyright notice unit in provenance rights consent and evidence, intended to be typed, referenced, transformed or validated without requiring a whole finished asset.",cross-standard,candidate,research-seed,SRC-PROV;SRC-SPDX;SRC-SLSA;SRC-CYCLONEDX,
AXM-01-PROVENANCE-A-018-creator,01-provenance,Provenance rights consent and evidence,creator,"Smallest independently addressable creator unit in provenance rights consent and evidence, intended to be typed, referenced, transformed or validated without requiring a whole finished asset.",cross-standard,candidate,research-seed,SRC-PROV;SRC-SPDX;SRC-SLSA;SRC-CYCLONEDX,
AXM-01-PROVENANCE-A-019-contributor,01-provenance,Provenance rights consent and evidence,contributor,"Smallest independently addressable contributor unit in provenance rights consent and evidence, intended to be typed, referenced, transformed or validated without requiring a whole finished asset.",cross-standard,candidate,research-seed,SRC-PROV;SRC-SPDX;SRC-SLSA;SRC-CYCLONEDX,
AXM-01-PROVENANCE-A-020-publisher,01-provenance,Provenance rights consent and evidence,publisher,"Smallest independently addressable publisher unit in provenance rights consent and evidence, intended to be typed, referenced, transformed or validated without requiring a whole finished asset.",cross-standard,candidate,research-seed,SRC-PROV;SRC-SPDX;SRC-SLSA;SRC-CYCLONEDX,
AXM-01-PROVENANCE-A-021-creation-time,01-provenance,Provenance rights consent and evidence,creation time,"Smallest independently addressable creation time unit in provenance rights consent and evidence, intended to be typed, referenced, transformed or validated without requiring a whole finished asset.",cross-standard,candidate,research-seed,SRC-PROV;SRC-SPDX;SRC-SLSA;SRC-CYCLONEDX,
AXM-01-PROVENANCE-A-022-modification-time,01-provenance,Provenance rights consent and evidence,modification time,"Smallest independently addressable modification time unit in provenance rights consent and evidence, intended to be typed, referenced, transformed or validated without requiring a whole finished asset.",cross-standard,candidate,research-seed,SRC-PROV;SRC-SPDX;SRC-SLSA;SRC-CYCLONEDX,
AXM-01-PROVENANCE-A-023-chain-of-custody-step,01-provenance,Provenance rights consent and evidence,chain-of-custody step,"Smallest independently addressable chain-of-custody step unit in provenance rights consent and evidence, intended to be typed, referenced, transformed or validated without requiring a whole finished asset.",cross-standard,candidate,research-seed,SRC-PROV;SRC-SPDX;SRC-SLSA;SRC-CYCLONEDX,
AXM-01-PROVENANCE-A-024-provenance-timestamp,01-provenance,Provenance rights consent and evidence,provenance timestamp,"Smallest independently addressable provenance timestamp unit in provenance rights consent and evidence, intended to be typed, referenced, transformed or validated without requiring a whole finished asset.",cross-standard,candidate,research-seed,SRC-PROV;SRC-SPDX;SRC-SLSA;SRC-CYCLONEDX,
AXM-01-PROVENANCE-A-025-approval,01-provenance,Provenance rights consent and evidence,approval,"Smallest independently addressable approval unit in provenance rights consent and evidence, intended to be typed, referenced, transformed or validated without requiring a whole finished asset.",cross-standard,candidate,research-seed,SRC-PROV;SRC-SPDX;SRC-SLSA;SRC-CYCLONEDX,
AXM-01-PROVENANCE-A-026-rejection,01-provenance,Provenance rights consent and evidence,rejection,"Smallest independently addressable rejection unit in provenance rights consent and evidence, intended to be typed, referenced, transformed or validated without requiring a whole finished asset.",cross-standard,candidate,research-seed,SRC-PROV;SRC-SPDX;SRC-SLSA;SRC-CYCLONEDX,
AXM-01-PROVENANCE-A-027-dissent-record,01-provenance,Provenance rights consent and evidence,dissent record,"Smallest independently addressable dissent record unit in provenance rights consent and evidence, intended to be typed, referenced, transformed or validated without requiring a whole finished asset.",cross-standard,candidate,research-seed,SRC-PROV;SRC-SPDX;SRC-SLSA;SRC-CYCLONEDX,
AXM-01-PROVENANCE-A-028-rollback-anchor,01-provenance,Provenance rights consent and evidence,rollback anchor,"Smallest independently addressable rollback anchor unit in provenance rights consent and evidence, intended to be typed, referenced, transformed or validated without requiring a whole finished asset.",cross-standard,candidate,research-seed,SRC-PROV;SRC-SPDX;SRC-SLSA;SRC-CYCLONEDX,
AXM-01-PROVENANCE-A-029-append-only-log-pointer,01-provenance,Provenance rights consent and evidence,append-only log pointer,"Smallest independently addressable append-only log pointer unit in provenance rights consent and evidence, intended to be typed, referenced, transformed or validated without requiring a whole finished asset.",cross-standard,candidate,research-seed,SRC-PROV;SRC-SPDX;SRC-SLSA;SRC-CYCLONEDX,
AXM-01-PROVENANCE-A-030-retention-rule,01-provenance,Provenance rights consent and evidence,retention rule,"Smallest independently addressable retention rule unit in provenance rights consent and evidence, intended to be typed, referenced, transformed or validated without requiring a whole finished asset.",cross-standard,candidate,research-seed,SRC-PROV;SRC-SPDX;SRC-SLSA;SRC-CYCLONEDX,
AXM-01-PROVENANCE-A-031-privacy-classification,01-provenance,Provenance rights consent and evidence,privacy classification,"Smallest independently addressable privacy classification unit in provenance rights consent and evidence, intended to be typed, referenced, transformed or validated without requiring a whole finished asset.",cross-standard,candidate,research-seed,SRC-PROV;SRC-SPDX;SRC-SLSA;SRC-CYCLONEDX,
AXM-01-PROVENANCE-A-032-consent-state,01-provenance,Provenance rights consent and evidence,consent state,"Smallest independently addressable consent state unit in provenance rights consent and evidence, intended to be typed, referenced, transformed or validated without requiring a whole finished asset.",cross-standard,candidate,research-seed,SRC-PROV;SRC-SPDX;SRC-SLSA;SRC-CYCLONEDX,
AXM-01-PROVENANCE-A-033-evidence-confidence,01-provenance,Provenance rights consent and evidence,evidence confidence,"Smallest independently addressable evidence confidence unit in provenance rights consent and evidence, intended to be typed, referenced, transformed or validated without requiring a whole finished asset.",cross-standard,candidate,research-seed,SRC-PROV;SRC-SPDX;SRC-SLSA;SRC-CYCLONEDX,
AXM-01-PROVENANCE-A-034-source-integrity-state,01-provenance,Provenance rights consent and evidence,source integrity state,"Smallest independently addressable source integrity state unit in provenance rights consent and evidence, intended to be typed, referenced, transformed or validated without requiring a whole finished asset.",cross-standard,candidate,research-seed,SRC-PROV;SRC-SPDX;SRC-SLSA;SRC-CYCLONEDX,
AXM-01-PROVENANCE-A-035-transformation-record-reference,01-provenance,Provenance rights consent and evidence,transformation record reference,"Smallest independently addressable transformation record reference unit in provenance rights consent and evidence, intended to be typed, referenced, transformed or validated without requiring a whole finished asset.",cross-standard,candidate,research-seed,SRC-PROV;SRC-SPDX;SRC-SLSA;SRC-CYCLONEDX,
AXM-02-DATA-MATH-A-001-bit,02-data-math,Data mathematical and structural primitives,bit,"Smallest independently addressable bit unit in data mathematical and structural primitives, intended to be typed, referenced, transformed or validated without requiring a whole finished asset.",cross-standard,candidate,research-seed,SRC-JSONSCHEMA;SRC-RDF;SRC-ONNX;SRC-CSSVALUES,
AXM-02-DATA-MATH-A-002-byte,02-data-math,Data mathematical and structural primitives,byte,"Smallest independently addressable byte unit in data mathematical and structural primitives, intended to be typed, referenced, transformed or validated without requiring a whole finished asset.",cross-standard,candidate,research-seed,SRC-JSONSCHEMA;SRC-RDF;SRC-ONNX;SRC-CSSVALUES,
AXM-02-DATA-MATH-A-003-symbol,02-data-math,Data mathematical and structural primitives,symbol,"Smallest independently addressable symbol unit in data mathematical and structural primitives, intended to be typed, referenced, transformed or validated without requiring a whole finished asset.",cross-standard,candidate,research-seed,SRC-JSONSCHEMA;SRC-RDF;SRC-ONNX;SRC-CSSVALUES,
AXM-02-DATA-MATH-A-004-scalar,02-data-math,Data mathematical and structural primitives,scalar,"Smallest independently addressable scalar unit in data mathematical and structural primitives, intended to be typed, referenced, transformed or validated without requiring a whole finished asset.",cross-standard,candidate,research-seed,SRC-JSONSCHEMA;SRC-RDF;SRC-ONNX;SRC-CSSVALUES,
AXM-02-DATA-MATH-A-005-vector-element,02-data-math,Data mathematical and structural primitives,vector element,"Smallest independently addressable vector element unit in data mathematical and structural primitives, intended to be typed, referenced, transformed or validated without requiring a whole finished asset.",cross-standard,candidate,research-seed,SRC-JSONSCHEMA;SRC-RDF;SRC-ONNX;SRC-CSSVALUES,
AXM-02-DATA-MATH-A-006-matrix-element,02-data-math,Data mathematical and structural primitives,matrix element,"Smallest independently addressable matrix element unit in data mathematical and structural primitives, intended to be typed, referenced, transformed or validated without requiring a whole finished asset.",cross-standard,candidate,research-seed,SRC-JSONSCHEMA;SRC-RDF;SRC-ONNX;SRC-CSSVALUES,
AXM-02-DATA-MATH-A-007-tensor-element,02-data-math,Data mathematical and structural primitives,tensor element,"Smallest independently addressable tensor element unit in data mathematical and structural primitives, intended to be typed, referenced, transformed or validated without requiring a whole finished asset.",cross-standard,candidate,research-seed,SRC-JSONSCHEMA;SRC-RDF;SRC-ONNX;SRC-CSSVALUES,
AXM-02-DATA-MATH-A-008-tensor-index,02-data-math,Data mathematical and structural primitives,tensor index,"Smallest independently addressable tensor index unit in data mathematical and structural primitives, intended to be typed, referenced, transformed or validated without requiring a whole finished asset.",cross-standard,candidate,research-seed,SRC-JSONSCHEMA;SRC-RDF;SRC-ONNX;SRC-CSSVALUES,
AXM-02-DATA-MATH-A-009-coordinate,02-data-math,Data mathematical and structural primitives,coordinate,"Smallest independently addressable coordinate unit in data mathematical and structural primitives, intended to be typed, referenced, transformed or validated without requiring a whole finished asset.",cross-standard,candidate,research-seed,SRC-JSONSCHEMA;SRC-RDF;SRC-ONNX;SRC-CSSVALUES,
AXM-02-DATA-MATH-A-010-axis,02-data-math,Data mathematical and structural primitives,axis,"Smallest independently addressable axis unit in data mathematical and structural primitives, intended to be typed, referenced, transformed or validated without requiring a whole finished asset.",cross-standard,candidate,research-seed,SRC-JSONSCHEMA;SRC-RDF;SRC-ONNX;SRC-CSSVALUES,
AXM-02-DATA-MATH-A-011-origin,02-data-math,Data mathematical and structural primitives,origin,"Smallest independently addressable origin unit in data mathematical and structural primitives, intended to be typed, referenced, transformed or validated without requiring a whole finished asset.",cross-standard,candidate,research-seed,SRC-JSONSCHEMA;SRC-RDF;SRC-ONNX;SRC-CSSVALUES,
AXM-02-DATA-MATH-A-012-basis-vector,02-data-math,Data mathematical and structural primitives,basis vector,"Smallest independently addressable basis vector unit in data mathematical and structural primitives, intended to be typed, referenced, transformed or validated without requiring a whole finished asset.",cross-standard,candidate,research-seed,SRC-JSONSCHEMA;SRC-RDF;SRC-ONNX;SRC-CSSVALUES,
AXM-02-DATA-MATH-A-013-quaternion-component,02-data-math,Data mathematical and structural primitives,quaternion component,"Smallest independently addressable quaternion component unit in data mathematical and structural primitives, intended to be typed, referenced, transformed or validated without requiring a whole finished asset.",cross-standard,candidate,research-seed,SRC-JSONSCHEMA;SRC-RDF;SRC-ONNX;SRC-CSSVALUES,
AXM-02-DATA-MATH-A-014-complex-number-component,02-data-math,Data mathematical and structural primitives,complex-number component,"Smallest independently addressable complex-number component unit in data mathematical and structural primitives, intended to be typed, referenced, transformed or validated without requiring a whole finished asset.",cross-standard,candidate,research-seed,SRC-JSONSCHEMA;SRC-RDF;SRC-ONNX;SRC-CSSVALUES,
AXM-02-DATA-MATH-A-015-interval-endpoint,02-data-math,Data mathematical and structural primitives,interval endpoint,"Smallest independently addressable interval endpoint unit in data mathematical and structural primitives, intended to be typed, referenced, transformed or validated without requiring a whole finished asset.",cross-standard,candidate,research-seed,SRC-JSONSCHEMA;SRC-RDF;SRC-ONNX;SRC-CSSVALUES,
AXM-02-DATA-MATH-A-016-range-endpoint,02-data-math,Data mathematical and structural primitives,range endpoint,"Smallest independently addressable range endpoint unit in data mathematical and structural primitives, intended to be typed, referenced, transformed or validated without requiring a whole finished asset.",cross-standard,candidate,research-seed,SRC-JSONSCHEMA;SRC-RDF;SRC-ONNX;SRC-CSSVALUES,
AXM-02-DATA-MATH-A-017-set-member,02-data-math,Data mathematical and structural primitives,set member,"Smallest independently addressable set member unit in data mathematical and structural primitives, intended to be typed, referenced, transformed or validated without requiring a whole finished asset.",cross-standard,candidate,research-seed,SRC-JSONSCHEMA;SRC-RDF;SRC-ONNX;SRC-CSSVALUES,
AXM-02-DATA-MATH-A-018-tuple-item,02-data-math,Data mathematical and structural primitives,tuple item,"Smallest independently addressable tuple item unit in data mathematical and structural primitives, intended to be typed, referenced, transformed or validated without requiring a whole finished asset.",cross-standard,candidate,research-seed,SRC-JSONSCHEMA;SRC-RDF;SRC-ONNX;SRC-CSSVALUES,
AXM-02-DATA-MATH-A-019-key,02-data-math,Data mathematical and structural primitives,key,"Smallest independently addressable key unit in data mathematical and structural primitives, intended to be typed, referenced, transformed or validated without requiring a whole finished asset.",cross-standard,candidate,research-seed,SRC-JSONSCHEMA;SRC-RDF;SRC-ONNX;SRC-CSSVALUES,
AXM-02-DATA-MATH-A-020-value,02-data-math,Data mathematical and structural primitives,value,"Smallest independently addressable value unit in data mathematical and structural primitives, intended to be typed, referenced, transformed or validated without requiring a whole finished asset.",cross-standard,candidate,research-seed,SRC-JSONSCHEMA;SRC-RDF;SRC-ONNX;SRC-CSSVALUES,
AXM-02-DATA-MATH-A-021-pair,02-data-math,Data mathematical and structural primitives,pair,"Smallest independently addressable pair unit in data mathematical and structural primitives, intended to be typed, referenced, transformed or validated without requiring a whole finished asset.",cross-standard,candidate,research-seed,SRC-JSONSCHEMA;SRC-RDF;SRC-ONNX;SRC-CSSVALUES,
AXM-02-DATA-MATH-A-022-row-value,02-data-math,Data mathematical and structural primitives,row value,"Smallest independently addressable row value unit in data mathematical and structural primitives, intended to be typed, referenced, transformed or validated without requiring a whole finished asset.",cross-standard,candidate,research-seed,SRC-JSONSCHEMA;SRC-RDF;SRC-ONNX;SRC-CSSVALUES,
AXM-02-DATA-MATH-A-023-column-value,02-data-math,Data mathematical and structural primitives,column value,"Smallest independently addressable column value unit in data mathematical and structural primitives, intended to be typed, referenced, transformed or validated without requiring a whole finished asset.",cross-standard,candidate,research-seed,SRC-JSONSCHEMA;SRC-RDF;SRC-ONNX;SRC-CSSVALUES,
AXM-02-DATA-MATH-A-024-cell,02-data-math,Data mathematical and structural primitives,cell,"Smallest independently addressable cell unit in data mathematical and structural primitives, intended to be typed, referenced, transformed or validated without requiring a whole finished asset.",cross-standard,candidate,research-seed,SRC-JSONSCHEMA;SRC-RDF;SRC-ONNX;SRC-CSSVALUES,
AXM-02-DATA-MATH-A-025-field,02-data-math,Data mathematical and structural primitives,field,"Smallest independently addressable field unit in data mathematical and structural primitives, intended to be typed, referenced, transformed or validated without requiring a whole finished asset.",cross-standard,candidate,research-seed,SRC-JSONSCHEMA;SRC-RDF;SRC-ONNX;SRC-CSSVALUES,
AXM-02-DATA-MATH-A-026-tag,02-data-math,Data mathematical and structural primitives,tag,"Smallest independently addressable tag unit in data mathematical and structural primitives, intended to be typed, referenced, transformed or validated without requiring a whole finished asset.",cross-standard,candidate,research-seed,SRC-JSONSCHEMA;SRC-RDF;SRC-ONNX;SRC-CSSVALUES,
AXM-02-DATA-MATH-A-027-label,02-data-math,Data mathematical and structural primitives,label,"Smallest independently addressable label unit in data mathematical and structural primitives, intended to be typed, referenced, transformed or validated without requiring a whole finished asset.",cross-standard,candidate,research-seed,SRC-JSONSCHEMA;SRC-RDF;SRC-ONNX;SRC-CSSVALUES,
AXM-02-DATA-MATH-A-028-sample,02-data-math,Data mathematical and structural primitives,sample,"Smallest independently addressable sample unit in data mathematical and structural primitives, intended to be typed, referenced, transformed or validated without requiring a whole finished asset.",cross-standard,candidate,research-seed,SRC-JSONSCHEMA;SRC-RDF;SRC-ONNX;SRC-CSSVALUES,
AXM-02-DATA-MATH-A-029-distribution-parameter,02-data-math,Data mathematical and structural primitives,distribution parameter,"Smallest independently addressable distribution parameter unit in data mathematical and structural primitives, intended to be typed, referenced, transformed or validated without requiring a whole finished asset.",cross-standard,candidate,research-seed,SRC-JSONSCHEMA;SRC-RDF;SRC-ONNX;SRC-CSSVALUES,
AXM-02-DATA-MATH-A-030-probability,02-data-math,Data mathematical and structural primitives,probability,"Smallest independently addressable probability unit in data mathematical and structural primitives, intended to be typed, referenced, transformed or validated without requiring a whole finished asset.",cross-standard,candidate,research-seed,SRC-JSONSCHEMA;SRC-RDF;SRC-ONNX;SRC-CSSVALUES,
AXM-02-DATA-MATH-A-031-weight,02-data-math,Data mathematical and structural primitives,weight,"Smallest independently addressable weight unit in data mathematical and structural primitives, intended to be typed, referenced, transformed or validated without requiring a whole finished asset.",cross-standard,candidate,research-seed,SRC-JSONSCHEMA;SRC-RDF;SRC-ONNX;SRC-CSSVALUES,
AXM-02-DATA-MATH-A-032-rank,02-data-math,Data mathematical and structural primitives,rank,"Smallest independently addressable rank unit in data mathematical and structural primitives, intended to be typed, referenced, transformed or validated without requiring a whole finished asset.",cross-standard,candidate,research-seed,SRC-JSONSCHEMA;SRC-RDF;SRC-ONNX;SRC-CSSVALUES,
AXM-02-DATA-MATH-A-033-shape-dimension,02-data-math,Data mathematical and structural primitives,shape dimension,"Smallest independently addressable shape dimension unit in data mathematical and structural primitives, intended to be typed, referenced, transformed or validated without requiring a whole finished asset.",cross-standard,candidate,research-seed,SRC-JSONSCHEMA;SRC-RDF;SRC-ONNX;SRC-CSSVALUES,
AXM-02-DATA-MATH-A-034-stride,02-data-math,Data mathematical and structural primitives,stride,"Smallest independently addressable stride unit in data mathematical and structural primitives, intended to be typed, referenced, transformed or validated without requiring a whole finished asset.",cross-standard,candidate,research-seed,SRC-JSONSCHEMA;SRC-RDF;SRC-ONNX;SRC-CSSVALUES,
AXM-02-DATA-MATH-A-035-mask-value,02-data-math,Data mathematical and structural primitives,mask value,"Smallest independently addressable mask value unit in data mathematical and structural primitives, intended to be typed, referenced, transformed or validated without requiring a whole finished asset.",cross-standard,candidate,research-seed,SRC-JSONSCHEMA;SRC-RDF;SRC-ONNX;SRC-CSSVALUES,
AXM-02-DATA-MATH-A-036-missing-value,02-data-math,Data mathematical and structural primitives,missing value,"Smallest independently addressable missing value unit in data mathematical and structural primitives, intended to be typed, referenced, transformed or validated without requiring a whole finished asset.",cross-standard,candidate,research-seed,SRC-JSONSCHEMA;SRC-RDF;SRC-ONNX;SRC-CSSVALUES,
AXM-02-DATA-MATH-A-037-uncertainty-value,02-data-math,Data mathematical and structural primitives,uncertainty value,"Smallest independently addressable uncertainty value unit in data mathematical and structural primitives, intended to be typed, referenced, transformed or validated without requiring a whole finished asset.",cross-standard,candidate,research-seed,SRC-JSONSCHEMA;SRC-RDF;SRC-ONNX;SRC-CSSVALUES,
AXM-02-DATA-MATH-A-038-error-bound,02-data-math,Data mathematical and structural primitives,error bound,"Smallest independently addressable error bound unit in data mathematical and structural primitives, intended to be typed, referenced, transformed or validated without requiring a whole finished asset.",cross-standard,candidate,research-seed,SRC-JSONSCHEMA;SRC-RDF;SRC-ONNX;SRC-CSSVALUES,
AXM-02-DATA-MATH-A-039-unit-conversion-factor,02-data-math,Data mathematical and structural primitives,unit conversion factor,"Smallest independently addressable unit conversion factor unit in data mathematical and structural primitives, intended to be typed, referenced, transformed or validated without requiring a whole finished asset.",cross-standard,candidate,research-seed,SRC-JSONSCHEMA;SRC-RDF;SRC-ONNX;SRC-CSSVALUES,
AXM-02-DATA-MATH-A-040-formula-token,02-data-math,Data mathematical and structural primitives,formula token,"Smallest independently addressable formula token unit in data mathematical and structural primitives, intended to be typed, referenced, transformed or validated without requiring a whole finished asset.",cross-standard,candidate,research-seed,SRC-JSONSCHEMA;SRC-RDF;SRC-ONNX;SRC-CSSVALUES,
AXM-02-DATA-MATH-A-041-operator,02-data-math,Data mathematical and structural primitives,operator,"Smallest independently addressable operator unit in data mathematical and structural primitives, intended to be typed, referenced, transformed or validated without requiring a whole finished asset.",cross-standard,candidate,research-seed,SRC-JSONSCHEMA;SRC-RDF;SRC-ONNX;SRC-CSSVALUES,
AXM-02-DATA-MATH-A-042-operand,02-data-math,Data mathematical and structural primitives,operand,"Smallest independently addressable operand unit in data mathematical and structural primitives, intended to be typed, referenced, transformed or validated without requiring a whole finished asset.",cross-standard,candidate,research-seed,SRC-JSONSCHEMA;SRC-RDF;SRC-ONNX;SRC-CSSVALUES,
AXM-02-DATA-MATH-A-043-sign,02-data-math,Data mathematical and structural primitives,sign,"Smallest independently addressable sign unit in data mathematical and structural primitives, intended to be typed, referenced, transformed or validated without requiring a whole finished asset.",cross-standard,candidate,research-seed,SRC-JSONSCHEMA;SRC-RDF;SRC-ONNX;SRC-CSSVALUES,
AXM-02-DATA-MATH-A-044-magnitude,02-data-math,Data mathematical and structural primitives,magnitude,"Smallest independently addressable magnitude unit in data mathematical and structural primitives, intended to be typed, referenced, transformed or validated without requiring a whole finished asset.",cross-standard,candidate,research-seed,SRC-JSONSCHEMA;SRC-RDF;SRC-ONNX;SRC-CSSVALUES,
AXM-02-DATA-MATH-A-045-exponent,02-data-math,Data mathematical and structural primitives,exponent,"Smallest independently addressable exponent unit in data mathematical and structural primitives, intended to be typed, referenced, transformed or validated without requiring a whole finished asset.",cross-standard,candidate,research-seed,SRC-JSONSCHEMA;SRC-RDF;SRC-ONNX;SRC-CSSVALUES,
AXM-02-DATA-MATH-A-046-precision,02-data-math,Data mathematical and structural primitives,precision,"Smallest independently addressable precision unit in data mathematical and structural primitives, intended to be typed, referenced, transformed or validated without requiring a whole finished asset.",cross-standard,candidate,research-seed,SRC-JSONSCHEMA;SRC-RDF;SRC-ONNX;SRC-CSSVALUES,
AXM-02-DATA-MATH-A-047-scale-factor,02-data-math,Data mathematical and structural primitives,scale factor,"Smallest independently addressable scale factor unit in data mathematical and structural primitives, intended to be typed, referenced, transformed or validated without requiring a whole finished asset.",cross-standard,candidate,research-seed,SRC-JSONSCHEMA;SRC-RDF;SRC-ONNX;SRC-CSSVALUES,
AXM-03-TIME-STATE-EVENT-A-001-clock-tick,03-time-state-event,Time state event and workflow,clock tick,"Smallest independently addressable clock tick unit in time state event and workflow, intended to be typed, referenced, transformed or validated without requiring a whole finished asset.",cross-standard,candidate,research-seed,SRC-SCXML;SRC-OTIO;SRC-WEBVTT;SRC-BPMN;SRC-OTEL,
AXM-03-TIME-STATE-EVENT-A-002-timecode,03-time-state-event,Time state event and workflow,timecode,"Smallest independently addressable timecode unit in time state event and workflow, intended to be typed, referenced, transformed or validated without requiring a whole finished asset.",cross-standard,candidate,research-seed,SRC-SCXML;SRC-OTIO;SRC-WEBVTT;SRC-BPMN;SRC-OTEL,
AXM-03-TIME-STATE-EVENT-A-003-frame-number,03-time-state-event,Time state event and workflow,frame number,"Smallest independently addressable frame number unit in time state event and workflow, intended to be typed, referenced, transformed or validated without requiring a whole finished asset.",cross-standard,candidate,research-seed,SRC-SCXML;SRC-OTIO;SRC-WEBVTT;SRC-BPMN;SRC-OTEL,
AXM-03-TIME-STATE-EVENT-A-004-timestamp,03-time-state-event,Time state event and workflow,timestamp,"Smallest independently addressable timestamp unit in time state event and workflow, intended to be typed, referenced, transformed or validated without requiring a whole finished asset.",cross-standard,candidate,research-seed,SRC-SCXML;SRC-OTIO;SRC-WEBVTT;SRC-BPMN;SRC-OTEL,
AXM-03-TIME-STATE-EVENT-A-005-duration,03-time-state-event,Time state event and workflow,duration,"Smallest independently addressable duration unit in time state event and workflow, intended to be typed, referenced, transformed or validated without requiring a whole finished asset.",cross-standard,candidate,research-seed,SRC-SCXML;SRC-OTIO;SRC-WEBVTT;SRC-BPMN;SRC-OTEL,
AXM-03-TIME-STATE-EVENT-A-006-temporal-offset,03-time-state-event,Time state event and workflow,temporal offset,"Smallest independently addressable temporal offset unit in time state event and workflow, intended to be typed, referenced, transformed or validated without requiring a whole finished asset.",cross-standard,candidate,research-seed,SRC-SCXML;SRC-OTIO;SRC-WEBVTT;SRC-BPMN;SRC-OTEL,
AXM-03-TIME-STATE-EVENT-A-007-rate,03-time-state-event,Time state event and workflow,rate,"Smallest independently addressable rate unit in time state event and workflow, intended to be typed, referenced, transformed or validated without requiring a whole finished asset.",cross-standard,candidate,research-seed,SRC-SCXML;SRC-OTIO;SRC-WEBVTT;SRC-BPMN;SRC-OTEL,
AXM-03-TIME-STATE-EVENT-A-008-event,03-time-state-event,Time state event and workflow,event,"Smallest independently addressable event unit in time state event and workflow, intended to be typed, referenced, transformed or validated without requiring a whole finished asset.",cross-standard,candidate,research-seed,SRC-SCXML;SRC-OTIO;SRC-WEBVTT;SRC-BPMN;SRC-OTEL,
AXM-03-TIME-STATE-EVENT-A-009-event-type,03-time-state-event,Time state event and workflow,event type,"Smallest independently addressable event type unit in time state event and workflow, intended to be typed, referenced, transformed or validated without requiring a whole finished asset.",cross-standard,candidate,research-seed,SRC-SCXML;SRC-OTIO;SRC-WEBVTT;SRC-BPMN;SRC-OTEL,
AXM-03-TIME-STATE-EVENT-A-010-event-payload-field,03-time-state-event,Time state event and workflow,event payload field,"Smallest independently addressable event payload field unit in time state event and workflow, intended to be typed, referenced, transformed or validated without requiring a whole finished asset.",cross-standard,candidate,research-seed,SRC-SCXML;SRC-OTIO;SRC-WEBVTT;SRC-BPMN;SRC-OTEL,
AXM-03-TIME-STATE-EVENT-A-011-state,03-time-state-event,Time state event and workflow,state,"Smallest independently addressable state unit in time state event and workflow, intended to be typed, referenced, transformed or validated without requiring a whole finished asset.",cross-standard,candidate,research-seed,SRC-SCXML;SRC-OTIO;SRC-WEBVTT;SRC-BPMN;SRC-OTEL,
AXM-03-TIME-STATE-EVENT-A-012-state-variable,03-time-state-event,Time state event and workflow,state variable,"Smallest independently addressable state variable unit in time state event and workflow, intended to be typed, referenced, transformed or validated without requiring a whole finished asset.",cross-standard,candidate,research-seed,SRC-SCXML;SRC-OTIO;SRC-WEBVTT;SRC-BPMN;SRC-OTEL,
AXM-03-TIME-STATE-EVENT-A-013-transition,03-time-state-event,Time state event and workflow,transition,"Smallest independently addressable transition unit in time state event and workflow, intended to be typed, referenced, transformed or validated without requiring a whole finished asset.",cross-standard,candidate,research-seed,SRC-SCXML;SRC-OTIO;SRC-WEBVTT;SRC-BPMN;SRC-OTEL,
AXM-03-TIME-STATE-EVENT-A-014-condition,03-time-state-event,Time state event and workflow,condition,"Smallest independently addressable condition unit in time state event and workflow, intended to be typed, referenced, transformed or validated without requiring a whole finished asset.",cross-standard,candidate,research-seed,SRC-SCXML;SRC-OTIO;SRC-WEBVTT;SRC-BPMN;SRC-OTEL,
AXM-03-TIME-STATE-EVENT-A-015-guard,03-time-state-event,Time state event and workflow,guard,"Smallest independently addressable guard unit in time state event and workflow, intended to be typed, referenced, transformed or validated without requiring a whole finished asset.",cross-standard,candidate,research-seed,SRC-SCXML;SRC-OTIO;SRC-WEBVTT;SRC-BPMN;SRC-OTEL,
AXM-03-TIME-STATE-EVENT-A-016-action,03-time-state-event,Time state event and workflow,action,"Smallest independently addressable action unit in time state event and workflow, intended to be typed, referenced, transformed or validated without requiring a whole finished asset.",cross-standard,candidate,research-seed,SRC-SCXML;SRC-OTIO;SRC-WEBVTT;SRC-BPMN;SRC-OTEL,
AXM-03-TIME-STATE-EVENT-A-017-trigger,03-time-state-event,Time state event and workflow,trigger,"Smallest independently addressable trigger unit in time state event and workflow, intended to be typed, referenced, transformed or validated without requiring a whole finished asset.",cross-standard,candidate,research-seed,SRC-SCXML;SRC-OTIO;SRC-WEBVTT;SRC-BPMN;SRC-OTEL,
AXM-03-TIME-STATE-EVENT-A-018-signal,03-time-state-event,Time state event and workflow,signal,"Smallest independently addressable signal unit in time state event and workflow, intended to be typed, referenced, transformed or validated without requiring a whole finished asset.",cross-standard,candidate,research-seed,SRC-SCXML;SRC-OTIO;SRC-WEBVTT;SRC-BPMN;SRC-OTEL,
AXM-03-TIME-STATE-EVENT-A-019-message,03-time-state-event,Time state event and workflow,message,"Smallest independently addressable message unit in time state event and workflow, intended to be typed, referenced, transformed or validated without requiring a whole finished asset.",cross-standard,candidate,research-seed,SRC-SCXML;SRC-OTIO;SRC-WEBVTT;SRC-BPMN;SRC-OTEL,
AXM-03-TIME-STATE-EVENT-A-020-cue,03-time-state-event,Time state event and workflow,cue,"Smallest independently addressable cue unit in time state event and workflow, intended to be typed, referenced, transformed or validated without requiring a whole finished asset.",cross-standard,candidate,research-seed,SRC-SCXML;SRC-OTIO;SRC-WEBVTT;SRC-BPMN;SRC-OTEL,
AXM-03-TIME-STATE-EVENT-A-021-marker,03-time-state-event,Time state event and workflow,marker,"Smallest independently addressable marker unit in time state event and workflow, intended to be typed, referenced, transformed or validated without requiring a whole finished asset.",cross-standard,candidate,research-seed,SRC-SCXML;SRC-OTIO;SRC-WEBVTT;SRC-BPMN;SRC-OTEL,
AXM-03-TIME-STATE-EVENT-A-022-keyframe-time,03-time-state-event,Time state event and workflow,keyframe time,"Smallest independently addressable keyframe time unit in time state event and workflow, intended to be typed, referenced, transformed or validated without requiring a whole finished asset.",cross-standard,candidate,research-seed,SRC-SCXML;SRC-OTIO;SRC-WEBVTT;SRC-BPMN;SRC-OTEL,
AXM-03-TIME-STATE-EVENT-A-023-synchronization-point,03-time-state-event,Time state event and workflow,synchronization point,"Smallest independently addressable synchronization point unit in time state event and workflow, intended to be typed, referenced, transformed or validated without requiring a whole finished asset.",cross-standard,candidate,research-seed,SRC-SCXML;SRC-OTIO;SRC-WEBVTT;SRC-BPMN;SRC-OTEL,
AXM-03-TIME-STATE-EVENT-A-024-deadline,03-time-state-event,Time state event and workflow,deadline,"Smallest independently addressable deadline unit in time state event and workflow, intended to be typed, referenced, transformed or validated without requiring a whole finished asset.",cross-standard,candidate,research-seed,SRC-SCXML;SRC-OTIO;SRC-WEBVTT;SRC-BPMN;SRC-OTEL,
AXM-03-TIME-STATE-EVENT-A-025-recurrence-rule,03-time-state-event,Time state event and workflow,recurrence rule,"Smallest independently addressable recurrence rule unit in time state event and workflow, intended to be typed, referenced, transformed or validated without requiring a whole finished asset.",cross-standard,candidate,research-seed,SRC-SCXML;SRC-OTIO;SRC-WEBVTT;SRC-BPMN;SRC-OTEL,
AXM-03-TIME-STATE-EVENT-A-026-timeout,03-time-state-event,Time state event and workflow,timeout,"Smallest independently addressable timeout unit in time state event and workflow, intended to be typed, referenced, transformed or validated without requiring a whole finished asset.",cross-standard,candidate,research-seed,SRC-SCXML;SRC-OTIO;SRC-WEBVTT;SRC-BPMN;SRC-OTEL,
AXM-03-TIME-STATE-EVENT-A-027-retry-count,03-time-state-event,Time state event and workflow,retry count,"Smallest independently addressable retry count unit in time state event and workflow, intended to be typed, referenced, transformed or validated without requiring a whole finished asset.",cross-standard,candidate,research-seed,SRC-SCXML;SRC-OTIO;SRC-WEBVTT;SRC-BPMN;SRC-OTEL,
AXM-03-TIME-STATE-EVENT-A-028-sequence-number,03-time-state-event,Time state event and workflow,sequence number,"Smallest independently addressable sequence number unit in time state event and workflow, intended to be typed, referenced, transformed or validated without requiring a whole finished asset.",cross-standard,candidate,research-seed,SRC-SCXML;SRC-OTIO;SRC-WEBVTT;SRC-BPMN;SRC-OTEL,
AXM-03-TIME-STATE-EVENT-A-029-correlation-identifier,03-time-state-event,Time state event and workflow,correlation identifier,"Smallest independently addressable correlation identifier unit in time state event and workflow, intended to be typed, referenced, transformed or validated without requiring a whole finished asset.",cross-standard,candidate,research-seed,SRC-SCXML;SRC-OTIO;SRC-WEBVTT;SRC-BPMN;SRC-OTEL,
AXM-03-TIME-STATE-EVENT-A-030-workflow-token,03-time-state-event,Time state event and workflow,workflow token,"Smallest independently addressable workflow token unit in time state event and workflow, intended to be typed, referenced, transformed or validated without requiring a whole finished asset.",cross-standard,candidate,research-seed,SRC-SCXML;SRC-OTIO;SRC-WEBVTT;SRC-BPMN;SRC-OTEL,
AXM-03-TIME-STATE-EVENT-A-031-success-criterion,03-time-state-event,Time state event and workflow,success criterion,"Smallest independently addressable success criterion unit in time state event and workflow, intended to be typed, referenced, transformed or validated without requiring a whole finished asset.",cross-standard,candidate,research-seed,SRC-SCXML;SRC-OTIO;SRC-WEBVTT;SRC-BPMN;SRC-OTEL,
AXM-03-TIME-STATE-EVENT-A-032-failure-criterion,03-time-state-event,Time state event and workflow,failure criterion,"Smallest independently addressable failure criterion unit in time state event and workflow, intended to be typed, referenced, transformed or validated without requiring a whole finished asset.",cross-standard,candidate,research-seed,SRC-SCXML;SRC-OTIO;SRC-WEBVTT;SRC-BPMN;SRC-OTEL,
AXM-04-TEXT-LANGUAGE-A-001-unicode-code-point,04-text-language,Text language typography speech notation and localization,Unicode code point,"Smallest independently addressable Unicode code point unit in text language typography speech notation and localization, intended to be typed, referenced, transformed or validated without requiring a whole finished asset.",cross-standard,candidate,research-seed,SRC-OPENTYPE;SRC-LDML;SRC-HTML;SRC-EPUB;SRC-WEBVTT;SRC-TOKENIZERS,
AXM-04-TEXT-LANGUAGE-A-002-grapheme-cluster,04-text-language,Text language typography speech notation and localization,grapheme cluster,"Smallest independently addressable grapheme cluster unit in text language typography speech notation and localization, intended to be typed, referenced, transformed or validated without requiring a whole finished asset.",cross-standard,candidate,research-seed,SRC-OPENTYPE;SRC-LDML;SRC-HTML;SRC-EPUB;SRC-WEBVTT;SRC-TOKENIZERS,
AXM-04-TEXT-LANGUAGE-A-003-glyph-identifier,04-text-language,Text language typography speech notation and localization,glyph identifier,"Smallest independently addressable glyph identifier unit in text language typography speech notation and localization, intended to be typed, referenced, transformed or validated without requiring a whole finished asset.",cross-standard,candidate,research-seed,SRC-OPENTYPE;SRC-LDML;SRC-HTML;SRC-EPUB;SRC-WEBVTT;SRC-TOKENIZERS,
AXM-04-TEXT-LANGUAGE-A-004-character,04-text-language,Text language typography speech notation and localization,character,"Smallest independently addressable character unit in text language typography speech notation and localization, intended to be typed, referenced, transformed or validated without requiring a whole finished asset.",cross-standard,candidate,research-seed,SRC-OPENTYPE;SRC-LDML;SRC-HTML;SRC-EPUB;SRC-WEBVTT;SRC-TOKENIZERS,
AXM-04-TEXT-LANGUAGE-A-005-whitespace,04-text-language,Text language typography speech notation and localization,whitespace,"Smallest independently addressable whitespace unit in text language typography speech notation and localization, intended to be typed, referenced, transformed or validated without requiring a whole finished asset.",cross-standard,candidate,research-seed,SRC-OPENTYPE;SRC-LDML;SRC-HTML;SRC-EPUB;SRC-WEBVTT;SRC-TOKENIZERS,
AXM-04-TEXT-LANGUAGE-A-006-line-break,04-text-language,Text language typography speech notation and localization,line break,"Smallest independently addressable line break unit in text language typography speech notation and localization, intended to be typed, referenced, transformed or validated without requiring a whole finished asset.",cross-standard,candidate,research-seed,SRC-OPENTYPE;SRC-LDML;SRC-HTML;SRC-EPUB;SRC-WEBVTT;SRC-TOKENIZERS,
AXM-04-TEXT-LANGUAGE-A-007-word-token,04-text-language,Text language typography speech notation and localization,word token,"Smallest independently addressable word token unit in text language typography speech notation and localization, intended to be typed, referenced, transformed or validated without requiring a whole finished asset.",cross-standard,candidate,research-seed,SRC-OPENTYPE;SRC-LDML;SRC-HTML;SRC-EPUB;SRC-WEBVTT;SRC-TOKENIZERS,
AXM-04-TEXT-LANGUAGE-A-008-subword-token,04-text-language,Text language typography speech notation and localization,subword token,"Smallest independently addressable subword token unit in text language typography speech notation and localization, intended to be typed, referenced, transformed or validated without requiring a whole finished asset.",cross-standard,candidate,research-seed,SRC-OPENTYPE;SRC-LDML;SRC-HTML;SRC-EPUB;SRC-WEBVTT;SRC-TOKENIZERS,
AXM-04-TEXT-LANGUAGE-A-009-sentence-boundary,04-text-language,Text language typography speech notation and localization,sentence boundary,"Smallest independently addressable sentence boundary unit in text language typography speech notation and localization, intended to be typed, referenced, transformed or validated without requiring a whole finished asset.",cross-standard,candidate,research-seed,SRC-OPENTYPE;SRC-LDML;SRC-HTML;SRC-EPUB;SRC-WEBVTT;SRC-TOKENIZERS,
AXM-04-TEXT-LANGUAGE-A-010-paragraph-break,04-text-language,Text language typography speech notation and localization,paragraph break,"Smallest independently addressable paragraph break unit in text language typography speech notation and localization, intended to be typed, referenced, transformed or validated without requiring a whole finished asset.",cross-standard,candidate,research-seed,SRC-OPENTYPE;SRC-LDML;SRC-HTML;SRC-EPUB;SRC-WEBVTT;SRC-TOKENIZERS,
AXM-04-TEXT-LANGUAGE-A-011-punctuation-mark,04-text-language,Text language typography speech notation and localization,punctuation mark,"Smallest independently addressable punctuation mark unit in text language typography speech notation and localization, intended to be typed, referenced, transformed or validated without requiring a whole finished asset.",cross-standard,candidate,research-seed,SRC-OPENTYPE;SRC-LDML;SRC-HTML;SRC-EPUB;SRC-WEBVTT;SRC-TOKENIZERS,
AXM-04-TEXT-LANGUAGE-A-012-phoneme,04-text-language,Text language typography speech notation and localization,phoneme,"Smallest independently addressable phoneme unit in text language typography speech notation and localization, intended to be typed, referenced, transformed or validated without requiring a whole finished asset.",cross-standard,candidate,research-seed,SRC-OPENTYPE;SRC-LDML;SRC-HTML;SRC-EPUB;SRC-WEBVTT;SRC-TOKENIZERS,
AXM-04-TEXT-LANGUAGE-A-013-morpheme,04-text-language,Text language typography speech notation and localization,morpheme,"Smallest independently addressable morpheme unit in text language typography speech notation and localization, intended to be typed, referenced, transformed or validated without requiring a whole finished asset.",cross-standard,candidate,research-seed,SRC-OPENTYPE;SRC-LDML;SRC-HTML;SRC-EPUB;SRC-WEBVTT;SRC-TOKENIZERS,
AXM-04-TEXT-LANGUAGE-A-014-language-tag,04-text-language,Text language typography speech notation and localization,language tag,"Smallest independently addressable language tag unit in text language typography speech notation and localization, intended to be typed, referenced, transformed or validated without requiring a whole finished asset.",cross-standard,candidate,research-seed,SRC-OPENTYPE;SRC-LDML;SRC-HTML;SRC-EPUB;SRC-WEBVTT;SRC-TOKENIZERS,
AXM-04-TEXT-LANGUAGE-A-015-locale-tag,04-text-language,Text language typography speech notation and localization,locale tag,"Smallest independently addressable locale tag unit in text language typography speech notation and localization, intended to be typed, referenced, transformed or validated without requiring a whole finished asset.",cross-standard,candidate,research-seed,SRC-OPENTYPE;SRC-LDML;SRC-HTML;SRC-EPUB;SRC-WEBVTT;SRC-TOKENIZERS,
AXM-04-TEXT-LANGUAGE-A-016-script-tag,04-text-language,Text language typography speech notation and localization,script tag,"Smallest independently addressable script tag unit in text language typography speech notation and localization, intended to be typed, referenced, transformed or validated without requiring a whole finished asset.",cross-standard,candidate,research-seed,SRC-OPENTYPE;SRC-LDML;SRC-HTML;SRC-EPUB;SRC-WEBVTT;SRC-TOKENIZERS,
AXM-04-TEXT-LANGUAGE-A-017-directionality-value,04-text-language,Text language typography speech notation and localization,directionality value,"Smallest independently addressable directionality value unit in text language typography speech notation and localization, intended to be typed, referenced, transformed or validated without requiring a whole finished asset.",cross-standard,candidate,research-seed,SRC-OPENTYPE;SRC-LDML;SRC-HTML;SRC-EPUB;SRC-WEBVTT;SRC-TOKENIZERS,
AXM-04-TEXT-LANGUAGE-A-018-plural-category,04-text-language,Text language typography speech notation and localization,plural category,"Smallest independently addressable plural category unit in text language typography speech notation and localization, intended to be typed, referenced, transformed or validated without requiring a whole finished asset.",cross-standard,candidate,research-seed,SRC-OPENTYPE;SRC-LDML;SRC-HTML;SRC-EPUB;SRC-WEBVTT;SRC-TOKENIZERS,
AXM-04-TEXT-LANGUAGE-A-019-grammatical-gender,04-text-language,Text language typography speech notation and localization,grammatical gender,"Smallest independently addressable grammatical gender unit in text language typography speech notation and localization, intended to be typed, referenced, transformed or validated without requiring a whole finished asset.",cross-standard,candidate,research-seed,SRC-OPENTYPE;SRC-LDML;SRC-HTML;SRC-EPUB;SRC-WEBVTT;SRC-TOKENIZERS,
AXM-04-TEXT-LANGUAGE-A-020-grammatical-case,04-text-language,Text language typography speech notation and localization,grammatical case,"Smallest independently addressable grammatical case unit in text language typography speech notation and localization, intended to be typed, referenced, transformed or validated without requiring a whole finished asset.",cross-standard,candidate,research-seed,SRC-OPENTYPE;SRC-LDML;SRC-HTML;SRC-EPUB;SRC-WEBVTT;SRC-TOKENIZERS,
AXM-04-TEXT-LANGUAGE-A-021-grammatical-number,04-text-language,Text language typography speech notation and localization,grammatical number,"Smallest independently addressable grammatical number unit in text language typography speech notation and localization, intended to be typed, referenced, transformed or validated without requiring a whole finished asset.",cross-standard,candidate,research-seed,SRC-OPENTYPE;SRC-LDML;SRC-HTML;SRC-EPUB;SRC-WEBVTT;SRC-TOKENIZERS,
AXM-04-TEXT-LANGUAGE-A-022-message-variable,04-text-language,Text language typography speech notation and localization,message variable,"Smallest independently addressable message variable unit in text language typography speech notation and localization, intended to be typed, referenced, transformed or validated without requiring a whole finished asset.",cross-standard,candidate,research-seed,SRC-OPENTYPE;SRC-LDML;SRC-HTML;SRC-EPUB;SRC-WEBVTT;SRC-TOKENIZERS,
AXM-04-TEXT-LANGUAGE-A-023-translation-key,04-text-language,Text language typography speech notation and localization,translation key,"Smallest independently addressable translation key unit in text language typography speech notation and localization, intended to be typed, referenced, transformed or validated without requiring a whole finished asset.",cross-standard,candidate,research-seed,SRC-OPENTYPE;SRC-LDML;SRC-HTML;SRC-EPUB;SRC-WEBVTT;SRC-TOKENIZERS,
AXM-04-TEXT-LANGUAGE-A-024-font-family-reference,04-text-language,Text language typography speech notation and localization,font family reference,"Smallest independently addressable font family reference unit in text language typography speech notation and localization, intended to be typed, referenced, transformed or validated without requiring a whole finished asset.",cross-standard,candidate,research-seed,SRC-OPENTYPE;SRC-LDML;SRC-HTML;SRC-EPUB;SRC-WEBVTT;SRC-TOKENIZERS,
AXM-04-TEXT-LANGUAGE-A-025-font-weight,04-text-language,Text language typography speech notation and localization,font weight,"Smallest independently addressable font weight unit in text language typography speech notation and localization, intended to be typed, referenced, transformed or validated without requiring a whole finished asset.",cross-standard,candidate,research-seed,SRC-OPENTYPE;SRC-LDML;SRC-HTML;SRC-EPUB;SRC-WEBVTT;SRC-TOKENIZERS,
AXM-04-TEXT-LANGUAGE-A-026-font-width,04-text-language,Text language typography speech notation and localization,font width,"Smallest independently addressable font width unit in text language typography speech notation and localization, intended to be typed, referenced, transformed or validated without requiring a whole finished asset.",cross-standard,candidate,research-seed,SRC-OPENTYPE;SRC-LDML;SRC-HTML;SRC-EPUB;SRC-WEBVTT;SRC-TOKENIZERS,
AXM-04-TEXT-LANGUAGE-A-027-font-style,04-text-language,Text language typography speech notation and localization,font style,"Smallest independently addressable font style unit in text language typography speech notation and localization, intended to be typed, referenced, transformed or validated without requiring a whole finished asset.",cross-standard,candidate,research-seed,SRC-OPENTYPE;SRC-LDML;SRC-HTML;SRC-EPUB;SRC-WEBVTT;SRC-TOKENIZERS,
AXM-04-TEXT-LANGUAGE-A-028-font-size,04-text-language,Text language typography speech notation and localization,font size,"Smallest independently addressable font size unit in text language typography speech notation and localization, intended to be typed, referenced, transformed or validated without requiring a whole finished asset.",cross-standard,candidate,research-seed,SRC-OPENTYPE;SRC-LDML;SRC-HTML;SRC-EPUB;SRC-WEBVTT;SRC-TOKENIZERS,
AXM-04-TEXT-LANGUAGE-A-029-kerning-pair,04-text-language,Text language typography speech notation and localization,kerning pair,"Smallest independently addressable kerning pair unit in text language typography speech notation and localization, intended to be typed, referenced, transformed or validated without requiring a whole finished asset.",cross-standard,candidate,research-seed,SRC-OPENTYPE;SRC-LDML;SRC-HTML;SRC-EPUB;SRC-WEBVTT;SRC-TOKENIZERS,
AXM-04-TEXT-LANGUAGE-A-030-baseline,04-text-language,Text language typography speech notation and localization,baseline,"Smallest independently addressable baseline unit in text language typography speech notation and localization, intended to be typed, referenced, transformed or validated without requiring a whole finished asset.",cross-standard,candidate,research-seed,SRC-OPENTYPE;SRC-LDML;SRC-HTML;SRC-EPUB;SRC-WEBVTT;SRC-TOKENIZERS,
AXM-04-TEXT-LANGUAGE-A-031-line-height,04-text-language,Text language typography speech notation and localization,line height,"Smallest independently addressable line height unit in text language typography speech notation and localization, intended to be typed, referenced, transformed or validated without requiring a whole finished asset.",cross-standard,candidate,research-seed,SRC-OPENTYPE;SRC-LDML;SRC-HTML;SRC-EPUB;SRC-WEBVTT;SRC-TOKENIZERS,
AXM-04-TEXT-LANGUAGE-A-032-letter-spacing,04-text-language,Text language typography speech notation and localization,letter spacing,"Smallest independently addressable letter spacing unit in text language typography speech notation and localization, intended to be typed, referenced, transformed or validated without requiring a whole finished asset.",cross-standard,candidate,research-seed,SRC-OPENTYPE;SRC-LDML;SRC-HTML;SRC-EPUB;SRC-WEBVTT;SRC-TOKENIZERS,
AXM-04-TEXT-LANGUAGE-A-033-word-spacing,04-text-language,Text language typography speech notation and localization,word spacing,"Smallest independently addressable word spacing unit in text language typography speech notation and localization, intended to be typed, referenced, transformed or validated without requiring a whole finished asset.",cross-standard,candidate,research-seed,SRC-OPENTYPE;SRC-LDML;SRC-HTML;SRC-EPUB;SRC-WEBVTT;SRC-TOKENIZERS,
AXM-04-TEXT-LANGUAGE-A-034-hyphenation-opportunity,04-text-language,Text language typography speech notation and localization,hyphenation opportunity,"Smallest independently addressable hyphenation opportunity unit in text language typography speech notation and localization, intended to be typed, referenced, transformed or validated without requiring a whole finished asset.",cross-standard,candidate,research-seed,SRC-OPENTYPE;SRC-LDML;SRC-HTML;SRC-EPUB;SRC-WEBVTT;SRC-TOKENIZERS,
AXM-04-TEXT-LANGUAGE-A-035-pronunciation-token,04-text-language,Text language typography speech notation and localization,pronunciation token,"Smallest independently addressable pronunciation token unit in text language typography speech notation and localization, intended to be typed, referenced, transformed or validated without requiring a whole finished asset.",cross-standard,candidate,research-seed,SRC-OPENTYPE;SRC-LDML;SRC-HTML;SRC-EPUB;SRC-WEBVTT;SRC-TOKENIZERS,
AXM-04-TEXT-LANGUAGE-A-036-ruby-annotation,04-text-language,Text language typography speech notation and localization,ruby annotation,"Smallest independently addressable ruby annotation unit in text language typography speech notation and localization, intended to be typed, referenced, transformed or validated without requiring a whole finished asset.",cross-standard,candidate,research-seed,SRC-OPENTYPE;SRC-LDML;SRC-HTML;SRC-EPUB;SRC-WEBVTT;SRC-TOKENIZERS,
AXM-04-TEXT-LANGUAGE-A-037-emphasis-marker,04-text-language,Text language typography speech notation and localization,emphasis marker,"Smallest independently addressable emphasis marker unit in text language typography speech notation and localization, intended to be typed, referenced, transformed or validated without requiring a whole finished asset.",cross-standard,candidate,research-seed,SRC-OPENTYPE;SRC-LDML;SRC-HTML;SRC-EPUB;SRC-WEBVTT;SRC-TOKENIZERS,
AXM-04-TEXT-LANGUAGE-A-038-semantic-text-role,04-text-language,Text language typography speech notation and localization,semantic text role,"Smallest independently addressable semantic text role unit in text language typography speech notation and localization, intended to be typed, referenced, transformed or validated without requiring a whole finished asset.",cross-standard,candidate,research-seed,SRC-OPENTYPE;SRC-LDML;SRC-HTML;SRC-EPUB;SRC-WEBVTT;SRC-TOKENIZERS,
AXM-04-TEXT-LANGUAGE-A-039-variation-axis-coordinate,04-text-language,Text language typography speech notation and localization,variation-axis coordinate,"Smallest independently addressable variation-axis coordinate unit in text language typography speech notation and localization, intended to be typed, referenced, transformed or validated without requiring a whole finished asset.",cross-standard,candidate,research-seed,SRC-OPENTYPE;SRC-LDML;SRC-HTML;SRC-EPUB;SRC-WEBVTT;SRC-TOKENIZERS,
AXM-04-TEXT-LANGUAGE-A-040-glyph-outline-point,04-text-language,Text language typography speech notation and localization,glyph outline point,"Smallest independently addressable glyph outline point unit in text language typography speech notation and localization, intended to be typed, referenced, transformed or validated without requiring a whole finished asset.",cross-standard,candidate,research-seed,SRC-OPENTYPE;SRC-LDML;SRC-HTML;SRC-EPUB;SRC-WEBVTT;SRC-TOKENIZERS,
AXM-05-CODE-GRAMMAR-A-001-source-character,05-code-grammar,Code grammar and executable program structure,source character,"Smallest independently addressable source character unit in code grammar and executable program structure, intended to be typed, referenced, transformed or validated without requiring a whole finished asset.",cross-standard,candidate,research-seed,SRC-TREESITTER;SRC-WASM;SRC-GIT;SRC-JSONSCHEMA,
AXM-05-CODE-GRAMMAR-A-002-token,05-code-grammar,Code grammar and executable program structure,token,"Smallest independently addressable token unit in code grammar and executable program structure, intended to be typed, referenced, transformed or validated without requiring a whole finished asset.",cross-standard,candidate,research-seed,SRC-TREESITTER;SRC-WASM;SRC-GIT;SRC-JSONSCHEMA,
AXM-05-CODE-GRAMMAR-A-003-keyword,05-code-grammar,Code grammar and executable program structure,keyword,"Smallest independently addressable keyword unit in code grammar and executable program structure, intended to be typed, referenced, transformed or validated without requiring a whole finished asset.",cross-standard,candidate,research-seed,SRC-TREESITTER;SRC-WASM;SRC-GIT;SRC-JSONSCHEMA,
AXM-05-CODE-GRAMMAR-A-004-identifier-token,05-code-grammar,Code grammar and executable program structure,identifier token,"Smallest independently addressable identifier token unit in code grammar and executable program structure, intended to be typed, referenced, transformed or validated without requiring a whole finished asset.",cross-standard,candidate,research-seed,SRC-TREESITTER;SRC-WASM;SRC-GIT;SRC-JSONSCHEMA,
AXM-05-CODE-GRAMMAR-A-005-literal,05-code-grammar,Code grammar and executable program structure,literal,"Smallest independently addressable literal unit in code grammar and executable program structure, intended to be typed, referenced, transformed or validated without requiring a whole finished asset.",cross-standard,candidate,research-seed,SRC-TREESITTER;SRC-WASM;SRC-GIT;SRC-JSONSCHEMA,
AXM-05-CODE-GRAMMAR-A-006-operator-token,05-code-grammar,Code grammar and executable program structure,operator token,"Smallest independently addressable operator token unit in code grammar and executable program structure, intended to be typed, referenced, transformed or validated without requiring a whole finished asset.",cross-standard,candidate,research-seed,SRC-TREESITTER;SRC-WASM;SRC-GIT;SRC-JSONSCHEMA,
AXM-05-CODE-GRAMMAR-A-007-delimiter,05-code-grammar,Code grammar and executable program structure,delimiter,"Smallest independently addressable delimiter unit in code grammar and executable program structure, intended to be typed, referenced, transformed or validated without requiring a whole finished asset.",cross-standard,candidate,research-seed,SRC-TREESITTER;SRC-WASM;SRC-GIT;SRC-JSONSCHEMA,
AXM-05-CODE-GRAMMAR-A-008-comment,05-code-grammar,Code grammar and executable program structure,comment,"Smallest independently addressable comment unit in code grammar and executable program structure, intended to be typed, referenced, transformed or validated without requiring a whole finished asset.",cross-standard,candidate,research-seed,SRC-TREESITTER;SRC-WASM;SRC-GIT;SRC-JSONSCHEMA,
AXM-05-CODE-GRAMMAR-A-009-whitespace-trivia,05-code-grammar,Code grammar and executable program structure,whitespace trivia,"Smallest independently addressable whitespace trivia unit in code grammar and executable program structure, intended to be typed, referenced, transformed or validated without requiring a whole finished asset.",cross-standard,candidate,research-seed,SRC-TREESITTER;SRC-WASM;SRC-GIT;SRC-JSONSCHEMA,
AXM-05-CODE-GRAMMAR-A-010-grammar-terminal,05-code-grammar,Code grammar and executable program structure,grammar terminal,"Smallest independently addressable grammar terminal unit in code grammar and executable program structure, intended to be typed, referenced, transformed or validated without requiring a whole finished asset.",cross-standard,candidate,research-seed,SRC-TREESITTER;SRC-WASM;SRC-GIT;SRC-JSONSCHEMA,
AXM-05-CODE-GRAMMAR-A-011-grammar-nonterminal,05-code-grammar,Code grammar and executable program structure,grammar nonterminal,"Smallest independently addressable grammar nonterminal unit in code grammar and executable program structure, intended to be typed, referenced, transformed or validated without requiring a whole finished asset.",cross-standard,candidate,research-seed,SRC-TREESITTER;SRC-WASM;SRC-GIT;SRC-JSONSCHEMA,
AXM-05-CODE-GRAMMAR-A-012-production-rule,05-code-grammar,Code grammar and executable program structure,production rule,"Smallest independently addressable production rule unit in code grammar and executable program structure, intended to be typed, referenced, transformed or validated without requiring a whole finished asset.",cross-standard,candidate,research-seed,SRC-TREESITTER;SRC-WASM;SRC-GIT;SRC-JSONSCHEMA,
AXM-05-CODE-GRAMMAR-A-013-precedence-rule,05-code-grammar,Code grammar and executable program structure,precedence rule,"Smallest independently addressable precedence rule unit in code grammar and executable program structure, intended to be typed, referenced, transformed or validated without requiring a whole finished asset.",cross-standard,candidate,research-seed,SRC-TREESITTER;SRC-WASM;SRC-GIT;SRC-JSONSCHEMA,
AXM-05-CODE-GRAMMAR-A-014-associativity-rule,05-code-grammar,Code grammar and executable program structure,associativity rule,"Smallest independently addressable associativity rule unit in code grammar and executable program structure, intended to be typed, referenced, transformed or validated without requiring a whole finished asset.",cross-standard,candidate,research-seed,SRC-TREESITTER;SRC-WASM;SRC-GIT;SRC-JSONSCHEMA,
AXM-05-CODE-GRAMMAR-A-015-parse-node,05-code-grammar,Code grammar and executable program structure,parse node,"Smallest independently addressable parse node unit in code grammar and executable program structure, intended to be typed, referenced, transformed or validated without requiring a whole finished asset.",cross-standard,candidate,research-seed,SRC-TREESITTER;SRC-WASM;SRC-GIT;SRC-JSONSCHEMA,
AXM-05-CODE-GRAMMAR-A-016-abstract-syntax-node,05-code-grammar,Code grammar and executable program structure,abstract-syntax node,"Smallest independently addressable abstract-syntax node unit in code grammar and executable program structure, intended to be typed, referenced, transformed or validated without requiring a whole finished asset.",cross-standard,candidate,research-seed,SRC-TREESITTER;SRC-WASM;SRC-GIT;SRC-JSONSCHEMA,
AXM-05-CODE-GRAMMAR-A-017-concrete-syntax-node,05-code-grammar,Code grammar and executable program structure,concrete-syntax node,"Smallest independently addressable concrete-syntax node unit in code grammar and executable program structure, intended to be typed, referenced, transformed or validated without requiring a whole finished asset.",cross-standard,candidate,research-seed,SRC-TREESITTER;SRC-WASM;SRC-GIT;SRC-JSONSCHEMA,
AXM-05-CODE-GRAMMAR-A-018-symbol,05-code-grammar,Code grammar and executable program structure,symbol,"Smallest independently addressable symbol unit in code grammar and executable program structure, intended to be typed, referenced, transformed or validated without requiring a whole finished asset.",cross-standard,candidate,research-seed,SRC-TREESITTER;SRC-WASM;SRC-GIT;SRC-JSONSCHEMA,
AXM-05-CODE-GRAMMAR-A-019-scope,05-code-grammar,Code grammar and executable program structure,scope,"Smallest independently addressable scope unit in code grammar and executable program structure, intended to be typed, referenced, transformed or validated without requiring a whole finished asset.",cross-standard,candidate,research-seed,SRC-TREESITTER;SRC-WASM;SRC-GIT;SRC-JSONSCHEMA,
AXM-05-CODE-GRAMMAR-A-020-binding,05-code-grammar,Code grammar and executable program structure,binding,"Smallest independently addressable binding unit in code grammar and executable program structure, intended to be typed, referenced, transformed or validated without requiring a whole finished asset.",cross-standard,candidate,research-seed,SRC-TREESITTER;SRC-WASM;SRC-GIT;SRC-JSONSCHEMA,
AXM-05-CODE-GRAMMAR-A-021-type,05-code-grammar,Code grammar and executable program structure,type,"Smallest independently addressable type unit in code grammar and executable program structure, intended to be typed, referenced, transformed or validated without requiring a whole finished asset.",cross-standard,candidate,research-seed,SRC-TREESITTER;SRC-WASM;SRC-GIT;SRC-JSONSCHEMA,
AXM-05-CODE-GRAMMAR-A-022-type-parameter,05-code-grammar,Code grammar and executable program structure,type parameter,"Smallest independently addressable type parameter unit in code grammar and executable program structure, intended to be typed, referenced, transformed or validated without requiring a whole finished asset.",cross-standard,candidate,research-seed,SRC-TREESITTER;SRC-WASM;SRC-GIT;SRC-JSONSCHEMA,
AXM-05-CODE-GRAMMAR-A-023-function-parameter,05-code-grammar,Code grammar and executable program structure,function parameter,"Smallest independently addressable function parameter unit in code grammar and executable program structure, intended to be typed, referenced, transformed or validated without requiring a whole finished asset.",cross-standard,candidate,research-seed,SRC-TREESITTER;SRC-WASM;SRC-GIT;SRC-JSONSCHEMA,
AXM-05-CODE-GRAMMAR-A-024-argument,05-code-grammar,Code grammar and executable program structure,argument,"Smallest independently addressable argument unit in code grammar and executable program structure, intended to be typed, referenced, transformed or validated without requiring a whole finished asset.",cross-standard,candidate,research-seed,SRC-TREESITTER;SRC-WASM;SRC-GIT;SRC-JSONSCHEMA,
AXM-05-CODE-GRAMMAR-A-025-expression,05-code-grammar,Code grammar and executable program structure,expression,"Smallest independently addressable expression unit in code grammar and executable program structure, intended to be typed, referenced, transformed or validated without requiring a whole finished asset.",cross-standard,candidate,research-seed,SRC-TREESITTER;SRC-WASM;SRC-GIT;SRC-JSONSCHEMA,
AXM-05-CODE-GRAMMAR-A-026-statement,05-code-grammar,Code grammar and executable program structure,statement,"Smallest independently addressable statement unit in code grammar and executable program structure, intended to be typed, referenced, transformed or validated without requiring a whole finished asset.",cross-standard,candidate,research-seed,SRC-TREESITTER;SRC-WASM;SRC-GIT;SRC-JSONSCHEMA,
AXM-05-CODE-GRAMMAR-A-027-declaration,05-code-grammar,Code grammar and executable program structure,declaration,"Smallest independently addressable declaration unit in code grammar and executable program structure, intended to be typed, referenced, transformed or validated without requiring a whole finished asset.",cross-standard,candidate,research-seed,SRC-TREESITTER;SRC-WASM;SRC-GIT;SRC-JSONSCHEMA,
AXM-05-CODE-GRAMMAR-A-028-annotation,05-code-grammar,Code grammar and executable program structure,annotation,"Smallest independently addressable annotation unit in code grammar and executable program structure, intended to be typed, referenced, transformed or validated without requiring a whole finished asset.",cross-standard,candidate,research-seed,SRC-TREESITTER;SRC-WASM;SRC-GIT;SRC-JSONSCHEMA,
AXM-05-CODE-GRAMMAR-A-029-attribute,05-code-grammar,Code grammar and executable program structure,attribute,"Smallest independently addressable attribute unit in code grammar and executable program structure, intended to be typed, referenced, transformed or validated without requiring a whole finished asset.",cross-standard,candidate,research-seed,SRC-TREESITTER;SRC-WASM;SRC-GIT;SRC-JSONSCHEMA,
AXM-05-CODE-GRAMMAR-A-030-import,05-code-grammar,Code grammar and executable program structure,import,"Smallest independently addressable import unit in code grammar and executable program structure, intended to be typed, referenced, transformed or validated without requiring a whole finished asset.",cross-standard,candidate,research-seed,SRC-TREESITTER;SRC-WASM;SRC-GIT;SRC-JSONSCHEMA,
AXM-05-CODE-GRAMMAR-A-031-export,05-code-grammar,Code grammar and executable program structure,export,"Smallest independently addressable export unit in code grammar and executable program structure, intended to be typed, referenced, transformed or validated without requiring a whole finished asset.",cross-standard,candidate,research-seed,SRC-TREESITTER;SRC-WASM;SRC-GIT;SRC-JSONSCHEMA,
AXM-05-CODE-GRAMMAR-A-032-module-path,05-code-grammar,Code grammar and executable program structure,module path,"Smallest independently addressable module path unit in code grammar and executable program structure, intended to be typed, referenced, transformed or validated without requiring a whole finished asset.",cross-standard,candidate,research-seed,SRC-TREESITTER;SRC-WASM;SRC-GIT;SRC-JSONSCHEMA,
AXM-05-CODE-GRAMMAR-A-033-instruction,05-code-grammar,Code grammar and executable program structure,instruction,"Smallest independently addressable instruction unit in code grammar and executable program structure, intended to be typed, referenced, transformed or validated without requiring a whole finished asset.",cross-standard,candidate,research-seed,SRC-TREESITTER;SRC-WASM;SRC-GIT;SRC-JSONSCHEMA,
AXM-05-CODE-GRAMMAR-A-034-opcode,05-code-grammar,Code grammar and executable program structure,opcode,"Smallest independently addressable opcode unit in code grammar and executable program structure, intended to be typed, referenced, transformed or validated without requiring a whole finished asset.",cross-standard,candidate,research-seed,SRC-TREESITTER;SRC-WASM;SRC-GIT;SRC-JSONSCHEMA,
AXM-05-CODE-GRAMMAR-A-035-operand,05-code-grammar,Code grammar and executable program structure,operand,"Smallest independently addressable operand unit in code grammar and executable program structure, intended to be typed, referenced, transformed or validated without requiring a whole finished asset.",cross-standard,candidate,research-seed,SRC-TREESITTER;SRC-WASM;SRC-GIT;SRC-JSONSCHEMA,
AXM-05-CODE-GRAMMAR-A-036-basic-block,05-code-grammar,Code grammar and executable program structure,basic block,"Smallest independently addressable basic block unit in code grammar and executable program structure, intended to be typed, referenced, transformed or validated without requiring a whole finished asset.",cross-standard,candidate,research-seed,SRC-TREESITTER;SRC-WASM;SRC-GIT;SRC-JSONSCHEMA,
AXM-05-CODE-GRAMMAR-A-037-branch-target,05-code-grammar,Code grammar and executable program structure,branch target,"Smallest independently addressable branch target unit in code grammar and executable program structure, intended to be typed, referenced, transformed or validated without requiring a whole finished asset.",cross-standard,candidate,research-seed,SRC-TREESITTER;SRC-WASM;SRC-GIT;SRC-JSONSCHEMA,
AXM-05-CODE-GRAMMAR-A-038-source-span,05-code-grammar,Code grammar and executable program structure,source span,"Smallest independently addressable source span unit in code grammar and executable program structure, intended to be typed, referenced, transformed or validated without requiring a whole finished asset.",cross-standard,candidate,research-seed,SRC-TREESITTER;SRC-WASM;SRC-GIT;SRC-JSONSCHEMA,
AXM-05-CODE-GRAMMAR-A-039-diagnostic-code,05-code-grammar,Code grammar and executable program structure,diagnostic code,"Smallest independently addressable diagnostic code unit in code grammar and executable program structure, intended to be typed, referenced, transformed or validated without requiring a whole finished asset.",cross-standard,candidate,research-seed,SRC-TREESITTER;SRC-WASM;SRC-GIT;SRC-JSONSCHEMA,
AXM-05-CODE-GRAMMAR-A-040-compiler-flag,05-code-grammar,Code grammar and executable program structure,compiler flag,"Smallest independently addressable compiler flag unit in code grammar and executable program structure, intended to be typed, referenced, transformed or validated without requiring a whole finished asset.",cross-standard,candidate,research-seed,SRC-TREESITTER;SRC-WASM;SRC-GIT;SRC-JSONSCHEMA,
AXM-05-CODE-GRAMMAR-A-041-memory-address,05-code-grammar,Code grammar and executable program structure,memory address,"Smallest independently addressable memory address unit in code grammar and executable program structure, intended to be typed, referenced, transformed or validated without requiring a whole finished asset.",cross-standard,candidate,research-seed,SRC-TREESITTER;SRC-WASM;SRC-GIT;SRC-JSONSCHEMA,
AXM-05-CODE-GRAMMAR-A-042-local-variable,05-code-grammar,Code grammar and executable program structure,local variable,"Smallest independently addressable local variable unit in code grammar and executable program structure, intended to be typed, referenced, transformed or validated without requiring a whole finished asset.",cross-standard,candidate,research-seed,SRC-TREESITTER;SRC-WASM;SRC-GIT;SRC-JSONSCHEMA,
AXM-05-CODE-GRAMMAR-A-043-global-variable,05-code-grammar,Code grammar and executable program structure,global variable,"Smallest independently addressable global variable unit in code grammar and executable program structure, intended to be typed, referenced, transformed or validated without requiring a whole finished asset.",cross-standard,candidate,research-seed,SRC-TREESITTER;SRC-WASM;SRC-GIT;SRC-JSONSCHEMA,
AXM-05-CODE-GRAMMAR-A-044-constant,05-code-grammar,Code grammar and executable program structure,constant,"Smallest independently addressable constant unit in code grammar and executable program structure, intended to be typed, referenced, transformed or validated without requiring a whole finished asset.",cross-standard,candidate,research-seed,SRC-TREESITTER;SRC-WASM;SRC-GIT;SRC-JSONSCHEMA,
AXM-05-CODE-GRAMMAR-A-045-function-reference,05-code-grammar,Code grammar and executable program structure,function reference,"Smallest independently addressable function reference unit in code grammar and executable program structure, intended to be typed, referenced, transformed or validated without requiring a whole finished asset.",cross-standard,candidate,research-seed,SRC-TREESITTER;SRC-WASM;SRC-GIT;SRC-JSONSCHEMA,
AXM-05-CODE-GRAMMAR-A-046-table-reference,05-code-grammar,Code grammar and executable program structure,table reference,"Smallest independently addressable table reference unit in code grammar and executable program structure, intended to be typed, referenced, transformed or validated without requiring a whole finished asset.",cross-standard,candidate,research-seed,SRC-TREESITTER;SRC-WASM;SRC-GIT;SRC-JSONSCHEMA,
AXM-06-BUILD-PACKAGE-A-001-artifact-digest,06-build-package,Build packaging deployment release and distribution,artifact digest,"Smallest independently addressable artifact digest unit in build packaging deployment release and distribution, intended to be typed, referenced, transformed or validated without requiring a whole finished asset.",cross-standard,candidate,research-seed,SRC-OCI;SRC-NPM;SRC-SLSA;SRC-SPDX;SRC-CYCLONEDX,
AXM-06-BUILD-PACKAGE-A-002-file-entry,06-build-package,Build packaging deployment release and distribution,file entry,"Smallest independently addressable file entry unit in build packaging deployment release and distribution, intended to be typed, referenced, transformed or validated without requiring a whole finished asset.",cross-standard,candidate,research-seed,SRC-OCI;SRC-NPM;SRC-SLSA;SRC-SPDX;SRC-CYCLONEDX,
AXM-06-BUILD-PACKAGE-A-003-directory-entry,06-build-package,Build packaging deployment release and distribution,directory entry,"Smallest independently addressable directory entry unit in build packaging deployment release and distribution, intended to be typed, referenced, transformed or validated without requiring a whole finished asset.",cross-standard,candidate,research-seed,SRC-OCI;SRC-NPM;SRC-SLSA;SRC-SPDX;SRC-CYCLONEDX,
AXM-06-BUILD-PACKAGE-A-004-filesystem-layer-entry,06-build-package,Build packaging deployment release and distribution,filesystem layer entry,"Smallest independently addressable filesystem layer entry unit in build packaging deployment release and distribution, intended to be typed, referenced, transformed or validated without requiring a whole finished asset.",cross-standard,candidate,research-seed,SRC-OCI;SRC-NPM;SRC-SLSA;SRC-SPDX;SRC-CYCLONEDX,
AXM-06-BUILD-PACKAGE-A-005-platform-tuple,06-build-package,Build packaging deployment release and distribution,platform tuple,"Smallest independently addressable platform tuple unit in build packaging deployment release and distribution, intended to be typed, referenced, transformed or validated without requiring a whole finished asset.",cross-standard,candidate,research-seed,SRC-OCI;SRC-NPM;SRC-SLSA;SRC-SPDX;SRC-CYCLONEDX,
AXM-06-BUILD-PACKAGE-A-006-architecture-tag,06-build-package,Build packaging deployment release and distribution,architecture tag,"Smallest independently addressable architecture tag unit in build packaging deployment release and distribution, intended to be typed, referenced, transformed or validated without requiring a whole finished asset.",cross-standard,candidate,research-seed,SRC-OCI;SRC-NPM;SRC-SLSA;SRC-SPDX;SRC-CYCLONEDX,
AXM-06-BUILD-PACKAGE-A-007-operating-system-tag,06-build-package,Build packaging deployment release and distribution,operating-system tag,"Smallest independently addressable operating-system tag unit in build packaging deployment release and distribution, intended to be typed, referenced, transformed or validated without requiring a whole finished asset.",cross-standard,candidate,research-seed,SRC-OCI;SRC-NPM;SRC-SLSA;SRC-SPDX;SRC-CYCLONEDX,
AXM-06-BUILD-PACKAGE-A-008-dependency-constraint,06-build-package,Build packaging deployment release and distribution,dependency constraint,"Smallest independently addressable dependency constraint unit in build packaging deployment release and distribution, intended to be typed, referenced, transformed or validated without requiring a whole finished asset.",cross-standard,candidate,research-seed,SRC-OCI;SRC-NPM;SRC-SLSA;SRC-SPDX;SRC-CYCLONEDX,
AXM-06-BUILD-PACKAGE-A-009-package-name,06-build-package,Build packaging deployment release and distribution,package name,"Smallest independently addressable package name unit in build packaging deployment release and distribution, intended to be typed, referenced, transformed or validated without requiring a whole finished asset.",cross-standard,candidate,research-seed,SRC-OCI;SRC-NPM;SRC-SLSA;SRC-SPDX;SRC-CYCLONEDX,
AXM-06-BUILD-PACKAGE-A-010-package-version,06-build-package,Build packaging deployment release and distribution,package version,"Smallest independently addressable package version unit in build packaging deployment release and distribution, intended to be typed, referenced, transformed or validated without requiring a whole finished asset.",cross-standard,candidate,research-seed,SRC-OCI;SRC-NPM;SRC-SLSA;SRC-SPDX;SRC-CYCLONEDX,
AXM-06-BUILD-PACKAGE-A-011-script-hook,06-build-package,Build packaging deployment release and distribution,script hook,"Smallest independently addressable script hook unit in build packaging deployment release and distribution, intended to be typed, referenced, transformed or validated without requiring a whole finished asset.",cross-standard,candidate,research-seed,SRC-OCI;SRC-NPM;SRC-SLSA;SRC-SPDX;SRC-CYCLONEDX,
AXM-06-BUILD-PACKAGE-A-012-environment-variable,06-build-package,Build packaging deployment release and distribution,environment variable,"Smallest independently addressable environment variable unit in build packaging deployment release and distribution, intended to be typed, referenced, transformed or validated without requiring a whole finished asset.",cross-standard,candidate,research-seed,SRC-OCI;SRC-NPM;SRC-SLSA;SRC-SPDX;SRC-CYCLONEDX,
AXM-06-BUILD-PACKAGE-A-013-build-argument,06-build-package,Build packaging deployment release and distribution,build argument,"Smallest independently addressable build argument unit in build packaging deployment release and distribution, intended to be typed, referenced, transformed or validated without requiring a whole finished asset.",cross-standard,candidate,research-seed,SRC-OCI;SRC-NPM;SRC-SLSA;SRC-SPDX;SRC-CYCLONEDX,
AXM-06-BUILD-PACKAGE-A-014-secret-reference,06-build-package,Build packaging deployment release and distribution,secret reference,"Smallest independently addressable secret reference unit in build packaging deployment release and distribution, intended to be typed, referenced, transformed or validated without requiring a whole finished asset.",cross-standard,candidate,research-seed,SRC-OCI;SRC-NPM;SRC-SLSA;SRC-SPDX;SRC-CYCLONEDX,
AXM-06-BUILD-PACKAGE-A-015-mount-point,06-build-package,Build packaging deployment release and distribution,mount point,"Smallest independently addressable mount point unit in build packaging deployment release and distribution, intended to be typed, referenced, transformed or validated without requiring a whole finished asset.",cross-standard,candidate,research-seed,SRC-OCI;SRC-NPM;SRC-SLSA;SRC-SPDX;SRC-CYCLONEDX,
AXM-06-BUILD-PACKAGE-A-016-port-declaration,06-build-package,Build packaging deployment release and distribution,port declaration,"Smallest independently addressable port declaration unit in build packaging deployment release and distribution, intended to be typed, referenced, transformed or validated without requiring a whole finished asset.",cross-standard,candidate,research-seed,SRC-OCI;SRC-NPM;SRC-SLSA;SRC-SPDX;SRC-CYCLONEDX,
AXM-06-BUILD-PACKAGE-A-017-command,06-build-package,Build packaging deployment release and distribution,command,"Smallest independently addressable command unit in build packaging deployment release and distribution, intended to be typed, referenced, transformed or validated without requiring a whole finished asset.",cross-standard,candidate,research-seed,SRC-OCI;SRC-NPM;SRC-SLSA;SRC-SPDX;SRC-CYCLONEDX,
AXM-06-BUILD-PACKAGE-A-018-entrypoint,06-build-package,Build packaging deployment release and distribution,entrypoint,"Smallest independently addressable entrypoint unit in build packaging deployment release and distribution, intended to be typed, referenced, transformed or validated without requiring a whole finished asset.",cross-standard,candidate,research-seed,SRC-OCI;SRC-NPM;SRC-SLSA;SRC-SPDX;SRC-CYCLONEDX,
AXM-06-BUILD-PACKAGE-A-019-cache-key,06-build-package,Build packaging deployment release and distribution,cache key,"Smallest independently addressable cache key unit in build packaging deployment release and distribution, intended to be typed, referenced, transformed or validated without requiring a whole finished asset.",cross-standard,candidate,research-seed,SRC-OCI;SRC-NPM;SRC-SLSA;SRC-SPDX;SRC-CYCLONEDX,
AXM-06-BUILD-PACKAGE-A-020-target-name,06-build-package,Build packaging deployment release and distribution,target name,"Smallest independently addressable target name unit in build packaging deployment release and distribution, intended to be typed, referenced, transformed or validated without requiring a whole finished asset.",cross-standard,candidate,research-seed,SRC-OCI;SRC-NPM;SRC-SLSA;SRC-SPDX;SRC-CYCLONEDX,
AXM-06-BUILD-PACKAGE-A-021-build-step,06-build-package,Build packaging deployment release and distribution,build step,"Smallest independently addressable build step unit in build packaging deployment release and distribution, intended to be typed, referenced, transformed or validated without requiring a whole finished asset.",cross-standard,candidate,research-seed,SRC-OCI;SRC-NPM;SRC-SLSA;SRC-SPDX;SRC-CYCLONEDX,
AXM-06-BUILD-PACKAGE-A-022-output-path,06-build-package,Build packaging deployment release and distribution,output path,"Smallest independently addressable output path unit in build packaging deployment release and distribution, intended to be typed, referenced, transformed or validated without requiring a whole finished asset.",cross-standard,candidate,research-seed,SRC-OCI;SRC-NPM;SRC-SLSA;SRC-SPDX;SRC-CYCLONEDX,
AXM-06-BUILD-PACKAGE-A-023-release-channel,06-build-package,Build packaging deployment release and distribution,release channel,"Smallest independently addressable release channel unit in build packaging deployment release and distribution, intended to be typed, referenced, transformed or validated without requiring a whole finished asset.",cross-standard,candidate,research-seed,SRC-OCI;SRC-NPM;SRC-SLSA;SRC-SPDX;SRC-CYCLONEDX,
AXM-06-BUILD-PACKAGE-A-024-install-scope,06-build-package,Build packaging deployment release and distribution,install scope,"Smallest independently addressable install scope unit in build packaging deployment release and distribution, intended to be typed, referenced, transformed or validated without requiring a whole finished asset.",cross-standard,candidate,research-seed,SRC-OCI;SRC-NPM;SRC-SLSA;SRC-SPDX;SRC-CYCLONEDX,
AXM-06-BUILD-PACKAGE-A-025-permission-bit,06-build-package,Build packaging deployment release and distribution,permission bit,"Smallest independently addressable permission bit unit in build packaging deployment release and distribution, intended to be typed, referenced, transformed or validated without requiring a whole finished asset.",cross-standard,candidate,research-seed,SRC-OCI;SRC-NPM;SRC-SLSA;SRC-SPDX;SRC-CYCLONEDX,
AXM-06-BUILD-PACKAGE-A-026-compression-method,06-build-package,Build packaging deployment release and distribution,compression method,"Smallest independently addressable compression method unit in build packaging deployment release and distribution, intended to be typed, referenced, transformed or validated without requiring a whole finished asset.",cross-standard,candidate,research-seed,SRC-OCI;SRC-NPM;SRC-SLSA;SRC-SPDX;SRC-CYCLONEDX,
AXM-06-BUILD-PACKAGE-A-027-content-media-type,06-build-package,Build packaging deployment release and distribution,content media type,"Smallest independently addressable content media type unit in build packaging deployment release and distribution, intended to be typed, referenced, transformed or validated without requiring a whole finished asset.",cross-standard,candidate,research-seed,SRC-OCI;SRC-NPM;SRC-SLSA;SRC-SPDX;SRC-CYCLONEDX,
AXM-06-BUILD-PACKAGE-A-028-descriptor-reference,06-build-package,Build packaging deployment release and distribution,descriptor reference,"Smallest independently addressable descriptor reference unit in build packaging deployment release and distribution, intended to be typed, referenced, transformed or validated without requiring a whole finished asset.",cross-standard,candidate,research-seed,SRC-OCI;SRC-NPM;SRC-SLSA;SRC-SPDX;SRC-CYCLONEDX,
AXM-06-BUILD-PACKAGE-A-029-layer-diff-identifier,06-build-package,Build packaging deployment release and distribution,layer diff identifier,"Smallest independently addressable layer diff identifier unit in build packaging deployment release and distribution, intended to be typed, referenced, transformed or validated without requiring a whole finished asset.",cross-standard,candidate,research-seed,SRC-OCI;SRC-NPM;SRC-SLSA;SRC-SPDX;SRC-CYCLONEDX,
AXM-06-BUILD-PACKAGE-A-030-update-sequence,06-build-package,Build packaging deployment release and distribution,update sequence,"Smallest independently addressable update sequence unit in build packaging deployment release and distribution, intended to be typed, referenced, transformed or validated without requiring a whole finished asset.",cross-standard,candidate,research-seed,SRC-OCI;SRC-NPM;SRC-SLSA;SRC-SPDX;SRC-CYCLONEDX,
AXM-07-API-NETWORK-A-001-endpoint-path,07-api-network,APIs networking messaging and protocols,endpoint path,"Smallest independently addressable endpoint path unit in apis networking messaging and protocols, intended to be typed, referenced, transformed or validated without requiring a whole finished asset.",cross-standard,candidate,research-seed,SRC-OPENAPI;SRC-ASYNCAPI;SRC-ARAZZO;SRC-MCP;SRC-OAUTH,
AXM-07-API-NETWORK-A-002-operation-identifier,07-api-network,APIs networking messaging and protocols,operation identifier,"Smallest independently addressable operation identifier unit in apis networking messaging and protocols, intended to be typed, referenced, transformed or validated without requiring a whole finished asset.",cross-standard,candidate,research-seed,SRC-OPENAPI;SRC-ASYNCAPI;SRC-ARAZZO;SRC-MCP;SRC-OAUTH,
AXM-07-API-NETWORK-A-003-method,07-api-network,APIs networking messaging and protocols,method,"Smallest independently addressable method unit in apis networking messaging and protocols, intended to be typed, referenced, transformed or validated without requiring a whole finished asset.",cross-standard,candidate,research-seed,SRC-OPENAPI;SRC-ASYNCAPI;SRC-ARAZZO;SRC-MCP;SRC-OAUTH,
AXM-07-API-NETWORK-A-004-status-code,07-api-network,APIs networking messaging and protocols,status code,"Smallest independently addressable status code unit in apis networking messaging and protocols, intended to be typed, referenced, transformed or validated without requiring a whole finished asset.",cross-standard,candidate,research-seed,SRC-OPENAPI;SRC-ASYNCAPI;SRC-ARAZZO;SRC-MCP;SRC-OAUTH,
AXM-07-API-NETWORK-A-005-header,07-api-network,APIs networking messaging and protocols,header,"Smallest independently addressable header unit in apis networking messaging and protocols, intended to be typed, referenced, transformed or validated without requiring a whole finished asset.",cross-standard,candidate,research-seed,SRC-OPENAPI;SRC-ASYNCAPI;SRC-ARAZZO;SRC-MCP;SRC-OAUTH,
AXM-07-API-NETWORK-A-006-query-parameter,07-api-network,APIs networking messaging and protocols,query parameter,"Smallest independently addressable query parameter unit in apis networking messaging and protocols, intended to be typed, referenced, transformed or validated without requiring a whole finished asset.",cross-standard,candidate,research-seed,SRC-OPENAPI;SRC-ASYNCAPI;SRC-ARAZZO;SRC-MCP;SRC-OAUTH,
AXM-07-API-NETWORK-A-007-path-parameter,07-api-network,APIs networking messaging and protocols,path parameter,"Smallest independently addressable path parameter unit in apis networking messaging and protocols, intended to be typed, referenced, transformed or validated without requiring a whole finished asset.",cross-standard,candidate,research-seed,SRC-OPENAPI;SRC-ASYNCAPI;SRC-ARAZZO;SRC-MCP;SRC-OAUTH,
AXM-07-API-NETWORK-A-008-cookie-parameter,07-api-network,APIs networking messaging and protocols,cookie parameter,"Smallest independently addressable cookie parameter unit in apis networking messaging and protocols, intended to be typed, referenced, transformed or validated without requiring a whole finished asset.",cross-standard,candidate,research-seed,SRC-OPENAPI;SRC-ASYNCAPI;SRC-ARAZZO;SRC-MCP;SRC-OAUTH,
AXM-07-API-NETWORK-A-009-media-type,07-api-network,APIs networking messaging and protocols,media type,"Smallest independently addressable media type unit in apis networking messaging and protocols, intended to be typed, referenced, transformed or validated without requiring a whole finished asset.",cross-standard,candidate,research-seed,SRC-OPENAPI;SRC-ASYNCAPI;SRC-ARAZZO;SRC-MCP;SRC-OAUTH,
AXM-07-API-NETWORK-A-010-schema-reference,07-api-network,APIs networking messaging and protocols,schema reference,"Smallest independently addressable schema reference unit in apis networking messaging and protocols, intended to be typed, referenced, transformed or validated without requiring a whole finished asset.",cross-standard,candidate,research-seed,SRC-OPENAPI;SRC-ASYNCAPI;SRC-ARAZZO;SRC-MCP;SRC-OAUTH,
AXM-07-API-NETWORK-A-011-request-field,07-api-network,APIs networking messaging and protocols,request field,"Smallest independently addressable request field unit in apis networking messaging and protocols, intended to be typed, referenced, transformed or validated without requiring a whole finished asset.",cross-standard,candidate,research-seed,SRC-OPENAPI;SRC-ASYNCAPI;SRC-ARAZZO;SRC-MCP;SRC-OAUTH,
AXM-07-API-NETWORK-A-012-response-field,07-api-network,APIs networking messaging and protocols,response field,"Smallest independently addressable response field unit in apis networking messaging and protocols, intended to be typed, referenced, transformed or validated without requiring a whole finished asset.",cross-standard,candidate,research-seed,SRC-OPENAPI;SRC-ASYNCAPI;SRC-ARAZZO;SRC-MCP;SRC-OAUTH,
AXM-07-API-NETWORK-A-013-server-url,07-api-network,APIs networking messaging and protocols,server URL,"Smallest independently addressable server URL unit in apis networking messaging and protocols, intended to be typed, referenced, transformed or validated without requiring a whole finished asset.",cross-standard,candidate,research-seed,SRC-OPENAPI;SRC-ASYNCAPI;SRC-ARAZZO;SRC-MCP;SRC-OAUTH,
AXM-07-API-NETWORK-A-014-protocol-name,07-api-network,APIs networking messaging and protocols,protocol name,"Smallest independently addressable protocol name unit in apis networking messaging and protocols, intended to be typed, referenced, transformed or validated without requiring a whole finished asset.",cross-standard,candidate,research-seed,SRC-OPENAPI;SRC-ASYNCAPI;SRC-ARAZZO;SRC-MCP;SRC-OAUTH,
AXM-07-API-NETWORK-A-015-channel-address,07-api-network,APIs networking messaging and protocols,channel address,"Smallest independently addressable channel address unit in apis networking messaging and protocols, intended to be typed, referenced, transformed or validated without requiring a whole finished asset.",cross-standard,candidate,research-seed,SRC-OPENAPI;SRC-ASYNCAPI;SRC-ARAZZO;SRC-MCP;SRC-OAUTH,
AXM-07-API-NETWORK-A-016-topic,07-api-network,APIs networking messaging and protocols,topic,"Smallest independently addressable topic unit in apis networking messaging and protocols, intended to be typed, referenced, transformed or validated without requiring a whole finished asset.",cross-standard,candidate,research-seed,SRC-OPENAPI;SRC-ASYNCAPI;SRC-ARAZZO;SRC-MCP;SRC-OAUTH,
AXM-07-API-NETWORK-A-017-message-key,07-api-network,APIs networking messaging and protocols,message key,"Smallest independently addressable message key unit in apis networking messaging and protocols, intended to be typed, referenced, transformed or validated without requiring a whole finished asset.",cross-standard,candidate,research-seed,SRC-OPENAPI;SRC-ASYNCAPI;SRC-ARAZZO;SRC-MCP;SRC-OAUTH,
AXM-07-API-NETWORK-A-018-message-header,07-api-network,APIs networking messaging and protocols,message header,"Smallest independently addressable message header unit in apis networking messaging and protocols, intended to be typed, referenced, transformed or validated without requiring a whole finished asset.",cross-standard,candidate,research-seed,SRC-OPENAPI;SRC-ASYNCAPI;SRC-ARAZZO;SRC-MCP;SRC-OAUTH,
AXM-07-API-NETWORK-A-019-message-payload-field,07-api-network,APIs networking messaging and protocols,message payload field,"Smallest independently addressable message payload field unit in apis networking messaging and protocols, intended to be typed, referenced, transformed or validated without requiring a whole finished asset.",cross-standard,candidate,research-seed,SRC-OPENAPI;SRC-ASYNCAPI;SRC-ARAZZO;SRC-MCP;SRC-OAUTH,
AXM-07-API-NETWORK-A-020-correlation-identifier,07-api-network,APIs networking messaging and protocols,correlation identifier,"Smallest independently addressable correlation identifier unit in apis networking messaging and protocols, intended to be typed, referenced, transformed or validated without requiring a whole finished asset.",cross-standard,candidate,research-seed,SRC-OPENAPI;SRC-ASYNCAPI;SRC-ARAZZO;SRC-MCP;SRC-OAUTH,
AXM-07-API-NETWORK-A-021-subscription,07-api-network,APIs networking messaging and protocols,subscription,"Smallest independently addressable subscription unit in apis networking messaging and protocols, intended to be typed, referenced, transformed or validated without requiring a whole finished asset.",cross-standard,candidate,research-seed,SRC-OPENAPI;SRC-ASYNCAPI;SRC-ARAZZO;SRC-MCP;SRC-OAUTH,
AXM-07-API-NETWORK-A-022-callback-reference,07-api-network,APIs networking messaging and protocols,callback reference,"Smallest independently addressable callback reference unit in apis networking messaging and protocols, intended to be typed, referenced, transformed or validated without requiring a whole finished asset.",cross-standard,candidate,research-seed,SRC-OPENAPI;SRC-ASYNCAPI;SRC-ARAZZO;SRC-MCP;SRC-OAUTH,
AXM-07-API-NETWORK-A-023-webhook-reference,07-api-network,APIs networking messaging and protocols,webhook reference,"Smallest independently addressable webhook reference unit in apis networking messaging and protocols, intended to be typed, referenced, transformed or validated without requiring a whole finished asset.",cross-standard,candidate,research-seed,SRC-OPENAPI;SRC-ASYNCAPI;SRC-ARAZZO;SRC-MCP;SRC-OAUTH,
AXM-07-API-NETWORK-A-024-retry-header,07-api-network,APIs networking messaging and protocols,retry header,"Smallest independently addressable retry header unit in apis networking messaging and protocols, intended to be typed, referenced, transformed or validated without requiring a whole finished asset.",cross-standard,candidate,research-seed,SRC-OPENAPI;SRC-ASYNCAPI;SRC-ARAZZO;SRC-MCP;SRC-OAUTH,
AXM-07-API-NETWORK-A-025-pagination-cursor,07-api-network,APIs networking messaging and protocols,pagination cursor,"Smallest independently addressable pagination cursor unit in apis networking messaging and protocols, intended to be typed, referenced, transformed or validated without requiring a whole finished asset.",cross-standard,candidate,research-seed,SRC-OPENAPI;SRC-ASYNCAPI;SRC-ARAZZO;SRC-MCP;SRC-OAUTH,
AXM-07-API-NETWORK-A-026-rate-limit-value,07-api-network,APIs networking messaging and protocols,rate-limit value,"Smallest independently addressable rate-limit value unit in apis networking messaging and protocols, intended to be typed, referenced, transformed or validated without requiring a whole finished asset.",cross-standard,candidate,research-seed,SRC-OPENAPI;SRC-ASYNCAPI;SRC-ARAZZO;SRC-MCP;SRC-OAUTH,
AXM-07-API-NETWORK-A-027-socket-address,07-api-network,APIs networking messaging and protocols,socket address,"Smallest independently addressable socket address unit in apis networking messaging and protocols, intended to be typed, referenced, transformed or validated without requiring a whole finished asset.",cross-standard,candidate,research-seed,SRC-OPENAPI;SRC-ASYNCAPI;SRC-ARAZZO;SRC-MCP;SRC-OAUTH,
AXM-07-API-NETWORK-A-028-port-number,07-api-network,APIs networking messaging and protocols,port number,"Smallest independently addressable port number unit in apis networking messaging and protocols, intended to be typed, referenced, transformed or validated without requiring a whole finished asset.",cross-standard,candidate,research-seed,SRC-OPENAPI;SRC-ASYNCAPI;SRC-ARAZZO;SRC-MCP;SRC-OAUTH,
AXM-07-API-NETWORK-A-029-connection-state,07-api-network,APIs networking messaging and protocols,connection state,"Smallest independently addressable connection state unit in apis networking messaging and protocols, intended to be typed, referenced, transformed or validated without requiring a whole finished asset.",cross-standard,candidate,research-seed,SRC-OPENAPI;SRC-ASYNCAPI;SRC-ARAZZO;SRC-MCP;SRC-OAUTH,
AXM-07-API-NETWORK-A-030-stream-identifier,07-api-network,APIs networking messaging and protocols,stream identifier,"Smallest independently addressable stream identifier unit in apis networking messaging and protocols, intended to be typed, referenced, transformed or validated without requiring a whole finished asset.",cross-standard,candidate,research-seed,SRC-OPENAPI;SRC-ASYNCAPI;SRC-ARAZZO;SRC-MCP;SRC-OAUTH,
AXM-07-API-NETWORK-A-031-frame-type,07-api-network,APIs networking messaging and protocols,frame type,"Smallest independently addressable frame type unit in apis networking messaging and protocols, intended to be typed, referenced, transformed or validated without requiring a whole finished asset.",cross-standard,candidate,research-seed,SRC-OPENAPI;SRC-ASYNCAPI;SRC-ARAZZO;SRC-MCP;SRC-OAUTH,
AXM-07-API-NETWORK-A-032-tool-argument-field,07-api-network,APIs networking messaging and protocols,tool argument field,"Smallest independently addressable tool argument field unit in apis networking messaging and protocols, intended to be typed, referenced, transformed or validated without requiring a whole finished asset.",cross-standard,candidate,research-seed,SRC-OPENAPI;SRC-ASYNCAPI;SRC-ARAZZO;SRC-MCP;SRC-OAUTH,
AXM-07-API-NETWORK-A-033-resource-uri,07-api-network,APIs networking messaging and protocols,resource URI,"Smallest independently addressable resource URI unit in apis networking messaging and protocols, intended to be typed, referenced, transformed or validated without requiring a whole finished asset.",cross-standard,candidate,research-seed,SRC-OPENAPI;SRC-ASYNCAPI;SRC-ARAZZO;SRC-MCP;SRC-OAUTH,
AXM-07-API-NETWORK-A-034-capability-declaration,07-api-network,APIs networking messaging and protocols,capability declaration,"Smallest independently addressable capability declaration unit in apis networking messaging and protocols, intended to be typed, referenced, transformed or validated without requiring a whole finished asset.",cross-standard,candidate,research-seed,SRC-OPENAPI;SRC-ASYNCAPI;SRC-ARAZZO;SRC-MCP;SRC-OAUTH,
AXM-08-STORAGE-DATABASE-A-001-database-identifier,08-storage-database,Storage databases search and retrieval,database identifier,"Smallest independently addressable database identifier unit in storage databases search and retrieval, intended to be typed, referenced, transformed or validated without requiring a whole finished asset.",cross-standard,candidate,research-seed,SRC-POSTGRES;SRC-RDF;SRC-JSONSCHEMA;SRC-OTEL,
AXM-08-STORAGE-DATABASE-A-002-schema-identifier,08-storage-database,Storage databases search and retrieval,schema identifier,"Smallest independently addressable schema identifier unit in storage databases search and retrieval, intended to be typed, referenced, transformed or validated without requiring a whole finished asset.",cross-standard,candidate,research-seed,SRC-POSTGRES;SRC-RDF;SRC-JSONSCHEMA;SRC-OTEL,
AXM-08-STORAGE-DATABASE-A-003-table-identifier,08-storage-database,Storage databases search and retrieval,table identifier,"Smallest independently addressable table identifier unit in storage databases search and retrieval, intended to be typed, referenced, transformed or validated without requiring a whole finished asset.",cross-standard,candidate,research-seed,SRC-POSTGRES;SRC-RDF;SRC-JSONSCHEMA;SRC-OTEL,
AXM-08-STORAGE-DATABASE-A-004-column,08-storage-database,Storage databases search and retrieval,column,"Smallest independently addressable column unit in storage databases search and retrieval, intended to be typed, referenced, transformed or validated without requiring a whole finished asset.",cross-standard,candidate,research-seed,SRC-POSTGRES;SRC-RDF;SRC-JSONSCHEMA;SRC-OTEL,
AXM-08-STORAGE-DATABASE-A-005-row,08-storage-database,Storage databases search and retrieval,row,"Smallest independently addressable row unit in storage databases search and retrieval, intended to be typed, referenced, transformed or validated without requiring a whole finished asset.",cross-standard,candidate,research-seed,SRC-POSTGRES;SRC-RDF;SRC-JSONSCHEMA;SRC-OTEL,
AXM-08-STORAGE-DATABASE-A-006-cell,08-storage-database,Storage databases search and retrieval,cell,"Smallest independently addressable cell unit in storage databases search and retrieval, intended to be typed, referenced, transformed or validated without requiring a whole finished asset.",cross-standard,candidate,research-seed,SRC-POSTGRES;SRC-RDF;SRC-JSONSCHEMA;SRC-OTEL,
AXM-08-STORAGE-DATABASE-A-007-data-type,08-storage-database,Storage databases search and retrieval,data type,"Smallest independently addressable data type unit in storage databases search and retrieval, intended to be typed, referenced, transformed or validated without requiring a whole finished asset.",cross-standard,candidate,research-seed,SRC-POSTGRES;SRC-RDF;SRC-JSONSCHEMA;SRC-OTEL,
AXM-08-STORAGE-DATABASE-A-008-primary-key-value,08-storage-database,Storage databases search and retrieval,primary-key value,"Smallest independently addressable primary-key value unit in storage databases search and retrieval, intended to be typed, referenced, transformed or validated without requiring a whole finished asset.",cross-standard,candidate,research-seed,SRC-POSTGRES;SRC-RDF;SRC-JSONSCHEMA;SRC-OTEL,
AXM-08-STORAGE-DATABASE-A-009-foreign-key-value,08-storage-database,Storage databases search and retrieval,foreign-key value,"Smallest independently addressable foreign-key value unit in storage databases search and retrieval, intended to be typed, referenced, transformed or validated without requiring a whole finished asset.",cross-standard,candidate,research-seed,SRC-POSTGRES;SRC-RDF;SRC-JSONSCHEMA;SRC-OTEL,
AXM-08-STORAGE-DATABASE-A-010-index-key,08-storage-database,Storage databases search and retrieval,index key,"Smallest independently addressable index key unit in storage databases search and retrieval, intended to be typed, referenced, transformed or validated without requiring a whole finished asset.",cross-standard,candidate,research-seed,SRC-POSTGRES;SRC-RDF;SRC-JSONSCHEMA;SRC-OTEL,
AXM-08-STORAGE-DATABASE-A-011-constraint,08-storage-database,Storage databases search and retrieval,constraint,"Smallest independently addressable constraint unit in storage databases search and retrieval, intended to be typed, referenced, transformed or validated without requiring a whole finished asset.",cross-standard,candidate,research-seed,SRC-POSTGRES;SRC-RDF;SRC-JSONSCHEMA;SRC-OTEL,
AXM-08-STORAGE-DATABASE-A-012-null-marker,08-storage-database,Storage databases search and retrieval,null marker,"Smallest independently addressable null marker unit in storage databases search and retrieval, intended to be typed, referenced, transformed or validated without requiring a whole finished asset.",cross-standard,candidate,research-seed,SRC-POSTGRES;SRC-RDF;SRC-JSONSCHEMA;SRC-OTEL,
AXM-08-STORAGE-DATABASE-A-013-transaction-identifier,08-storage-database,Storage databases search and retrieval,transaction identifier,"Smallest independently addressable transaction identifier unit in storage databases search and retrieval, intended to be typed, referenced, transformed or validated without requiring a whole finished asset.",cross-standard,candidate,research-seed,SRC-POSTGRES;SRC-RDF;SRC-JSONSCHEMA;SRC-OTEL,
AXM-08-STORAGE-DATABASE-A-014-log-sequence-number,08-storage-database,Storage databases search and retrieval,log sequence number,"Smallest independently addressable log sequence number unit in storage databases search and retrieval, intended to be typed, referenced, transformed or validated without requiring a whole finished asset.",cross-standard,candidate,research-seed,SRC-POSTGRES;SRC-RDF;SRC-JSONSCHEMA;SRC-OTEL,
AXM-08-STORAGE-DATABASE-A-015-partition-key,08-storage-database,Storage databases search and retrieval,partition key,"Smallest independently addressable partition key unit in storage databases search and retrieval, intended to be typed, referenced, transformed or validated without requiring a whole finished asset.",cross-standard,candidate,research-seed,SRC-POSTGRES;SRC-RDF;SRC-JSONSCHEMA;SRC-OTEL,
AXM-08-STORAGE-DATABASE-A-016-shard-key,08-storage-database,Storage databases search and retrieval,shard key,"Smallest independently addressable shard key unit in storage databases search and retrieval, intended to be typed, referenced, transformed or validated without requiring a whole finished asset.",cross-standard,candidate,research-seed,SRC-POSTGRES;SRC-RDF;SRC-JSONSCHEMA;SRC-OTEL,
AXM-08-STORAGE-DATABASE-A-017-document-field,08-storage-database,Storage databases search and retrieval,document field,"Smallest independently addressable document field unit in storage databases search and retrieval, intended to be typed, referenced, transformed or validated without requiring a whole finished asset.",cross-standard,candidate,research-seed,SRC-POSTGRES;SRC-RDF;SRC-JSONSCHEMA;SRC-OTEL,
AXM-08-STORAGE-DATABASE-A-018-graph-node-identifier,08-storage-database,Storage databases search and retrieval,graph node identifier,"Smallest independently addressable graph node identifier unit in storage databases search and retrieval, intended to be typed, referenced, transformed or validated without requiring a whole finished asset.",cross-standard,candidate,research-seed,SRC-POSTGRES;SRC-RDF;SRC-JSONSCHEMA;SRC-OTEL,
AXM-08-STORAGE-DATABASE-A-019-graph-edge-identifier,08-storage-database,Storage databases search and retrieval,graph edge identifier,"Smallest independently addressable graph edge identifier unit in storage databases search and retrieval, intended to be typed, referenced, transformed or validated without requiring a whole finished asset.",cross-standard,candidate,research-seed,SRC-POSTGRES;SRC-RDF;SRC-JSONSCHEMA;SRC-OTEL,
AXM-08-STORAGE-DATABASE-A-020-triple-subject,08-storage-database,Storage databases search and retrieval,triple subject,"Smallest independently addressable triple subject unit in storage databases search and retrieval, intended to be typed, referenced, transformed or validated without requiring a whole finished asset.",cross-standard,candidate,research-seed,SRC-POSTGRES;SRC-RDF;SRC-JSONSCHEMA;SRC-OTEL,
AXM-08-STORAGE-DATABASE-A-021-triple-predicate,08-storage-database,Storage databases search and retrieval,triple predicate,"Smallest independently addressable triple predicate unit in storage databases search and retrieval, intended to be typed, referenced, transformed or validated without requiring a whole finished asset.",cross-standard,candidate,research-seed,SRC-POSTGRES;SRC-RDF;SRC-JSONSCHEMA;SRC-OTEL,
AXM-08-STORAGE-DATABASE-A-022-triple-object,08-storage-database,Storage databases search and retrieval,triple object,"Smallest independently addressable triple object unit in storage databases search and retrieval, intended to be typed, referenced, transformed or validated without requiring a whole finished asset.",cross-standard,candidate,research-seed,SRC-POSTGRES;SRC-RDF;SRC-JSONSCHEMA;SRC-OTEL,
AXM-08-STORAGE-DATABASE-A-023-query-parameter,08-storage-database,Storage databases search and retrieval,query parameter,"Smallest independently addressable query parameter unit in storage databases search and retrieval, intended to be typed, referenced, transformed or validated without requiring a whole finished asset.",cross-standard,candidate,research-seed,SRC-POSTGRES;SRC-RDF;SRC-JSONSCHEMA;SRC-OTEL,
AXM-08-STORAGE-DATABASE-A-024-sort-key,08-storage-database,Storage databases search and retrieval,sort key,"Smallest independently addressable sort key unit in storage databases search and retrieval, intended to be typed, referenced, transformed or validated without requiring a whole finished asset.",cross-standard,candidate,research-seed,SRC-POSTGRES;SRC-RDF;SRC-JSONSCHEMA;SRC-OTEL,
AXM-08-STORAGE-DATABASE-A-025-cursor,08-storage-database,Storage databases search and retrieval,cursor,"Smallest independently addressable cursor unit in storage databases search and retrieval, intended to be typed, referenced, transformed or validated without requiring a whole finished asset.",cross-standard,candidate,research-seed,SRC-POSTGRES;SRC-RDF;SRC-JSONSCHEMA;SRC-OTEL,
AXM-08-STORAGE-DATABASE-A-026-retention-timestamp,08-storage-database,Storage databases search and retrieval,retention timestamp,"Smallest independently addressable retention timestamp unit in storage databases search and retrieval, intended to be typed, referenced, transformed or validated without requiring a whole finished asset.",cross-standard,candidate,research-seed,SRC-POSTGRES;SRC-RDF;SRC-JSONSCHEMA;SRC-OTEL,
AXM-08-STORAGE-DATABASE-A-027-revision-identifier,08-storage-database,Storage databases search and retrieval,revision identifier,"Smallest independently addressable revision identifier unit in storage databases search and retrieval, intended to be typed, referenced, transformed or validated without requiring a whole finished asset.",cross-standard,candidate,research-seed,SRC-POSTGRES;SRC-RDF;SRC-JSONSCHEMA;SRC-OTEL,
AXM-08-STORAGE-DATABASE-A-028-search-term,08-storage-database,Storage databases search and retrieval,search term,"Smallest independently addressable search term unit in storage databases search and retrieval, intended to be typed, referenced, transformed or validated without requiring a whole finished asset.",cross-standard,candidate,research-seed,SRC-POSTGRES;SRC-RDF;SRC-JSONSCHEMA;SRC-OTEL,
AXM-08-STORAGE-DATABASE-A-029-posting-reference,08-storage-database,Storage databases search and retrieval,posting reference,"Smallest independently addressable posting reference unit in storage databases search and retrieval, intended to be typed, referenced, transformed or validated without requiring a whole finished asset.",cross-standard,candidate,research-seed,SRC-POSTGRES;SRC-RDF;SRC-JSONSCHEMA;SRC-OTEL,
AXM-08-STORAGE-DATABASE-A-030-relevance-score,08-storage-database,Storage databases search and retrieval,relevance score,"Smallest independently addressable relevance score unit in storage databases search and retrieval, intended to be typed, referenced, transformed or validated without requiring a whole finished asset.",cross-standard,candidate,research-seed,SRC-POSTGRES;SRC-RDF;SRC-JSONSCHEMA;SRC-OTEL,
AXM-09-UI-INTERACTION-A-001-design-token,09-ui-interaction,User interface interaction accessibility and design systems,design token,"Smallest independently addressable design token unit in user interface interaction accessibility and design systems, intended to be typed, referenced, transformed or validated without requiring a whole finished asset.",cross-standard,candidate,research-seed,SRC-HTML;SRC-ARIA;SRC-DESIGNTOKENS;SRC-POINTER;SRC-CSSVALUES;SRC-CSSCOLOR,
AXM-09-UI-INTERACTION-A-002-color-token,09-ui-interaction,User interface interaction accessibility and design systems,color token,"Smallest independently addressable color token unit in user interface interaction accessibility and design systems, intended to be typed, referenced, transformed or validated without requiring a whole finished asset.",cross-standard,candidate,research-seed,SRC-HTML;SRC-ARIA;SRC-DESIGNTOKENS;SRC-POINTER;SRC-CSSVALUES;SRC-CSSCOLOR,
AXM-09-UI-INTERACTION-A-003-spacing-token,09-ui-interaction,User interface interaction accessibility and design systems,spacing token,"Smallest independently addressable spacing token unit in user interface interaction accessibility and design systems, intended to be typed, referenced, transformed or validated without requiring a whole finished asset.",cross-standard,candidate,research-seed,SRC-HTML;SRC-ARIA;SRC-DESIGNTOKENS;SRC-POINTER;SRC-CSSVALUES;SRC-CSSCOLOR,
AXM-09-UI-INTERACTION-A-004-size-token,09-ui-interaction,User interface interaction accessibility and design systems,size token,"Smallest independently addressable size token unit in user interface interaction accessibility and design systems, intended to be typed, referenced, transformed or validated without requiring a whole finished asset.",cross-standard,candidate,research-seed,SRC-HTML;SRC-ARIA;SRC-DESIGNTOKENS;SRC-POINTER;SRC-CSSVALUES;SRC-CSSCOLOR,
AXM-09-UI-INTERACTION-A-005-radius-token,09-ui-interaction,User interface interaction accessibility and design systems,radius token,"Smallest independently addressable radius token unit in user interface interaction accessibility and design systems, intended to be typed, referenced, transformed or validated without requiring a whole finished asset.",cross-standard,candidate,research-seed,SRC-HTML;SRC-ARIA;SRC-DESIGNTOKENS;SRC-POINTER;SRC-CSSVALUES;SRC-CSSCOLOR,
AXM-09-UI-INTERACTION-A-006-border-token,09-ui-interaction,User interface interaction accessibility and design systems,border token,"Smallest independently addressable border token unit in user interface interaction accessibility and design systems, intended to be typed, referenced, transformed or validated without requiring a whole finished asset.",cross-standard,candidate,research-seed,SRC-HTML;SRC-ARIA;SRC-DESIGNTOKENS;SRC-POINTER;SRC-CSSVALUES;SRC-CSSCOLOR,
AXM-09-UI-INTERACTION-A-007-shadow-token,09-ui-interaction,User interface interaction accessibility and design systems,shadow token,"Smallest independently addressable shadow token unit in user interface interaction accessibility and design systems, intended to be typed, referenced, transformed or validated without requiring a whole finished asset.",cross-standard,candidate,research-seed,SRC-HTML;SRC-ARIA;SRC-DESIGNTOKENS;SRC-POINTER;SRC-CSSVALUES;SRC-CSSCOLOR,
AXM-09-UI-INTERACTION-A-008-typography-token,09-ui-interaction,User interface interaction accessibility and design systems,typography token,"Smallest independently addressable typography token unit in user interface interaction accessibility and design systems, intended to be typed, referenced, transformed or validated without requiring a whole finished asset.",cross-standard,candidate,research-seed,SRC-HTML;SRC-ARIA;SRC-DESIGNTOKENS;SRC-POINTER;SRC-CSSVALUES;SRC-CSSCOLOR,
AXM-09-UI-INTERACTION-A-009-motion-token,09-ui-interaction,User interface interaction accessibility and design systems,motion token,"Smallest independently addressable motion token unit in user interface interaction accessibility and design systems, intended to be typed, referenced, transformed or validated without requiring a whole finished asset.",cross-standard,candidate,research-seed,SRC-HTML;SRC-ARIA;SRC-DESIGNTOKENS;SRC-POINTER;SRC-CSSVALUES;SRC-CSSCOLOR,
AXM-09-UI-INTERACTION-A-010-breakpoint,09-ui-interaction,User interface interaction accessibility and design systems,breakpoint,"Smallest independently addressable breakpoint unit in user interface interaction accessibility and design systems, intended to be typed, referenced, transformed or validated without requiring a whole finished asset.",cross-standard,candidate,research-seed,SRC-HTML;SRC-ARIA;SRC-DESIGNTOKENS;SRC-POINTER;SRC-CSSVALUES;SRC-CSSCOLOR,
AXM-09-UI-INTERACTION-A-011-z-index,09-ui-interaction,User interface interaction accessibility and design systems,z-index,"Smallest independently addressable z-index unit in user interface interaction accessibility and design systems, intended to be typed, referenced, transformed or validated without requiring a whole finished asset.",cross-standard,candidate,research-seed,SRC-HTML;SRC-ARIA;SRC-DESIGNTOKENS;SRC-POINTER;SRC-CSSVALUES;SRC-CSSCOLOR,
AXM-09-UI-INTERACTION-A-012-role,09-ui-interaction,User interface interaction accessibility and design systems,role,"Smallest independently addressable role unit in user interface interaction accessibility and design systems, intended to be typed, referenced, transformed or validated without requiring a whole finished asset.",cross-standard,candidate,research-seed,SRC-HTML;SRC-ARIA;SRC-DESIGNTOKENS;SRC-POINTER;SRC-CSSVALUES;SRC-CSSCOLOR,
AXM-09-UI-INTERACTION-A-013-accessible-name,09-ui-interaction,User interface interaction accessibility and design systems,accessible name,"Smallest independently addressable accessible name unit in user interface interaction accessibility and design systems, intended to be typed, referenced, transformed or validated without requiring a whole finished asset.",cross-standard,candidate,research-seed,SRC-HTML;SRC-ARIA;SRC-DESIGNTOKENS;SRC-POINTER;SRC-CSSVALUES;SRC-CSSCOLOR,
AXM-09-UI-INTERACTION-A-014-accessible-description,09-ui-interaction,User interface interaction accessibility and design systems,accessible description,"Smallest independently addressable accessible description unit in user interface interaction accessibility and design systems, intended to be typed, referenced, transformed or validated without requiring a whole finished asset.",cross-standard,candidate,research-seed,SRC-HTML;SRC-ARIA;SRC-DESIGNTOKENS;SRC-POINTER;SRC-CSSVALUES;SRC-CSSCOLOR,
AXM-09-UI-INTERACTION-A-015-accessibility-state-property,09-ui-interaction,User interface interaction accessibility and design systems,accessibility state property,"Smallest independently addressable accessibility state property unit in user interface interaction accessibility and design systems, intended to be typed, referenced, transformed or validated without requiring a whole finished asset.",cross-standard,candidate,research-seed,SRC-HTML;SRC-ARIA;SRC-DESIGNTOKENS;SRC-POINTER;SRC-CSSVALUES;SRC-CSSCOLOR,
AXM-09-UI-INTERACTION-A-016-focus-state,09-ui-interaction,User interface interaction accessibility and design systems,focus state,"Smallest independently addressable focus state unit in user interface interaction accessibility and design systems, intended to be typed, referenced, transformed or validated without requiring a whole finished asset.",cross-standard,candidate,research-seed,SRC-HTML;SRC-ARIA;SRC-DESIGNTOKENS;SRC-POINTER;SRC-CSSVALUES;SRC-CSSCOLOR,
AXM-09-UI-INTERACTION-A-017-tab-index,09-ui-interaction,User interface interaction accessibility and design systems,tab index,"Smallest independently addressable tab index unit in user interface interaction accessibility and design systems, intended to be typed, referenced, transformed or validated without requiring a whole finished asset.",cross-standard,candidate,research-seed,SRC-HTML;SRC-ARIA;SRC-DESIGNTOKENS;SRC-POINTER;SRC-CSSVALUES;SRC-CSSCOLOR,
AXM-09-UI-INTERACTION-A-018-pointer-coordinate,09-ui-interaction,User interface interaction accessibility and design systems,pointer coordinate,"Smallest independently addressable pointer coordinate unit in user interface interaction accessibility and design systems, intended to be typed, referenced, transformed or validated without requiring a whole finished asset.",cross-standard,candidate,research-seed,SRC-HTML;SRC-ARIA;SRC-DESIGNTOKENS;SRC-POINTER;SRC-CSSVALUES;SRC-CSSCOLOR,
AXM-09-UI-INTERACTION-A-019-pressure,09-ui-interaction,User interface interaction accessibility and design systems,pressure,"Smallest independently addressable pressure unit in user interface interaction accessibility and design systems, intended to be typed, referenced, transformed or validated without requiring a whole finished asset.",cross-standard,candidate,research-seed,SRC-HTML;SRC-ARIA;SRC-DESIGNTOKENS;SRC-POINTER;SRC-CSSVALUES;SRC-CSSCOLOR,
AXM-09-UI-INTERACTION-A-020-tilt,09-ui-interaction,User interface interaction accessibility and design systems,tilt,"Smallest independently addressable tilt unit in user interface interaction accessibility and design systems, intended to be typed, referenced, transformed or validated without requiring a whole finished asset.",cross-standard,candidate,research-seed,SRC-HTML;SRC-ARIA;SRC-DESIGNTOKENS;SRC-POINTER;SRC-CSSVALUES;SRC-CSSCOLOR,
AXM-09-UI-INTERACTION-A-021-contact-geometry,09-ui-interaction,User interface interaction accessibility and design systems,contact geometry,"Smallest independently addressable contact geometry unit in user interface interaction accessibility and design systems, intended to be typed, referenced, transformed or validated without requiring a whole finished asset.",cross-standard,candidate,research-seed,SRC-HTML;SRC-ARIA;SRC-DESIGNTOKENS;SRC-POINTER;SRC-CSSVALUES;SRC-CSSCOLOR,
AXM-09-UI-INTERACTION-A-022-key-code,09-ui-interaction,User interface interaction accessibility and design systems,key code,"Smallest independently addressable key code unit in user interface interaction accessibility and design systems, intended to be typed, referenced, transformed or validated without requiring a whole finished asset.",cross-standard,candidate,research-seed,SRC-HTML;SRC-ARIA;SRC-DESIGNTOKENS;SRC-POINTER;SRC-CSSVALUES;SRC-CSSCOLOR,
AXM-09-UI-INTERACTION-A-023-modifier-key,09-ui-interaction,User interface interaction accessibility and design systems,modifier key,"Smallest independently addressable modifier key unit in user interface interaction accessibility and design systems, intended to be typed, referenced, transformed or validated without requiring a whole finished asset.",cross-standard,candidate,research-seed,SRC-HTML;SRC-ARIA;SRC-DESIGNTOKENS;SRC-POINTER;SRC-CSSVALUES;SRC-CSSCOLOR,
AXM-09-UI-INTERACTION-A-024-gesture-phase,09-ui-interaction,User interface interaction accessibility and design systems,gesture phase,"Smallest independently addressable gesture phase unit in user interface interaction accessibility and design systems, intended to be typed, referenced, transformed or validated without requiring a whole finished asset.",cross-standard,candidate,research-seed,SRC-HTML;SRC-ARIA;SRC-DESIGNTOKENS;SRC-POINTER;SRC-CSSVALUES;SRC-CSSCOLOR,
AXM-09-UI-INTERACTION-A-025-input-value,09-ui-interaction,User interface interaction accessibility and design systems,input value,"Smallest independently addressable input value unit in user interface interaction accessibility and design systems, intended to be typed, referenced, transformed or validated without requiring a whole finished asset.",cross-standard,candidate,research-seed,SRC-HTML;SRC-ARIA;SRC-DESIGNTOKENS;SRC-POINTER;SRC-CSSVALUES;SRC-CSSCOLOR,
AXM-09-UI-INTERACTION-A-026-validation-state,09-ui-interaction,User interface interaction accessibility and design systems,validation state,"Smallest independently addressable validation state unit in user interface interaction accessibility and design systems, intended to be typed, referenced, transformed or validated without requiring a whole finished asset.",cross-standard,candidate,research-seed,SRC-HTML;SRC-ARIA;SRC-DESIGNTOKENS;SRC-POINTER;SRC-CSSVALUES;SRC-CSSCOLOR,
AXM-09-UI-INTERACTION-A-027-selection-range,09-ui-interaction,User interface interaction accessibility and design systems,selection range,"Smallest independently addressable selection range unit in user interface interaction accessibility and design systems, intended to be typed, referenced, transformed or validated without requiring a whole finished asset.",cross-standard,candidate,research-seed,SRC-HTML;SRC-ARIA;SRC-DESIGNTOKENS;SRC-POINTER;SRC-CSSVALUES;SRC-CSSCOLOR,
AXM-09-UI-INTERACTION-A-028-cursor-position,09-ui-interaction,User interface interaction accessibility and design systems,cursor position,"Smallest independently addressable cursor position unit in user interface interaction accessibility and design systems, intended to be typed, referenced, transformed or validated without requiring a whole finished asset.",cross-standard,candidate,research-seed,SRC-HTML;SRC-ARIA;SRC-DESIGNTOKENS;SRC-POINTER;SRC-CSSVALUES;SRC-CSSCOLOR,
AXM-09-UI-INTERACTION-A-029-scroll-offset,09-ui-interaction,User interface interaction accessibility and design systems,scroll offset,"Smallest independently addressable scroll offset unit in user interface interaction accessibility and design systems, intended to be typed, referenced, transformed or validated without requiring a whole finished asset.",cross-standard,candidate,research-seed,SRC-HTML;SRC-ARIA;SRC-DESIGNTOKENS;SRC-POINTER;SRC-CSSVALUES;SRC-CSSCOLOR,
AXM-09-UI-INTERACTION-A-030-viewport-size,09-ui-interaction,User interface interaction accessibility and design systems,viewport size,"Smallest independently addressable viewport size unit in user interface interaction accessibility and design systems, intended to be typed, referenced, transformed or validated without requiring a whole finished asset.",cross-standard,candidate,research-seed,SRC-HTML;SRC-ARIA;SRC-DESIGNTOKENS;SRC-POINTER;SRC-CSSVALUES;SRC-CSSCOLOR,
AXM-09-UI-INTERACTION-A-031-anchor-point,09-ui-interaction,User interface interaction accessibility and design systems,anchor point,"Smallest independently addressable anchor point unit in user interface interaction accessibility and design systems, intended to be typed, referenced, transformed or validated without requiring a whole finished asset.",cross-standard,candidate,research-seed,SRC-HTML;SRC-ARIA;SRC-DESIGNTOKENS;SRC-POINTER;SRC-CSSVALUES;SRC-CSSCOLOR,
AXM-09-UI-INTERACTION-A-032-alignment,09-ui-interaction,User interface interaction accessibility and design systems,alignment,"Smallest independently addressable alignment unit in user interface interaction accessibility and design systems, intended to be typed, referenced, transformed or validated without requiring a whole finished asset.",cross-standard,candidate,research-seed,SRC-HTML;SRC-ARIA;SRC-DESIGNTOKENS;SRC-POINTER;SRC-CSSVALUES;SRC-CSSCOLOR,
AXM-09-UI-INTERACTION-A-033-gap,09-ui-interaction,User interface interaction accessibility and design systems,gap,"Smallest independently addressable gap unit in user interface interaction accessibility and design systems, intended to be typed, referenced, transformed or validated without requiring a whole finished asset.",cross-standard,candidate,research-seed,SRC-HTML;SRC-ARIA;SRC-DESIGNTOKENS;SRC-POINTER;SRC-CSSVALUES;SRC-CSSCOLOR,
AXM-09-UI-INTERACTION-A-034-padding,09-ui-interaction,User interface interaction accessibility and design systems,padding,"Smallest independently addressable padding unit in user interface interaction accessibility and design systems, intended to be typed, referenced, transformed or validated without requiring a whole finished asset.",cross-standard,candidate,research-seed,SRC-HTML;SRC-ARIA;SRC-DESIGNTOKENS;SRC-POINTER;SRC-CSSVALUES;SRC-CSSCOLOR,
AXM-09-UI-INTERACTION-A-035-margin,09-ui-interaction,User interface interaction accessibility and design systems,margin,"Smallest independently addressable margin unit in user interface interaction accessibility and design systems, intended to be typed, referenced, transformed or validated without requiring a whole finished asset.",cross-standard,candidate,research-seed,SRC-HTML;SRC-ARIA;SRC-DESIGNTOKENS;SRC-POINTER;SRC-CSSVALUES;SRC-CSSCOLOR,
AXM-09-UI-INTERACTION-A-036-opacity,09-ui-interaction,User interface interaction accessibility and design systems,opacity,"Smallest independently addressable opacity unit in user interface interaction accessibility and design systems, intended to be typed, referenced, transformed or validated without requiring a whole finished asset.",cross-standard,candidate,research-seed,SRC-HTML;SRC-ARIA;SRC-DESIGNTOKENS;SRC-POINTER;SRC-CSSVALUES;SRC-CSSCOLOR,
AXM-09-UI-INTERACTION-A-037-visibility,09-ui-interaction,User interface interaction accessibility and design systems,visibility,"Smallest independently addressable visibility unit in user interface interaction accessibility and design systems, intended to be typed, referenced, transformed or validated without requiring a whole finished asset.",cross-standard,candidate,research-seed,SRC-HTML;SRC-ARIA;SRC-DESIGNTOKENS;SRC-POINTER;SRC-CSSVALUES;SRC-CSSCOLOR,
AXM-09-UI-INTERACTION-A-038-hover-state,09-ui-interaction,User interface interaction accessibility and design systems,hover state,"Smallest independently addressable hover state unit in user interface interaction accessibility and design systems, intended to be typed, referenced, transformed or validated without requiring a whole finished asset.",cross-standard,candidate,research-seed,SRC-HTML;SRC-ARIA;SRC-DESIGNTOKENS;SRC-POINTER;SRC-CSSVALUES;SRC-CSSCOLOR,
AXM-09-UI-INTERACTION-A-039-pressed-state,09-ui-interaction,User interface interaction accessibility and design systems,pressed state,"Smallest independently addressable pressed state unit in user interface interaction accessibility and design systems, intended to be typed, referenced, transformed or validated without requiring a whole finished asset.",cross-standard,candidate,research-seed,SRC-HTML;SRC-ARIA;SRC-DESIGNTOKENS;SRC-POINTER;SRC-CSSVALUES;SRC-CSSCOLOR,
AXM-09-UI-INTERACTION-A-040-checked-state,09-ui-interaction,User interface interaction accessibility and design systems,checked state,"Smallest independently addressable checked state unit in user interface interaction accessibility and design systems, intended to be typed, referenced, transformed or validated without requiring a whole finished asset.",cross-standard,candidate,research-seed,SRC-HTML;SRC-ARIA;SRC-DESIGNTOKENS;SRC-POINTER;SRC-CSSVALUES;SRC-CSSCOLOR,
AXM-09-UI-INTERACTION-A-041-expanded-state,09-ui-interaction,User interface interaction accessibility and design systems,expanded state,"Smallest independently addressable expanded state unit in user interface interaction accessibility and design systems, intended to be typed, referenced, transformed or validated without requiring a whole finished asset.",cross-standard,candidate,research-seed,SRC-HTML;SRC-ARIA;SRC-DESIGNTOKENS;SRC-POINTER;SRC-CSSVALUES;SRC-CSSCOLOR,
AXM-09-UI-INTERACTION-A-042-disabled-state,09-ui-interaction,User interface interaction accessibility and design systems,disabled state,"Smallest independently addressable disabled state unit in user interface interaction accessibility and design systems, intended to be typed, referenced, transformed or validated without requiring a whole finished asset.",cross-standard,candidate,research-seed,SRC-HTML;SRC-ARIA;SRC-DESIGNTOKENS;SRC-POINTER;SRC-CSSVALUES;SRC-CSSCOLOR,
AXM-10-2D-IMAGING-A-001-pixel,10-2d-imaging,2D raster vector imaging color and texture,pixel,"Smallest independently addressable pixel unit in 2d raster vector imaging color and texture, intended to be typed, referenced, transformed or validated without requiring a whole finished asset.",cross-standard,candidate,research-seed,SRC-SVG;SRC-PNG;SRC-OPENEXR;SRC-OCIO;SRC-CSSCOLOR,
AXM-10-2D-IMAGING-A-002-sample-channel,10-2d-imaging,2D raster vector imaging color and texture,sample channel,"Smallest independently addressable sample channel unit in 2d raster vector imaging color and texture, intended to be typed, referenced, transformed or validated without requiring a whole finished asset.",cross-standard,candidate,research-seed,SRC-SVG;SRC-PNG;SRC-OPENEXR;SRC-OCIO;SRC-CSSCOLOR,
AXM-10-2D-IMAGING-A-003-color-channel,10-2d-imaging,2D raster vector imaging color and texture,color channel,"Smallest independently addressable color channel unit in 2d raster vector imaging color and texture, intended to be typed, referenced, transformed or validated without requiring a whole finished asset.",cross-standard,candidate,research-seed,SRC-SVG;SRC-PNG;SRC-OPENEXR;SRC-OCIO;SRC-CSSCOLOR,
AXM-10-2D-IMAGING-A-004-alpha-sample,10-2d-imaging,2D raster vector imaging color and texture,alpha sample,"Smallest independently addressable alpha sample unit in 2d raster vector imaging color and texture, intended to be typed, referenced, transformed or validated without requiring a whole finished asset.",cross-standard,candidate,research-seed,SRC-SVG;SRC-PNG;SRC-OPENEXR;SRC-OCIO;SRC-CSSCOLOR,
AXM-10-2D-IMAGING-A-005-palette-index,10-2d-imaging,2D raster vector imaging color and texture,palette index,"Smallest independently addressable palette index unit in 2d raster vector imaging color and texture, intended to be typed, referenced, transformed or validated without requiring a whole finished asset.",cross-standard,candidate,research-seed,SRC-SVG;SRC-PNG;SRC-OPENEXR;SRC-OCIO;SRC-CSSCOLOR,
AXM-10-2D-IMAGING-A-006-scanline,10-2d-imaging,2D raster vector imaging color and texture,scanline,"Smallest independently addressable scanline unit in 2d raster vector imaging color and texture, intended to be typed, referenced, transformed or validated without requiring a whole finished asset.",cross-standard,candidate,research-seed,SRC-SVG;SRC-PNG;SRC-OPENEXR;SRC-OCIO;SRC-CSSCOLOR,
AXM-10-2D-IMAGING-A-007-image-tile,10-2d-imaging,2D raster vector imaging color and texture,image tile,"Smallest independently addressable image tile unit in 2d raster vector imaging color and texture, intended to be typed, referenced, transformed or validated without requiring a whole finished asset.",cross-standard,candidate,research-seed,SRC-SVG;SRC-PNG;SRC-OPENEXR;SRC-OCIO;SRC-CSSCOLOR,
AXM-10-2D-IMAGING-A-008-mip-level,10-2d-imaging,2D raster vector imaging color and texture,mip level,"Smallest independently addressable mip level unit in 2d raster vector imaging color and texture, intended to be typed, referenced, transformed or validated without requiring a whole finished asset.",cross-standard,candidate,research-seed,SRC-SVG;SRC-PNG;SRC-OPENEXR;SRC-OCIO;SRC-CSSCOLOR,
AXM-10-2D-IMAGING-A-009-image-coordinate,10-2d-imaging,2D raster vector imaging color and texture,image coordinate,"Smallest independently addressable image coordinate unit in 2d raster vector imaging color and texture, intended to be typed, referenced, transformed or validated without requiring a whole finished asset.",cross-standard,candidate,research-seed,SRC-SVG;SRC-PNG;SRC-OPENEXR;SRC-OCIO;SRC-CSSCOLOR,
AXM-10-2D-IMAGING-A-010-resolution,10-2d-imaging,2D raster vector imaging color and texture,resolution,"Smallest independently addressable resolution unit in 2d raster vector imaging color and texture, intended to be typed, referenced, transformed or validated without requiring a whole finished asset.",cross-standard,candidate,research-seed,SRC-SVG;SRC-PNG;SRC-OPENEXR;SRC-OCIO;SRC-CSSCOLOR,
AXM-10-2D-IMAGING-A-011-bit-depth,10-2d-imaging,2D raster vector imaging color and texture,bit depth,"Smallest independently addressable bit depth unit in 2d raster vector imaging color and texture, intended to be typed, referenced, transformed or validated without requiring a whole finished asset.",cross-standard,candidate,research-seed,SRC-SVG;SRC-PNG;SRC-OPENEXR;SRC-OCIO;SRC-CSSCOLOR,
AXM-10-2D-IMAGING-A-012-compression-block,10-2d-imaging,2D raster vector imaging color and texture,compression block,"Smallest independently addressable compression block unit in 2d raster vector imaging color and texture, intended to be typed, referenced, transformed or validated without requiring a whole finished asset.",cross-standard,candidate,research-seed,SRC-SVG;SRC-PNG;SRC-OPENEXR;SRC-OCIO;SRC-CSSCOLOR,
AXM-10-2D-IMAGING-A-013-path-command,10-2d-imaging,2D raster vector imaging color and texture,path command,"Smallest independently addressable path command unit in 2d raster vector imaging color and texture, intended to be typed, referenced, transformed or validated without requiring a whole finished asset.",cross-standard,candidate,research-seed,SRC-SVG;SRC-PNG;SRC-OPENEXR;SRC-OCIO;SRC-CSSCOLOR,
AXM-10-2D-IMAGING-A-014-move-command,10-2d-imaging,2D raster vector imaging color and texture,move command,"Smallest independently addressable move command unit in 2d raster vector imaging color and texture, intended to be typed, referenced, transformed or validated without requiring a whole finished asset.",cross-standard,candidate,research-seed,SRC-SVG;SRC-PNG;SRC-OPENEXR;SRC-OCIO;SRC-CSSCOLOR,
AXM-10-2D-IMAGING-A-015-line-command,10-2d-imaging,2D raster vector imaging color and texture,line command,"Smallest independently addressable line command unit in 2d raster vector imaging color and texture, intended to be typed, referenced, transformed or validated without requiring a whole finished asset.",cross-standard,candidate,research-seed,SRC-SVG;SRC-PNG;SRC-OPENEXR;SRC-OCIO;SRC-CSSCOLOR,
AXM-10-2D-IMAGING-A-016-curve-command,10-2d-imaging,2D raster vector imaging color and texture,curve command,"Smallest independently addressable curve command unit in 2d raster vector imaging color and texture, intended to be typed, referenced, transformed or validated without requiring a whole finished asset.",cross-standard,candidate,research-seed,SRC-SVG;SRC-PNG;SRC-OPENEXR;SRC-OCIO;SRC-CSSCOLOR,
AXM-10-2D-IMAGING-A-017-arc-command,10-2d-imaging,2D raster vector imaging color and texture,arc command,"Smallest independently addressable arc command unit in 2d raster vector imaging color and texture, intended to be typed, referenced, transformed or validated without requiring a whole finished asset.",cross-standard,candidate,research-seed,SRC-SVG;SRC-PNG;SRC-OPENEXR;SRC-OCIO;SRC-CSSCOLOR,
AXM-10-2D-IMAGING-A-018-close-path-command,10-2d-imaging,2D raster vector imaging color and texture,close-path command,"Smallest independently addressable close-path command unit in 2d raster vector imaging color and texture, intended to be typed, referenced, transformed or validated without requiring a whole finished asset.",cross-standard,candidate,research-seed,SRC-SVG;SRC-PNG;SRC-OPENEXR;SRC-OCIO;SRC-CSSCOLOR,
AXM-10-2D-IMAGING-A-019-control-point,10-2d-imaging,2D raster vector imaging color and texture,control point,"Smallest independently addressable control point unit in 2d raster vector imaging color and texture, intended to be typed, referenced, transformed or validated without requiring a whole finished asset.",cross-standard,candidate,research-seed,SRC-SVG;SRC-PNG;SRC-OPENEXR;SRC-OCIO;SRC-CSSCOLOR,
AXM-10-2D-IMAGING-A-020-vector-point,10-2d-imaging,2D raster vector imaging color and texture,vector point,"Smallest independently addressable vector point unit in 2d raster vector imaging color and texture, intended to be typed, referenced, transformed or validated without requiring a whole finished asset.",cross-standard,candidate,research-seed,SRC-SVG;SRC-PNG;SRC-OPENEXR;SRC-OCIO;SRC-CSSCOLOR,
AXM-10-2D-IMAGING-A-021-stroke-width,10-2d-imaging,2D raster vector imaging color and texture,stroke width,"Smallest independently addressable stroke width unit in 2d raster vector imaging color and texture, intended to be typed, referenced, transformed or validated without requiring a whole finished asset.",cross-standard,candidate,research-seed,SRC-SVG;SRC-PNG;SRC-OPENEXR;SRC-OCIO;SRC-CSSCOLOR,
AXM-10-2D-IMAGING-A-022-stroke-cap,10-2d-imaging,2D raster vector imaging color and texture,stroke cap,"Smallest independently addressable stroke cap unit in 2d raster vector imaging color and texture, intended to be typed, referenced, transformed or validated without requiring a whole finished asset.",cross-standard,candidate,research-seed,SRC-SVG;SRC-PNG;SRC-OPENEXR;SRC-OCIO;SRC-CSSCOLOR,
AXM-10-2D-IMAGING-A-023-stroke-join,10-2d-imaging,2D raster vector imaging color and texture,stroke join,"Smallest independently addressable stroke join unit in 2d raster vector imaging color and texture, intended to be typed, referenced, transformed or validated without requiring a whole finished asset.",cross-standard,candidate,research-seed,SRC-SVG;SRC-PNG;SRC-OPENEXR;SRC-OCIO;SRC-CSSCOLOR,
AXM-10-2D-IMAGING-A-024-fill-rule,10-2d-imaging,2D raster vector imaging color and texture,fill rule,"Smallest independently addressable fill rule unit in 2d raster vector imaging color and texture, intended to be typed, referenced, transformed or validated without requiring a whole finished asset.",cross-standard,candidate,research-seed,SRC-SVG;SRC-PNG;SRC-OPENEXR;SRC-OCIO;SRC-CSSCOLOR,
AXM-10-2D-IMAGING-A-025-gradient-stop,10-2d-imaging,2D raster vector imaging color and texture,gradient stop,"Smallest independently addressable gradient stop unit in 2d raster vector imaging color and texture, intended to be typed, referenced, transformed or validated without requiring a whole finished asset.",cross-standard,candidate,research-seed,SRC-SVG;SRC-PNG;SRC-OPENEXR;SRC-OCIO;SRC-CSSCOLOR,
AXM-10-2D-IMAGING-A-026-pattern-cell,10-2d-imaging,2D raster vector imaging color and texture,pattern cell,"Smallest independently addressable pattern cell unit in 2d raster vector imaging color and texture, intended to be typed, referenced, transformed or validated without requiring a whole finished asset.",cross-standard,candidate,research-seed,SRC-SVG;SRC-PNG;SRC-OPENEXR;SRC-OCIO;SRC-CSSCOLOR,
AXM-10-2D-IMAGING-A-027-clipping-point,10-2d-imaging,2D raster vector imaging color and texture,clipping point,"Smallest independently addressable clipping point unit in 2d raster vector imaging color and texture, intended to be typed, referenced, transformed or validated without requiring a whole finished asset.",cross-standard,candidate,research-seed,SRC-SVG;SRC-PNG;SRC-OPENEXR;SRC-OCIO;SRC-CSSCOLOR,
AXM-10-2D-IMAGING-A-028-mask-sample,10-2d-imaging,2D raster vector imaging color and texture,mask sample,"Smallest independently addressable mask sample unit in 2d raster vector imaging color and texture, intended to be typed, referenced, transformed or validated without requiring a whole finished asset.",cross-standard,candidate,research-seed,SRC-SVG;SRC-PNG;SRC-OPENEXR;SRC-OCIO;SRC-CSSCOLOR,
AXM-10-2D-IMAGING-A-029-filter-parameter,10-2d-imaging,2D raster vector imaging color and texture,filter parameter,"Smallest independently addressable filter parameter unit in 2d raster vector imaging color and texture, intended to be typed, referenced, transformed or validated without requiring a whole finished asset.",cross-standard,candidate,research-seed,SRC-SVG;SRC-PNG;SRC-OPENEXR;SRC-OCIO;SRC-CSSCOLOR,
AXM-10-2D-IMAGING-A-030-kernel-value,10-2d-imaging,2D raster vector imaging color and texture,kernel value,"Smallest independently addressable kernel value unit in 2d raster vector imaging color and texture, intended to be typed, referenced, transformed or validated without requiring a whole finished asset.",cross-standard,candidate,research-seed,SRC-SVG;SRC-PNG;SRC-OPENEXR;SRC-OCIO;SRC-CSSCOLOR,
AXM-10-2D-IMAGING-A-031-layer-order,10-2d-imaging,2D raster vector imaging color and texture,layer order,"Smallest independently addressable layer order unit in 2d raster vector imaging color and texture, intended to be typed, referenced, transformed or validated without requiring a whole finished asset.",cross-standard,candidate,research-seed,SRC-SVG;SRC-PNG;SRC-OPENEXR;SRC-OCIO;SRC-CSSCOLOR,
AXM-10-2D-IMAGING-A-032-blend-mode,10-2d-imaging,2D raster vector imaging color and texture,blend mode,"Smallest independently addressable blend mode unit in 2d raster vector imaging color and texture, intended to be typed, referenced, transformed or validated without requiring a whole finished asset.",cross-standard,candidate,research-seed,SRC-SVG;SRC-PNG;SRC-OPENEXR;SRC-OCIO;SRC-CSSCOLOR,
AXM-10-2D-IMAGING-A-033-opacity,10-2d-imaging,2D raster vector imaging color and texture,opacity,"Smallest independently addressable opacity unit in 2d raster vector imaging color and texture, intended to be typed, referenced, transformed or validated without requiring a whole finished asset.",cross-standard,candidate,research-seed,SRC-SVG;SRC-PNG;SRC-OPENEXR;SRC-OCIO;SRC-CSSCOLOR,
AXM-10-2D-IMAGING-A-034-crop-boundary,10-2d-imaging,2D raster vector imaging color and texture,crop boundary,"Smallest independently addressable crop boundary unit in 2d raster vector imaging color and texture, intended to be typed, referenced, transformed or validated without requiring a whole finished asset.",cross-standard,candidate,research-seed,SRC-SVG;SRC-PNG;SRC-OPENEXR;SRC-OCIO;SRC-CSSCOLOR,
AXM-10-2D-IMAGING-A-035-selection-mask-value,10-2d-imaging,2D raster vector imaging color and texture,selection-mask value,"Smallest independently addressable selection-mask value unit in 2d raster vector imaging color and texture, intended to be typed, referenced, transformed or validated without requiring a whole finished asset.",cross-standard,candidate,research-seed,SRC-SVG;SRC-PNG;SRC-OPENEXR;SRC-OCIO;SRC-CSSCOLOR,
AXM-10-2D-IMAGING-A-036-image-metadata-field,10-2d-imaging,2D raster vector imaging color and texture,image metadata field,"Smallest independently addressable image metadata field unit in 2d raster vector imaging color and texture, intended to be typed, referenced, transformed or validated without requiring a whole finished asset.",cross-standard,candidate,research-seed,SRC-SVG;SRC-PNG;SRC-OPENEXR;SRC-OCIO;SRC-CSSCOLOR,
AXM-10-2D-IMAGING-A-037-color-profile-reference,10-2d-imaging,2D raster vector imaging color and texture,color-profile reference,"Smallest independently addressable color-profile reference unit in 2d raster vector imaging color and texture, intended to be typed, referenced, transformed or validated without requiring a whole finished asset.",cross-standard,candidate,research-seed,SRC-SVG;SRC-PNG;SRC-OPENEXR;SRC-OCIO;SRC-CSSCOLOR,
AXM-10-2D-IMAGING-A-038-deep-sample-depth,10-2d-imaging,2D raster vector imaging color and texture,deep-sample depth,"Smallest independently addressable deep-sample depth unit in 2d raster vector imaging color and texture, intended to be typed, referenced, transformed or validated without requiring a whole finished asset.",cross-standard,candidate,research-seed,SRC-SVG;SRC-PNG;SRC-OPENEXR;SRC-OCIO;SRC-CSSCOLOR,
AXM-10-2D-IMAGING-A-039-deep-sample-value,10-2d-imaging,2D raster vector imaging color and texture,deep-sample value,"Smallest independently addressable deep-sample value unit in 2d raster vector imaging color and texture, intended to be typed, referenced, transformed or validated without requiring a whole finished asset.",cross-standard,candidate,research-seed,SRC-SVG;SRC-PNG;SRC-OPENEXR;SRC-OCIO;SRC-CSSCOLOR,
AXM-10-2D-IMAGING-A-040-view-identifier,10-2d-imaging,2D raster vector imaging color and texture,view identifier,"Smallest independently addressable view identifier unit in 2d raster vector imaging color and texture, intended to be typed, referenced, transformed or validated without requiring a whole finished asset.",cross-standard,candidate,research-seed,SRC-SVG;SRC-PNG;SRC-OPENEXR;SRC-OCIO;SRC-CSSCOLOR,
AXM-10-2D-IMAGING-A-041-channel-name,10-2d-imaging,2D raster vector imaging color and texture,channel name,"Smallest independently addressable channel name unit in 2d raster vector imaging color and texture, intended to be typed, referenced, transformed or validated without requiring a whole finished asset.",cross-standard,candidate,research-seed,SRC-SVG;SRC-PNG;SRC-OPENEXR;SRC-OCIO;SRC-CSSCOLOR,
AXM-11-3D-SPATIAL-A-001-3d-point,11-3d-spatial,3D geometry scenes volumes fields and spatial representations,3D point,"Smallest independently addressable 3D point unit in 3d geometry scenes volumes fields and spatial representations, intended to be typed, referenced, transformed or validated without requiring a whole finished asset.",cross-standard,candidate,research-seed,SRC-GLTF;SRC-USD;SRC-OPENVDB;SRC-3DTILES;SRC-NERF;SRC-3DGS,
AXM-11-3D-SPATIAL-A-002-vertex,11-3d-spatial,3D geometry scenes volumes fields and spatial representations,vertex,"Smallest independently addressable vertex unit in 3d geometry scenes volumes fields and spatial representations, intended to be typed, referenced, transformed or validated without requiring a whole finished asset.",cross-standard,candidate,research-seed,SRC-GLTF;SRC-USD;SRC-OPENVDB;SRC-3DTILES;SRC-NERF;SRC-3DGS,
AXM-11-3D-SPATIAL-A-003-edge,11-3d-spatial,3D geometry scenes volumes fields and spatial representations,edge,"Smallest independently addressable edge unit in 3d geometry scenes volumes fields and spatial representations, intended to be typed, referenced, transformed or validated without requiring a whole finished asset.",cross-standard,candidate,research-seed,SRC-GLTF;SRC-USD;SRC-OPENVDB;SRC-3DTILES;SRC-NERF;SRC-3DGS,
AXM-11-3D-SPATIAL-A-004-polygon-corner,11-3d-spatial,3D geometry scenes volumes fields and spatial representations,polygon corner,"Smallest independently addressable polygon corner unit in 3d geometry scenes volumes fields and spatial representations, intended to be typed, referenced, transformed or validated without requiring a whole finished asset.",cross-standard,candidate,research-seed,SRC-GLTF;SRC-USD;SRC-OPENVDB;SRC-3DTILES;SRC-NERF;SRC-3DGS,
AXM-11-3D-SPATIAL-A-005-face,11-3d-spatial,3D geometry scenes volumes fields and spatial representations,face,"Smallest independently addressable face unit in 3d geometry scenes volumes fields and spatial representations, intended to be typed, referenced, transformed or validated without requiring a whole finished asset.",cross-standard,candidate,research-seed,SRC-GLTF;SRC-USD;SRC-OPENVDB;SRC-3DTILES;SRC-NERF;SRC-3DGS,
AXM-11-3D-SPATIAL-A-006-triangle,11-3d-spatial,3D geometry scenes volumes fields and spatial representations,triangle,"Smallest independently addressable triangle unit in 3d geometry scenes volumes fields and spatial representations, intended to be typed, referenced, transformed or validated without requiring a whole finished asset.",cross-standard,candidate,research-seed,SRC-GLTF;SRC-USD;SRC-OPENVDB;SRC-3DTILES;SRC-NERF;SRC-3DGS,
AXM-11-3D-SPATIAL-A-007-quad,11-3d-spatial,3D geometry scenes volumes fields and spatial representations,quad,"Smallest independently addressable quad unit in 3d geometry scenes volumes fields and spatial representations, intended to be typed, referenced, transformed or validated without requiring a whole finished asset.",cross-standard,candidate,research-seed,SRC-GLTF;SRC-USD;SRC-OPENVDB;SRC-3DTILES;SRC-NERF;SRC-3DGS,
AXM-11-3D-SPATIAL-A-008-polygon,11-3d-spatial,3D geometry scenes volumes fields and spatial representations,polygon,"Smallest independently addressable polygon unit in 3d geometry scenes volumes fields and spatial representations, intended to be typed, referenced, transformed or validated without requiring a whole finished asset.",cross-standard,candidate,research-seed,SRC-GLTF;SRC-USD;SRC-OPENVDB;SRC-3DTILES;SRC-NERF;SRC-3DGS,
AXM-11-3D-SPATIAL-A-009-normal,11-3d-spatial,3D geometry scenes volumes fields and spatial representations,normal,"Smallest independently addressable normal unit in 3d geometry scenes volumes fields and spatial representations, intended to be typed, referenced, transformed or validated without requiring a whole finished asset.",cross-standard,candidate,research-seed,SRC-GLTF;SRC-USD;SRC-OPENVDB;SRC-3DTILES;SRC-NERF;SRC-3DGS,
AXM-11-3D-SPATIAL-A-010-tangent,11-3d-spatial,3D geometry scenes volumes fields and spatial representations,tangent,"Smallest independently addressable tangent unit in 3d geometry scenes volumes fields and spatial representations, intended to be typed, referenced, transformed or validated without requiring a whole finished asset.",cross-standard,candidate,research-seed,SRC-GLTF;SRC-USD;SRC-OPENVDB;SRC-3DTILES;SRC-NERF;SRC-3DGS,
AXM-11-3D-SPATIAL-A-011-bitangent,11-3d-spatial,3D geometry scenes volumes fields and spatial representations,bitangent,"Smallest independently addressable bitangent unit in 3d geometry scenes volumes fields and spatial representations, intended to be typed, referenced, transformed or validated without requiring a whole finished asset.",cross-standard,candidate,research-seed,SRC-GLTF;SRC-USD;SRC-OPENVDB;SRC-3DTILES;SRC-NERF;SRC-3DGS,
AXM-11-3D-SPATIAL-A-012-uv-coordinate,11-3d-spatial,3D geometry scenes volumes fields and spatial representations,UV coordinate,"Smallest independently addressable UV coordinate unit in 3d geometry scenes volumes fields and spatial representations, intended to be typed, referenced, transformed or validated without requiring a whole finished asset.",cross-standard,candidate,research-seed,SRC-GLTF;SRC-USD;SRC-OPENVDB;SRC-3DTILES;SRC-NERF;SRC-3DGS,
AXM-11-3D-SPATIAL-A-013-vertex-color,11-3d-spatial,3D geometry scenes volumes fields and spatial representations,vertex color,"Smallest independently addressable vertex color unit in 3d geometry scenes volumes fields and spatial representations, intended to be typed, referenced, transformed or validated without requiring a whole finished asset.",cross-standard,candidate,research-seed,SRC-GLTF;SRC-USD;SRC-OPENVDB;SRC-3DTILES;SRC-NERF;SRC-3DGS,
AXM-11-3D-SPATIAL-A-014-vertex-weight,11-3d-spatial,3D geometry scenes volumes fields and spatial representations,vertex weight,"Smallest independently addressable vertex weight unit in 3d geometry scenes volumes fields and spatial representations, intended to be typed, referenced, transformed or validated without requiring a whole finished asset.",cross-standard,candidate,research-seed,SRC-GLTF;SRC-USD;SRC-OPENVDB;SRC-3DTILES;SRC-NERF;SRC-3DGS,
AXM-11-3D-SPATIAL-A-015-bone-index,11-3d-spatial,3D geometry scenes volumes fields and spatial representations,bone index,"Smallest independently addressable bone index unit in 3d geometry scenes volumes fields and spatial representations, intended to be typed, referenced, transformed or validated without requiring a whole finished asset.",cross-standard,candidate,research-seed,SRC-GLTF;SRC-USD;SRC-OPENVDB;SRC-3DTILES;SRC-NERF;SRC-3DGS,
AXM-11-3D-SPATIAL-A-016-transform,11-3d-spatial,3D geometry scenes volumes fields and spatial representations,transform,"Smallest independently addressable transform unit in 3d geometry scenes volumes fields and spatial representations, intended to be typed, referenced, transformed or validated without requiring a whole finished asset.",cross-standard,candidate,research-seed,SRC-GLTF;SRC-USD;SRC-OPENVDB;SRC-3DTILES;SRC-NERF;SRC-3DGS,
AXM-11-3D-SPATIAL-A-017-translation,11-3d-spatial,3D geometry scenes volumes fields and spatial representations,translation,"Smallest independently addressable translation unit in 3d geometry scenes volumes fields and spatial representations, intended to be typed, referenced, transformed or validated without requiring a whole finished asset.",cross-standard,candidate,research-seed,SRC-GLTF;SRC-USD;SRC-OPENVDB;SRC-3DTILES;SRC-NERF;SRC-3DGS,
AXM-11-3D-SPATIAL-A-018-rotation,11-3d-spatial,3D geometry scenes volumes fields and spatial representations,rotation,"Smallest independently addressable rotation unit in 3d geometry scenes volumes fields and spatial representations, intended to be typed, referenced, transformed or validated without requiring a whole finished asset.",cross-standard,candidate,research-seed,SRC-GLTF;SRC-USD;SRC-OPENVDB;SRC-3DTILES;SRC-NERF;SRC-3DGS,
AXM-11-3D-SPATIAL-A-019-scale,11-3d-spatial,3D geometry scenes volumes fields and spatial representations,scale,"Smallest independently addressable scale unit in 3d geometry scenes volumes fields and spatial representations, intended to be typed, referenced, transformed or validated without requiring a whole finished asset.",cross-standard,candidate,research-seed,SRC-GLTF;SRC-USD;SRC-OPENVDB;SRC-3DTILES;SRC-NERF;SRC-3DGS,
AXM-11-3D-SPATIAL-A-020-bounding-box,11-3d-spatial,3D geometry scenes volumes fields and spatial representations,bounding box,"Smallest independently addressable bounding box unit in 3d geometry scenes volumes fields and spatial representations, intended to be typed, referenced, transformed or validated without requiring a whole finished asset.",cross-standard,candidate,research-seed,SRC-GLTF;SRC-USD;SRC-OPENVDB;SRC-3DTILES;SRC-NERF;SRC-3DGS,
AXM-11-3D-SPATIAL-A-021-bounding-sphere,11-3d-spatial,3D geometry scenes volumes fields and spatial representations,bounding sphere,"Smallest independently addressable bounding sphere unit in 3d geometry scenes volumes fields and spatial representations, intended to be typed, referenced, transformed or validated without requiring a whole finished asset.",cross-standard,candidate,research-seed,SRC-GLTF;SRC-USD;SRC-OPENVDB;SRC-3DTILES;SRC-NERF;SRC-3DGS,
AXM-11-3D-SPATIAL-A-022-ray,11-3d-spatial,3D geometry scenes volumes fields and spatial representations,ray,"Smallest independently addressable ray unit in 3d geometry scenes volumes fields and spatial representations, intended to be typed, referenced, transformed or validated without requiring a whole finished asset.",cross-standard,candidate,research-seed,SRC-GLTF;SRC-USD;SRC-OPENVDB;SRC-3DTILES;SRC-NERF;SRC-3DGS,
AXM-11-3D-SPATIAL-A-023-plane,11-3d-spatial,3D geometry scenes volumes fields and spatial representations,plane,"Smallest independently addressable plane unit in 3d geometry scenes volumes fields and spatial representations, intended to be typed, referenced, transformed or validated without requiring a whole finished asset.",cross-standard,candidate,research-seed,SRC-GLTF;SRC-USD;SRC-OPENVDB;SRC-3DTILES;SRC-NERF;SRC-3DGS,
AXM-11-3D-SPATIAL-A-024-curve-control-point,11-3d-spatial,3D geometry scenes volumes fields and spatial representations,curve control point,"Smallest independently addressable curve control point unit in 3d geometry scenes volumes fields and spatial representations, intended to be typed, referenced, transformed or validated without requiring a whole finished asset.",cross-standard,candidate,research-seed,SRC-GLTF;SRC-USD;SRC-OPENVDB;SRC-3DTILES;SRC-NERF;SRC-3DGS,
AXM-11-3D-SPATIAL-A-025-spline-knot,11-3d-spatial,3D geometry scenes volumes fields and spatial representations,spline knot,"Smallest independently addressable spline knot unit in 3d geometry scenes volumes fields and spatial representations, intended to be typed, referenced, transformed or validated without requiring a whole finished asset.",cross-standard,candidate,research-seed,SRC-GLTF;SRC-USD;SRC-OPENVDB;SRC-3DTILES;SRC-NERF;SRC-3DGS,
AXM-11-3D-SPATIAL-A-026-voxel,11-3d-spatial,3D geometry scenes volumes fields and spatial representations,voxel,"Smallest independently addressable voxel unit in 3d geometry scenes volumes fields and spatial representations, intended to be typed, referenced, transformed or validated without requiring a whole finished asset.",cross-standard,candidate,research-seed,SRC-GLTF;SRC-USD;SRC-OPENVDB;SRC-3DTILES;SRC-NERF;SRC-3DGS,
AXM-11-3D-SPATIAL-A-027-voxel-value,11-3d-spatial,3D geometry scenes volumes fields and spatial representations,voxel value,"Smallest independently addressable voxel value unit in 3d geometry scenes volumes fields and spatial representations, intended to be typed, referenced, transformed or validated without requiring a whole finished asset.",cross-standard,candidate,research-seed,SRC-GLTF;SRC-USD;SRC-OPENVDB;SRC-3DTILES;SRC-NERF;SRC-3DGS,
AXM-11-3D-SPATIAL-A-028-point-sample,11-3d-spatial,3D geometry scenes volumes fields and spatial representations,point sample,"Smallest independently addressable point sample unit in 3d geometry scenes volumes fields and spatial representations, intended to be typed, referenced, transformed or validated without requiring a whole finished asset.",cross-standard,candidate,research-seed,SRC-GLTF;SRC-USD;SRC-OPENVDB;SRC-3DTILES;SRC-NERF;SRC-3DGS,
AXM-11-3D-SPATIAL-A-029-splat-center,11-3d-spatial,3D geometry scenes volumes fields and spatial representations,splat center,"Smallest independently addressable splat center unit in 3d geometry scenes volumes fields and spatial representations, intended to be typed, referenced, transformed or validated without requiring a whole finished asset.",cross-standard,candidate,research-seed,SRC-GLTF;SRC-USD;SRC-OPENVDB;SRC-3DTILES;SRC-NERF;SRC-3DGS,
AXM-11-3D-SPATIAL-A-030-gaussian-covariance,11-3d-spatial,3D geometry scenes volumes fields and spatial representations,Gaussian covariance,"Smallest independently addressable Gaussian covariance unit in 3d geometry scenes volumes fields and spatial representations, intended to be typed, referenced, transformed or validated without requiring a whole finished asset.",primary-research-plus-cross-standard,candidate,research-seed,SRC-GLTF;SRC-USD;SRC-OPENVDB;SRC-3DTILES;SRC-NERF;SRC-3DGS,
AXM-11-3D-SPATIAL-A-031-gaussian-opacity,11-3d-spatial,3D geometry scenes volumes fields and spatial representations,Gaussian opacity,"Smallest independently addressable Gaussian opacity unit in 3d geometry scenes volumes fields and spatial representations, intended to be typed, referenced, transformed or validated without requiring a whole finished asset.",primary-research-plus-cross-standard,candidate,research-seed,SRC-GLTF;SRC-USD;SRC-OPENVDB;SRC-3DTILES;SRC-NERF;SRC-3DGS,
AXM-11-3D-SPATIAL-A-032-gaussian-color-coefficient,11-3d-spatial,3D geometry scenes volumes fields and spatial representations,Gaussian color coefficient,"Smallest independently addressable Gaussian color coefficient unit in 3d geometry scenes volumes fields and spatial representations, intended to be typed, referenced, transformed or validated without requiring a whole finished asset.",primary-research-plus-cross-standard,candidate,research-seed,SRC-GLTF;SRC-USD;SRC-OPENVDB;SRC-3DTILES;SRC-NERF;SRC-3DGS,
AXM-11-3D-SPATIAL-A-033-signed-distance-sample,11-3d-spatial,3D geometry scenes volumes fields and spatial representations,signed-distance sample,"Smallest independently addressable signed-distance sample unit in 3d geometry scenes volumes fields and spatial representations, intended to be typed, referenced, transformed or validated without requiring a whole finished asset.",cross-standard,candidate,research-seed,SRC-GLTF;SRC-USD;SRC-OPENVDB;SRC-3DTILES;SRC-NERF;SRC-3DGS,
AXM-11-3D-SPATIAL-A-034-occupancy-value,11-3d-spatial,3D geometry scenes volumes fields and spatial representations,occupancy value,"Smallest independently addressable occupancy value unit in 3d geometry scenes volumes fields and spatial representations, intended to be typed, referenced, transformed or validated without requiring a whole finished asset.",cross-standard,candidate,research-seed,SRC-GLTF;SRC-USD;SRC-OPENVDB;SRC-3DTILES;SRC-NERF;SRC-3DGS,
AXM-11-3D-SPATIAL-A-035-density-sample,11-3d-spatial,3D geometry scenes volumes fields and spatial representations,density sample,"Smallest independently addressable density sample unit in 3d geometry scenes volumes fields and spatial representations, intended to be typed, referenced, transformed or validated without requiring a whole finished asset.",cross-standard,candidate,research-seed,SRC-GLTF;SRC-USD;SRC-OPENVDB;SRC-3DTILES;SRC-NERF;SRC-3DGS,
AXM-11-3D-SPATIAL-A-036-radiance-sample,11-3d-spatial,3D geometry scenes volumes fields and spatial representations,radiance sample,"Smallest independently addressable radiance sample unit in 3d geometry scenes volumes fields and spatial representations, intended to be typed, referenced, transformed or validated without requiring a whole finished asset.",cross-standard,candidate,research-seed,SRC-GLTF;SRC-USD;SRC-OPENVDB;SRC-3DTILES;SRC-NERF;SRC-3DGS,
AXM-11-3D-SPATIAL-A-037-topology-index,11-3d-spatial,3D geometry scenes volumes fields and spatial representations,topology index,"Smallest independently addressable topology index unit in 3d geometry scenes volumes fields and spatial representations, intended to be typed, referenced, transformed or validated without requiring a whole finished asset.",cross-standard,candidate,research-seed,SRC-GLTF;SRC-USD;SRC-OPENVDB;SRC-3DTILES;SRC-NERF;SRC-3DGS,
AXM-11-3D-SPATIAL-A-038-primitive-mode,11-3d-spatial,3D geometry scenes volumes fields and spatial representations,primitive mode,"Smallest independently addressable primitive mode unit in 3d geometry scenes volumes fields and spatial representations, intended to be typed, referenced, transformed or validated without requiring a whole finished asset.",cross-standard,candidate,research-seed,SRC-GLTF;SRC-USD;SRC-OPENVDB;SRC-3DTILES;SRC-NERF;SRC-3DGS,
AXM-11-3D-SPATIAL-A-039-node-reference,11-3d-spatial,3D geometry scenes volumes fields and spatial representations,node reference,"Smallest independently addressable node reference unit in 3d geometry scenes volumes fields and spatial representations, intended to be typed, referenced, transformed or validated without requiring a whole finished asset.",cross-standard,candidate,research-seed,SRC-GLTF;SRC-USD;SRC-OPENVDB;SRC-3DTILES;SRC-NERF;SRC-3DGS,
AXM-11-3D-SPATIAL-A-040-camera-parameter,11-3d-spatial,3D geometry scenes volumes fields and spatial representations,camera parameter,"Smallest independently addressable camera parameter unit in 3d geometry scenes volumes fields and spatial representations, intended to be typed, referenced, transformed or validated without requiring a whole finished asset.",cross-standard,candidate,research-seed,SRC-GLTF;SRC-USD;SRC-OPENVDB;SRC-3DTILES;SRC-NERF;SRC-3DGS,
AXM-11-3D-SPATIAL-A-041-projection-parameter,11-3d-spatial,3D geometry scenes volumes fields and spatial representations,projection parameter,"Smallest independently addressable projection parameter unit in 3d geometry scenes volumes fields and spatial representations, intended to be typed, referenced, transformed or validated without requiring a whole finished asset.",cross-standard,candidate,research-seed,SRC-GLTF;SRC-USD;SRC-OPENVDB;SRC-3DTILES;SRC-NERF;SRC-3DGS,
AXM-11-3D-SPATIAL-A-042-light-parameter,11-3d-spatial,3D geometry scenes volumes fields and spatial representations,light parameter,"Smallest independently addressable light parameter unit in 3d geometry scenes volumes fields and spatial representations, intended to be typed, referenced, transformed or validated without requiring a whole finished asset.",cross-standard,candidate,research-seed,SRC-GLTF;SRC-USD;SRC-OPENVDB;SRC-3DTILES;SRC-NERF;SRC-3DGS,
AXM-11-3D-SPATIAL-A-043-level-of-detail-threshold,11-3d-spatial,3D geometry scenes volumes fields and spatial representations,level-of-detail threshold,"Smallest independently addressable level-of-detail threshold unit in 3d geometry scenes volumes fields and spatial representations, intended to be typed, referenced, transformed or validated without requiring a whole finished asset.",cross-standard,candidate,research-seed,SRC-GLTF;SRC-USD;SRC-OPENVDB;SRC-3DTILES;SRC-NERF;SRC-3DGS,
AXM-11-3D-SPATIAL-A-044-spatial-cell,11-3d-spatial,3D geometry scenes volumes fields and spatial representations,spatial cell,"Smallest independently addressable spatial cell unit in 3d geometry scenes volumes fields and spatial representations, intended to be typed, referenced, transformed or validated without requiring a whole finished asset.",cross-standard,candidate,research-seed,SRC-GLTF;SRC-USD;SRC-OPENVDB;SRC-3DTILES;SRC-NERF;SRC-3DGS,
AXM-11-3D-SPATIAL-A-045-tile-coordinate,11-3d-spatial,3D geometry scenes volumes fields and spatial representations,tile coordinate,"Smallest independently addressable tile coordinate unit in 3d geometry scenes volumes fields and spatial representations, intended to be typed, referenced, transformed or validated without requiring a whole finished asset.",cross-standard,candidate,research-seed,SRC-GLTF;SRC-USD;SRC-OPENVDB;SRC-3DTILES;SRC-NERF;SRC-3DGS,
AXM-11-3D-SPATIAL-A-046-instance-identifier,11-3d-spatial,3D geometry scenes volumes fields and spatial representations,instance identifier,"Smallest independently addressable instance identifier unit in 3d geometry scenes volumes fields and spatial representations, intended to be typed, referenced, transformed or validated without requiring a whole finished asset.",cross-standard,candidate,research-seed,SRC-GLTF;SRC-USD;SRC-OPENVDB;SRC-3DTILES;SRC-NERF;SRC-3DGS,
AXM-11-3D-SPATIAL-A-047-skin-joint-index,11-3d-spatial,3D geometry scenes volumes fields and spatial representations,skin joint index,"Smallest independently addressable skin joint index unit in 3d geometry scenes volumes fields and spatial representations, intended to be typed, referenced, transformed or validated without requiring a whole finished asset.",cross-standard,candidate,research-seed,SRC-GLTF;SRC-USD;SRC-OPENVDB;SRC-3DTILES;SRC-NERF;SRC-3DGS,
AXM-11-3D-SPATIAL-A-048-morph-target-delta,11-3d-spatial,3D geometry scenes volumes fields and spatial representations,morph-target delta,"Smallest independently addressable morph-target delta unit in 3d geometry scenes volumes fields and spatial representations, intended to be typed, referenced, transformed or validated without requiring a whole finished asset.",cross-standard,candidate,research-seed,SRC-GLTF;SRC-USD;SRC-OPENVDB;SRC-3DTILES;SRC-NERF;SRC-3DGS,
AXM-11-3D-SPATIAL-A-049-scene-layer-offset,11-3d-spatial,3D geometry scenes volumes fields and spatial representations,scene-layer offset,"Smallest independently addressable scene-layer offset unit in 3d geometry scenes volumes fields and spatial representations, intended to be typed, referenced, transformed or validated without requiring a whole finished asset.",cross-standard,candidate,research-seed,SRC-GLTF;SRC-USD;SRC-OPENVDB;SRC-3DTILES;SRC-NERF;SRC-3DGS,
AXM-12-RENDERING-MATERIALS-A-001-material-input,12-rendering-materials,Materials shaders color lighting and rendering,material input,"Smallest independently addressable material input unit in materials shaders color lighting and rendering, intended to be typed, referenced, transformed or validated without requiring a whole finished asset.",cross-standard,candidate,research-seed,SRC-MATERIALX;SRC-WEBGPU;SRC-OCIO;SRC-GLTF;SRC-CSSCOLOR,
AXM-12-RENDERING-MATERIALS-A-002-shader-parameter,12-rendering-materials,Materials shaders color lighting and rendering,shader parameter,"Smallest independently addressable shader parameter unit in materials shaders color lighting and rendering, intended to be typed, referenced, transformed or validated without requiring a whole finished asset.",cross-standard,candidate,research-seed,SRC-MATERIALX;SRC-WEBGPU;SRC-OCIO;SRC-GLTF;SRC-CSSCOLOR,
AXM-12-RENDERING-MATERIALS-A-003-shader-uniform,12-rendering-materials,Materials shaders color lighting and rendering,shader uniform,"Smallest independently addressable shader uniform unit in materials shaders color lighting and rendering, intended to be typed, referenced, transformed or validated without requiring a whole finished asset.",cross-standard,candidate,research-seed,SRC-MATERIALX;SRC-WEBGPU;SRC-OCIO;SRC-GLTF;SRC-CSSCOLOR,
AXM-12-RENDERING-MATERIALS-A-004-shader-attribute,12-rendering-materials,Materials shaders color lighting and rendering,shader attribute,"Smallest independently addressable shader attribute unit in materials shaders color lighting and rendering, intended to be typed, referenced, transformed or validated without requiring a whole finished asset.",cross-standard,candidate,research-seed,SRC-MATERIALX;SRC-WEBGPU;SRC-OCIO;SRC-GLTF;SRC-CSSCOLOR,
AXM-12-RENDERING-MATERIALS-A-005-shader-varying,12-rendering-materials,Materials shaders color lighting and rendering,shader varying,"Smallest independently addressable shader varying unit in materials shaders color lighting and rendering, intended to be typed, referenced, transformed or validated without requiring a whole finished asset.",cross-standard,candidate,research-seed,SRC-MATERIALX;SRC-WEBGPU;SRC-OCIO;SRC-GLTF;SRC-CSSCOLOR,
AXM-12-RENDERING-MATERIALS-A-006-resource-binding,12-rendering-materials,Materials shaders color lighting and rendering,resource binding,"Smallest independently addressable resource binding unit in materials shaders color lighting and rendering, intended to be typed, referenced, transformed or validated without requiring a whole finished asset.",cross-standard,candidate,research-seed,SRC-MATERIALX;SRC-WEBGPU;SRC-OCIO;SRC-GLTF;SRC-CSSCOLOR,
AXM-12-RENDERING-MATERIALS-A-007-texture-coordinate,12-rendering-materials,Materials shaders color lighting and rendering,texture coordinate,"Smallest independently addressable texture coordinate unit in materials shaders color lighting and rendering, intended to be typed, referenced, transformed or validated without requiring a whole finished asset.",cross-standard,candidate,research-seed,SRC-MATERIALX;SRC-WEBGPU;SRC-OCIO;SRC-GLTF;SRC-CSSCOLOR,
AXM-12-RENDERING-MATERIALS-A-008-sampler-setting,12-rendering-materials,Materials shaders color lighting and rendering,sampler setting,"Smallest independently addressable sampler setting unit in materials shaders color lighting and rendering, intended to be typed, referenced, transformed or validated without requiring a whole finished asset.",cross-standard,candidate,research-seed,SRC-MATERIALX;SRC-WEBGPU;SRC-OCIO;SRC-GLTF;SRC-CSSCOLOR,
AXM-12-RENDERING-MATERIALS-A-009-texture-slot,12-rendering-materials,Materials shaders color lighting and rendering,texture slot,"Smallest independently addressable texture slot unit in materials shaders color lighting and rendering, intended to be typed, referenced, transformed or validated without requiring a whole finished asset.",cross-standard,candidate,research-seed,SRC-MATERIALX;SRC-WEBGPU;SRC-OCIO;SRC-GLTF;SRC-CSSCOLOR,
AXM-12-RENDERING-MATERIALS-A-010-color-value,12-rendering-materials,Materials shaders color lighting and rendering,color value,"Smallest independently addressable color value unit in materials shaders color lighting and rendering, intended to be typed, referenced, transformed or validated without requiring a whole finished asset.",cross-standard,candidate,research-seed,SRC-MATERIALX;SRC-WEBGPU;SRC-OCIO;SRC-GLTF;SRC-CSSCOLOR,
AXM-12-RENDERING-MATERIALS-A-011-color-space-tag,12-rendering-materials,Materials shaders color lighting and rendering,color-space tag,"Smallest independently addressable color-space tag unit in materials shaders color lighting and rendering, intended to be typed, referenced, transformed or validated without requiring a whole finished asset.",cross-standard,candidate,research-seed,SRC-MATERIALX;SRC-WEBGPU;SRC-OCIO;SRC-GLTF;SRC-CSSCOLOR,
AXM-12-RENDERING-MATERIALS-A-012-transfer-function,12-rendering-materials,Materials shaders color lighting and rendering,transfer function,"Smallest independently addressable transfer function unit in materials shaders color lighting and rendering, intended to be typed, referenced, transformed or validated without requiring a whole finished asset.",cross-standard,candidate,research-seed,SRC-MATERIALX;SRC-WEBGPU;SRC-OCIO;SRC-GLTF;SRC-CSSCOLOR,
AXM-12-RENDERING-MATERIALS-A-013-luminance,12-rendering-materials,Materials shaders color lighting and rendering,luminance,"Smallest independently addressable luminance unit in materials shaders color lighting and rendering, intended to be typed, referenced, transformed or validated without requiring a whole finished asset.",cross-standard,candidate,research-seed,SRC-MATERIALX;SRC-WEBGPU;SRC-OCIO;SRC-GLTF;SRC-CSSCOLOR,
AXM-12-RENDERING-MATERIALS-A-014-chromaticity,12-rendering-materials,Materials shaders color lighting and rendering,chromaticity,"Smallest independently addressable chromaticity unit in materials shaders color lighting and rendering, intended to be typed, referenced, transformed or validated without requiring a whole finished asset.",cross-standard,candidate,research-seed,SRC-MATERIALX;SRC-WEBGPU;SRC-OCIO;SRC-GLTF;SRC-CSSCOLOR,
AXM-12-RENDERING-MATERIALS-A-015-roughness,12-rendering-materials,Materials shaders color lighting and rendering,roughness,"Smallest independently addressable roughness unit in materials shaders color lighting and rendering, intended to be typed, referenced, transformed or validated without requiring a whole finished asset.",cross-standard,candidate,research-seed,SRC-MATERIALX;SRC-WEBGPU;SRC-OCIO;SRC-GLTF;SRC-CSSCOLOR,
AXM-12-RENDERING-MATERIALS-A-016-metallic-value,12-rendering-materials,Materials shaders color lighting and rendering,metallic value,"Smallest independently addressable metallic value unit in materials shaders color lighting and rendering, intended to be typed, referenced, transformed or validated without requiring a whole finished asset.",cross-standard,candidate,research-seed,SRC-MATERIALX;SRC-WEBGPU;SRC-OCIO;SRC-GLTF;SRC-CSSCOLOR,
AXM-12-RENDERING-MATERIALS-A-017-specular-value,12-rendering-materials,Materials shaders color lighting and rendering,specular value,"Smallest independently addressable specular value unit in materials shaders color lighting and rendering, intended to be typed, referenced, transformed or validated without requiring a whole finished asset.",cross-standard,candidate,research-seed,SRC-MATERIALX;SRC-WEBGPU;SRC-OCIO;SRC-GLTF;SRC-CSSCOLOR,
AXM-12-RENDERING-MATERIALS-A-018-normal-value,12-rendering-materials,Materials shaders color lighting and rendering,normal value,"Smallest independently addressable normal value unit in materials shaders color lighting and rendering, intended to be typed, referenced, transformed or validated without requiring a whole finished asset.",cross-standard,candidate,research-seed,SRC-MATERIALX;SRC-WEBGPU;SRC-OCIO;SRC-GLTF;SRC-CSSCOLOR,
AXM-12-RENDERING-MATERIALS-A-019-displacement-value,12-rendering-materials,Materials shaders color lighting and rendering,displacement value,"Smallest independently addressable displacement value unit in materials shaders color lighting and rendering, intended to be typed, referenced, transformed or validated without requiring a whole finished asset.",cross-standard,candidate,research-seed,SRC-MATERIALX;SRC-WEBGPU;SRC-OCIO;SRC-GLTF;SRC-CSSCOLOR,
AXM-12-RENDERING-MATERIALS-A-020-emission-value,12-rendering-materials,Materials shaders color lighting and rendering,emission value,"Smallest independently addressable emission value unit in materials shaders color lighting and rendering, intended to be typed, referenced, transformed or validated without requiring a whole finished asset.",cross-standard,candidate,research-seed,SRC-MATERIALX;SRC-WEBGPU;SRC-OCIO;SRC-GLTF;SRC-CSSCOLOR,
AXM-12-RENDERING-MATERIALS-A-021-opacity-value,12-rendering-materials,Materials shaders color lighting and rendering,opacity value,"Smallest independently addressable opacity value unit in materials shaders color lighting and rendering, intended to be typed, referenced, transformed or validated without requiring a whole finished asset.",cross-standard,candidate,research-seed,SRC-MATERIALX;SRC-WEBGPU;SRC-OCIO;SRC-GLTF;SRC-CSSCOLOR,
AXM-12-RENDERING-MATERIALS-A-022-index-of-refraction,12-rendering-materials,Materials shaders color lighting and rendering,index of refraction,"Smallest independently addressable index of refraction unit in materials shaders color lighting and rendering, intended to be typed, referenced, transformed or validated without requiring a whole finished asset.",cross-standard,candidate,research-seed,SRC-MATERIALX;SRC-WEBGPU;SRC-OCIO;SRC-GLTF;SRC-CSSCOLOR,
AXM-12-RENDERING-MATERIALS-A-023-transmission-value,12-rendering-materials,Materials shaders color lighting and rendering,transmission value,"Smallest independently addressable transmission value unit in materials shaders color lighting and rendering, intended to be typed, referenced, transformed or validated without requiring a whole finished asset.",cross-standard,candidate,research-seed,SRC-MATERIALX;SRC-WEBGPU;SRC-OCIO;SRC-GLTF;SRC-CSSCOLOR,
AXM-12-RENDERING-MATERIALS-A-024-subsurface-value,12-rendering-materials,Materials shaders color lighting and rendering,subsurface value,"Smallest independently addressable subsurface value unit in materials shaders color lighting and rendering, intended to be typed, referenced, transformed or validated without requiring a whole finished asset.",cross-standard,candidate,research-seed,SRC-MATERIALX;SRC-WEBGPU;SRC-OCIO;SRC-GLTF;SRC-CSSCOLOR,
AXM-12-RENDERING-MATERIALS-A-025-anisotropy-value,12-rendering-materials,Materials shaders color lighting and rendering,anisotropy value,"Smallest independently addressable anisotropy value unit in materials shaders color lighting and rendering, intended to be typed, referenced, transformed or validated without requiring a whole finished asset.",cross-standard,candidate,research-seed,SRC-MATERIALX;SRC-WEBGPU;SRC-OCIO;SRC-GLTF;SRC-CSSCOLOR,
AXM-12-RENDERING-MATERIALS-A-026-clearcoat-value,12-rendering-materials,Materials shaders color lighting and rendering,clearcoat value,"Smallest independently addressable clearcoat value unit in materials shaders color lighting and rendering, intended to be typed, referenced, transformed or validated without requiring a whole finished asset.",cross-standard,candidate,research-seed,SRC-MATERIALX;SRC-WEBGPU;SRC-OCIO;SRC-GLTF;SRC-CSSCOLOR,
AXM-12-RENDERING-MATERIALS-A-027-light-intensity,12-rendering-materials,Materials shaders color lighting and rendering,light intensity,"Smallest independently addressable light intensity unit in materials shaders color lighting and rendering, intended to be typed, referenced, transformed or validated without requiring a whole finished asset.",cross-standard,candidate,research-seed,SRC-MATERIALX;SRC-WEBGPU;SRC-OCIO;SRC-GLTF;SRC-CSSCOLOR,
AXM-12-RENDERING-MATERIALS-A-028-light-color,12-rendering-materials,Materials shaders color lighting and rendering,light color,"Smallest independently addressable light color unit in materials shaders color lighting and rendering, intended to be typed, referenced, transformed or validated without requiring a whole finished asset.",cross-standard,candidate,research-seed,SRC-MATERIALX;SRC-WEBGPU;SRC-OCIO;SRC-GLTF;SRC-CSSCOLOR,
AXM-12-RENDERING-MATERIALS-A-029-light-direction,12-rendering-materials,Materials shaders color lighting and rendering,light direction,"Smallest independently addressable light direction unit in materials shaders color lighting and rendering, intended to be typed, referenced, transformed or validated without requiring a whole finished asset.",cross-standard,candidate,research-seed,SRC-MATERIALX;SRC-WEBGPU;SRC-OCIO;SRC-GLTF;SRC-CSSCOLOR,
AXM-12-RENDERING-MATERIALS-A-030-exposure-value,12-rendering-materials,Materials shaders color lighting and rendering,exposure value,"Smallest independently addressable exposure value unit in materials shaders color lighting and rendering, intended to be typed, referenced, transformed or validated without requiring a whole finished asset.",cross-standard,candidate,research-seed,SRC-MATERIALX;SRC-WEBGPU;SRC-OCIO;SRC-GLTF;SRC-CSSCOLOR,
AXM-12-RENDERING-MATERIALS-A-031-tone-map-parameter,12-rendering-materials,Materials shaders color lighting and rendering,tone-map parameter,"Smallest independently addressable tone-map parameter unit in materials shaders color lighting and rendering, intended to be typed, referenced, transformed or validated without requiring a whole finished asset.",cross-standard,candidate,research-seed,SRC-MATERIALX;SRC-WEBGPU;SRC-OCIO;SRC-GLTF;SRC-CSSCOLOR,
AXM-12-RENDERING-MATERIALS-A-032-render-state,12-rendering-materials,Materials shaders color lighting and rendering,render state,"Smallest independently addressable render state unit in materials shaders color lighting and rendering, intended to be typed, referenced, transformed or validated without requiring a whole finished asset.",cross-standard,candidate,research-seed,SRC-MATERIALX;SRC-WEBGPU;SRC-OCIO;SRC-GLTF;SRC-CSSCOLOR,
AXM-12-RENDERING-MATERIALS-A-033-blend-factor,12-rendering-materials,Materials shaders color lighting and rendering,blend factor,"Smallest independently addressable blend factor unit in materials shaders color lighting and rendering, intended to be typed, referenced, transformed or validated without requiring a whole finished asset.",cross-standard,candidate,research-seed,SRC-MATERIALX;SRC-WEBGPU;SRC-OCIO;SRC-GLTF;SRC-CSSCOLOR,
AXM-12-RENDERING-MATERIALS-A-034-depth-test-value,12-rendering-materials,Materials shaders color lighting and rendering,depth-test value,"Smallest independently addressable depth-test value unit in materials shaders color lighting and rendering, intended to be typed, referenced, transformed or validated without requiring a whole finished asset.",cross-standard,candidate,research-seed,SRC-MATERIALX;SRC-WEBGPU;SRC-OCIO;SRC-GLTF;SRC-CSSCOLOR,
AXM-12-RENDERING-MATERIALS-A-035-stencil-value,12-rendering-materials,Materials shaders color lighting and rendering,stencil value,"Smallest independently addressable stencil value unit in materials shaders color lighting and rendering, intended to be typed, referenced, transformed or validated without requiring a whole finished asset.",cross-standard,candidate,research-seed,SRC-MATERIALX;SRC-WEBGPU;SRC-OCIO;SRC-GLTF;SRC-CSSCOLOR,
AXM-12-RENDERING-MATERIALS-A-036-workgroup-size,12-rendering-materials,Materials shaders color lighting and rendering,workgroup size,"Smallest independently addressable workgroup size unit in materials shaders color lighting and rendering, intended to be typed, referenced, transformed or validated without requiring a whole finished asset.",cross-standard,candidate,research-seed,SRC-MATERIALX;SRC-WEBGPU;SRC-OCIO;SRC-GLTF;SRC-CSSCOLOR,
AXM-12-RENDERING-MATERIALS-A-037-shader-entry-point,12-rendering-materials,Materials shaders color lighting and rendering,shader entry point,"Smallest independently addressable shader entry point unit in materials shaders color lighting and rendering, intended to be typed, referenced, transformed or validated without requiring a whole finished asset.",cross-standard,candidate,research-seed,SRC-MATERIALX;SRC-WEBGPU;SRC-OCIO;SRC-GLTF;SRC-CSSCOLOR,
AXM-12-RENDERING-MATERIALS-A-038-pipeline-constant,12-rendering-materials,Materials shaders color lighting and rendering,pipeline constant,"Smallest independently addressable pipeline constant unit in materials shaders color lighting and rendering, intended to be typed, referenced, transformed or validated without requiring a whole finished asset.",cross-standard,candidate,research-seed,SRC-MATERIALX;SRC-WEBGPU;SRC-OCIO;SRC-GLTF;SRC-CSSCOLOR,
AXM-12-RENDERING-MATERIALS-A-039-render-target-format,12-rendering-materials,Materials shaders color lighting and rendering,render-target format,"Smallest independently addressable render-target format unit in materials shaders color lighting and rendering, intended to be typed, referenced, transformed or validated without requiring a whole finished asset.",cross-standard,candidate,research-seed,SRC-MATERIALX;SRC-WEBGPU;SRC-OCIO;SRC-GLTF;SRC-CSSCOLOR,
AXM-12-RENDERING-MATERIALS-A-040-sample-count,12-rendering-materials,Materials shaders color lighting and rendering,sample count,"Smallest independently addressable sample count unit in materials shaders color lighting and rendering, intended to be typed, referenced, transformed or validated without requiring a whole finished asset.",cross-standard,candidate,research-seed,SRC-MATERIALX;SRC-WEBGPU;SRC-OCIO;SRC-GLTF;SRC-CSSCOLOR,
AXM-13-ANIMATION-VIDEO-A-001-frame,13-animation-video,Animation motion video cinematics and timelines,frame,"Smallest independently addressable frame unit in animation motion video cinematics and timelines, intended to be typed, referenced, transformed or validated without requiring a whole finished asset.",cross-standard,candidate,research-seed,SRC-OTIO;SRC-GLTF;SRC-WEBCODECS;SRC-WEBVTT;SRC-SCXML,
AXM-13-ANIMATION-VIDEO-A-002-video-sample,13-animation-video,Animation motion video cinematics and timelines,video sample,"Smallest independently addressable video sample unit in animation motion video cinematics and timelines, intended to be typed, referenced, transformed or validated without requiring a whole finished asset.",cross-standard,candidate,research-seed,SRC-OTIO;SRC-GLTF;SRC-WEBCODECS;SRC-WEBVTT;SRC-SCXML,
AXM-13-ANIMATION-VIDEO-A-003-audio-sample-reference,13-animation-video,Animation motion video cinematics and timelines,audio-sample reference,"Smallest independently addressable audio-sample reference unit in animation motion video cinematics and timelines, intended to be typed, referenced, transformed or validated without requiring a whole finished asset.",cross-standard,candidate,research-seed,SRC-OTIO;SRC-GLTF;SRC-WEBCODECS;SRC-WEBVTT;SRC-SCXML,
AXM-13-ANIMATION-VIDEO-A-004-timecode,13-animation-video,Animation motion video cinematics and timelines,timecode,"Smallest independently addressable timecode unit in animation motion video cinematics and timelines, intended to be typed, referenced, transformed or validated without requiring a whole finished asset.",cross-standard,candidate,research-seed,SRC-OTIO;SRC-GLTF;SRC-WEBCODECS;SRC-WEBVTT;SRC-SCXML,
AXM-13-ANIMATION-VIDEO-A-005-frame-rate,13-animation-video,Animation motion video cinematics and timelines,frame rate,"Smallest independently addressable frame rate unit in animation motion video cinematics and timelines, intended to be typed, referenced, transformed or validated without requiring a whole finished asset.",cross-standard,candidate,research-seed,SRC-OTIO;SRC-GLTF;SRC-WEBCODECS;SRC-WEBVTT;SRC-SCXML,
AXM-13-ANIMATION-VIDEO-A-006-keyframe,13-animation-video,Animation motion video cinematics and timelines,keyframe,"Smallest independently addressable keyframe unit in animation motion video cinematics and timelines, intended to be typed, referenced, transformed or validated without requiring a whole finished asset.",cross-standard,candidate,research-seed,SRC-OTIO;SRC-GLTF;SRC-WEBCODECS;SRC-WEBVTT;SRC-SCXML,
AXM-13-ANIMATION-VIDEO-A-007-interpolation-mode,13-animation-video,Animation motion video cinematics and timelines,interpolation mode,"Smallest independently addressable interpolation mode unit in animation motion video cinematics and timelines, intended to be typed, referenced, transformed or validated without requiring a whole finished asset.",cross-standard,candidate,research-seed,SRC-OTIO;SRC-GLTF;SRC-WEBCODECS;SRC-WEBVTT;SRC-SCXML,
AXM-13-ANIMATION-VIDEO-A-008-tangent,13-animation-video,Animation motion video cinematics and timelines,tangent,"Smallest independently addressable tangent unit in animation motion video cinematics and timelines, intended to be typed, referenced, transformed or validated without requiring a whole finished asset.",cross-standard,candidate,research-seed,SRC-OTIO;SRC-GLTF;SRC-WEBCODECS;SRC-WEBVTT;SRC-SCXML,
AXM-13-ANIMATION-VIDEO-A-009-animation-channel,13-animation-video,Animation motion video cinematics and timelines,animation channel,"Smallest independently addressable animation channel unit in animation motion video cinematics and timelines, intended to be typed, referenced, transformed or validated without requiring a whole finished asset.",cross-standard,candidate,research-seed,SRC-OTIO;SRC-GLTF;SRC-WEBCODECS;SRC-WEBVTT;SRC-SCXML,
AXM-13-ANIMATION-VIDEO-A-010-target-property,13-animation-video,Animation motion video cinematics and timelines,target property,"Smallest independently addressable target property unit in animation motion video cinematics and timelines, intended to be typed, referenced, transformed or validated without requiring a whole finished asset.",cross-standard,candidate,research-seed,SRC-OTIO;SRC-GLTF;SRC-WEBCODECS;SRC-WEBVTT;SRC-SCXML,
AXM-13-ANIMATION-VIDEO-A-011-pose-sample,13-animation-video,Animation motion video cinematics and timelines,pose sample,"Smallest independently addressable pose sample unit in animation motion video cinematics and timelines, intended to be typed, referenced, transformed or validated without requiring a whole finished asset.",cross-standard,candidate,research-seed,SRC-OTIO;SRC-GLTF;SRC-WEBCODECS;SRC-WEBVTT;SRC-SCXML,
AXM-13-ANIMATION-VIDEO-A-012-bone-transform,13-animation-video,Animation motion video cinematics and timelines,bone transform,"Smallest independently addressable bone transform unit in animation motion video cinematics and timelines, intended to be typed, referenced, transformed or validated without requiring a whole finished asset.",cross-standard,candidate,research-seed,SRC-OTIO;SRC-GLTF;SRC-WEBCODECS;SRC-WEBVTT;SRC-SCXML,
AXM-13-ANIMATION-VIDEO-A-013-morph-weight,13-animation-video,Animation motion video cinematics and timelines,morph weight,"Smallest independently addressable morph weight unit in animation motion video cinematics and timelines, intended to be typed, referenced, transformed or validated without requiring a whole finished asset.",cross-standard,candidate,research-seed,SRC-OTIO;SRC-GLTF;SRC-WEBCODECS;SRC-WEBVTT;SRC-SCXML,
AXM-13-ANIMATION-VIDEO-A-014-clip-in-point,13-animation-video,Animation motion video cinematics and timelines,clip in-point,"Smallest independently addressable clip in-point unit in animation motion video cinematics and timelines, intended to be typed, referenced, transformed or validated without requiring a whole finished asset.",cross-standard,candidate,research-seed,SRC-OTIO;SRC-GLTF;SRC-WEBCODECS;SRC-WEBVTT;SRC-SCXML,
AXM-13-ANIMATION-VIDEO-A-015-clip-out-point,13-animation-video,Animation motion video cinematics and timelines,clip out-point,"Smallest independently addressable clip out-point unit in animation motion video cinematics and timelines, intended to be typed, referenced, transformed or validated without requiring a whole finished asset.",cross-standard,candidate,research-seed,SRC-OTIO;SRC-GLTF;SRC-WEBCODECS;SRC-WEBVTT;SRC-SCXML,
AXM-13-ANIMATION-VIDEO-A-016-transition-duration,13-animation-video,Animation motion video cinematics and timelines,transition duration,"Smallest independently addressable transition duration unit in animation motion video cinematics and timelines, intended to be typed, referenced, transformed or validated without requiring a whole finished asset.",cross-standard,candidate,research-seed,SRC-OTIO;SRC-GLTF;SRC-WEBCODECS;SRC-WEBVTT;SRC-SCXML,
AXM-13-ANIMATION-VIDEO-A-017-timeline-marker,13-animation-video,Animation motion video cinematics and timelines,timeline marker,"Smallest independently addressable timeline marker unit in animation motion video cinematics and timelines, intended to be typed, referenced, transformed or validated without requiring a whole finished asset.",cross-standard,candidate,research-seed,SRC-OTIO;SRC-GLTF;SRC-WEBCODECS;SRC-WEBVTT;SRC-SCXML,
AXM-13-ANIMATION-VIDEO-A-018-effect-parameter,13-animation-video,Animation motion video cinematics and timelines,effect parameter,"Smallest independently addressable effect parameter unit in animation motion video cinematics and timelines, intended to be typed, referenced, transformed or validated without requiring a whole finished asset.",cross-standard,candidate,research-seed,SRC-OTIO;SRC-GLTF;SRC-WEBCODECS;SRC-WEBVTT;SRC-SCXML,
AXM-13-ANIMATION-VIDEO-A-019-track-index,13-animation-video,Animation motion video cinematics and timelines,track index,"Smallest independently addressable track index unit in animation motion video cinematics and timelines, intended to be typed, referenced, transformed or validated without requiring a whole finished asset.",cross-standard,candidate,research-seed,SRC-OTIO;SRC-GLTF;SRC-WEBCODECS;SRC-WEBVTT;SRC-SCXML,
AXM-13-ANIMATION-VIDEO-A-020-layer-weight,13-animation-video,Animation motion video cinematics and timelines,layer weight,"Smallest independently addressable layer weight unit in animation motion video cinematics and timelines, intended to be typed, referenced, transformed or validated without requiring a whole finished asset.",cross-standard,candidate,research-seed,SRC-OTIO;SRC-GLTF;SRC-WEBCODECS;SRC-WEBVTT;SRC-SCXML,
AXM-13-ANIMATION-VIDEO-A-021-camera-cut,13-animation-video,Animation motion video cinematics and timelines,camera cut,"Smallest independently addressable camera cut unit in animation motion video cinematics and timelines, intended to be typed, referenced, transformed or validated without requiring a whole finished asset.",cross-standard,candidate,research-seed,SRC-OTIO;SRC-GLTF;SRC-WEBCODECS;SRC-WEBVTT;SRC-SCXML,
AXM-13-ANIMATION-VIDEO-A-022-caption-timestamp,13-animation-video,Animation motion video cinematics and timelines,caption timestamp,"Smallest independently addressable caption timestamp unit in animation motion video cinematics and timelines, intended to be typed, referenced, transformed or validated without requiring a whole finished asset.",cross-standard,candidate,research-seed,SRC-OTIO;SRC-GLTF;SRC-WEBCODECS;SRC-WEBVTT;SRC-SCXML,
AXM-13-ANIMATION-VIDEO-A-023-subtitle-text,13-animation-video,Animation motion video cinematics and timelines,subtitle text,"Smallest independently addressable subtitle text unit in animation motion video cinematics and timelines, intended to be typed, referenced, transformed or validated without requiring a whole finished asset.",cross-standard,candidate,research-seed,SRC-OTIO;SRC-GLTF;SRC-WEBCODECS;SRC-WEBVTT;SRC-SCXML,
AXM-13-ANIMATION-VIDEO-A-024-caption-region-coordinate,13-animation-video,Animation motion video cinematics and timelines,caption region coordinate,"Smallest independently addressable caption region coordinate unit in animation motion video cinematics and timelines, intended to be typed, referenced, transformed or validated without requiring a whole finished asset.",cross-standard,candidate,research-seed,SRC-OTIO;SRC-GLTF;SRC-WEBCODECS;SRC-WEBVTT;SRC-SCXML,
AXM-13-ANIMATION-VIDEO-A-025-codec-parameter,13-animation-video,Animation motion video cinematics and timelines,codec parameter,"Smallest independently addressable codec parameter unit in animation motion video cinematics and timelines, intended to be typed, referenced, transformed or validated without requiring a whole finished asset.",cross-standard,candidate,research-seed,SRC-OTIO;SRC-GLTF;SRC-WEBCODECS;SRC-WEBVTT;SRC-SCXML,
AXM-13-ANIMATION-VIDEO-A-026-pixel-format,13-animation-video,Animation motion video cinematics and timelines,pixel format,"Smallest independently addressable pixel format unit in animation motion video cinematics and timelines, intended to be typed, referenced, transformed or validated without requiring a whole finished asset.",cross-standard,candidate,research-seed,SRC-OTIO;SRC-GLTF;SRC-WEBCODECS;SRC-WEBVTT;SRC-SCXML,
AXM-13-ANIMATION-VIDEO-A-027-sample-timestamp,13-animation-video,Animation motion video cinematics and timelines,sample timestamp,"Smallest independently addressable sample timestamp unit in animation motion video cinematics and timelines, intended to be typed, referenced, transformed or validated without requiring a whole finished asset.",cross-standard,candidate,research-seed,SRC-OTIO;SRC-GLTF;SRC-WEBCODECS;SRC-WEBVTT;SRC-SCXML,
AXM-13-ANIMATION-VIDEO-A-028-decode-timestamp,13-animation-video,Animation motion video cinematics and timelines,decode timestamp,"Smallest independently addressable decode timestamp unit in animation motion video cinematics and timelines, intended to be typed, referenced, transformed or validated without requiring a whole finished asset.",cross-standard,candidate,research-seed,SRC-OTIO;SRC-GLTF;SRC-WEBCODECS;SRC-WEBVTT;SRC-SCXML,
AXM-13-ANIMATION-VIDEO-A-029-presentation-timestamp,13-animation-video,Animation motion video cinematics and timelines,presentation timestamp,"Smallest independently addressable presentation timestamp unit in animation motion video cinematics and timelines, intended to be typed, referenced, transformed or validated without requiring a whole finished asset.",cross-standard,candidate,research-seed,SRC-OTIO;SRC-GLTF;SRC-WEBCODECS;SRC-WEBVTT;SRC-SCXML,
AXM-13-ANIMATION-VIDEO-A-030-motion-vector,13-animation-video,Animation motion video cinematics and timelines,motion vector,"Smallest independently addressable motion vector unit in animation motion video cinematics and timelines, intended to be typed, referenced, transformed or validated without requiring a whole finished asset.",cross-standard,candidate,research-seed,SRC-OTIO;SRC-GLTF;SRC-WEBCODECS;SRC-WEBVTT;SRC-SCXML,
AXM-13-ANIMATION-VIDEO-A-031-optical-flow-sample,13-animation-video,Animation motion video cinematics and timelines,optical-flow sample,"Smallest independently addressable optical-flow sample unit in animation motion video cinematics and timelines, intended to be typed, referenced, transformed or validated without requiring a whole finished asset.",cross-standard,candidate,research-seed,SRC-OTIO;SRC-GLTF;SRC-WEBCODECS;SRC-WEBVTT;SRC-SCXML,
AXM-14-AUDIO-MUSIC-SPEECH-A-001-audio-sample,14-audio-music-speech,Audio music speech and sonic interaction,audio sample,"Smallest independently addressable audio sample unit in audio music speech and sonic interaction, intended to be typed, referenced, transformed or validated without requiring a whole finished asset.",cross-standard,candidate,research-seed,SRC-WEBAUDIO;SRC-MIDI;SRC-MUSICXML;SRC-WEBCODECS;SRC-WEBVTT,
AXM-14-AUDIO-MUSIC-SPEECH-A-002-channel-sample,14-audio-music-speech,Audio music speech and sonic interaction,channel sample,"Smallest independently addressable channel sample unit in audio music speech and sonic interaction, intended to be typed, referenced, transformed or validated without requiring a whole finished asset.",cross-standard,candidate,research-seed,SRC-WEBAUDIO;SRC-MIDI;SRC-MUSICXML;SRC-WEBCODECS;SRC-WEBVTT,
AXM-14-AUDIO-MUSIC-SPEECH-A-003-sample-rate,14-audio-music-speech,Audio music speech and sonic interaction,sample rate,"Smallest independently addressable sample rate unit in audio music speech and sonic interaction, intended to be typed, referenced, transformed or validated without requiring a whole finished asset.",cross-standard,candidate,research-seed,SRC-WEBAUDIO;SRC-MIDI;SRC-MUSICXML;SRC-WEBCODECS;SRC-WEBVTT,
AXM-14-AUDIO-MUSIC-SPEECH-A-004-bit-depth,14-audio-music-speech,Audio music speech and sonic interaction,bit depth,"Smallest independently addressable bit depth unit in audio music speech and sonic interaction, intended to be typed, referenced, transformed or validated without requiring a whole finished asset.",cross-standard,candidate,research-seed,SRC-WEBAUDIO;SRC-MIDI;SRC-MUSICXML;SRC-WEBCODECS;SRC-WEBVTT,
AXM-14-AUDIO-MUSIC-SPEECH-A-005-waveform-point,14-audio-music-speech,Audio music speech and sonic interaction,waveform point,"Smallest independently addressable waveform point unit in audio music speech and sonic interaction, intended to be typed, referenced, transformed or validated without requiring a whole finished asset.",cross-standard,candidate,research-seed,SRC-WEBAUDIO;SRC-MIDI;SRC-MUSICXML;SRC-WEBCODECS;SRC-WEBVTT,
AXM-14-AUDIO-MUSIC-SPEECH-A-006-frequency-bin,14-audio-music-speech,Audio music speech and sonic interaction,frequency bin,"Smallest independently addressable frequency bin unit in audio music speech and sonic interaction, intended to be typed, referenced, transformed or validated without requiring a whole finished asset.",cross-standard,candidate,research-seed,SRC-WEBAUDIO;SRC-MIDI;SRC-MUSICXML;SRC-WEBCODECS;SRC-WEBVTT,
AXM-14-AUDIO-MUSIC-SPEECH-A-007-phase-value,14-audio-music-speech,Audio music speech and sonic interaction,phase value,"Smallest independently addressable phase value unit in audio music speech and sonic interaction, intended to be typed, referenced, transformed or validated without requiring a whole finished asset.",cross-standard,candidate,research-seed,SRC-WEBAUDIO;SRC-MIDI;SRC-MUSICXML;SRC-WEBCODECS;SRC-WEBVTT,
AXM-14-AUDIO-MUSIC-SPEECH-A-008-amplitude,14-audio-music-speech,Audio music speech and sonic interaction,amplitude,"Smallest independently addressable amplitude unit in audio music speech and sonic interaction, intended to be typed, referenced, transformed or validated without requiring a whole finished asset.",cross-standard,candidate,research-seed,SRC-WEBAUDIO;SRC-MIDI;SRC-MUSICXML;SRC-WEBCODECS;SRC-WEBVTT,
AXM-14-AUDIO-MUSIC-SPEECH-A-009-gain,14-audio-music-speech,Audio music speech and sonic interaction,gain,"Smallest independently addressable gain unit in audio music speech and sonic interaction, intended to be typed, referenced, transformed or validated without requiring a whole finished asset.",cross-standard,candidate,research-seed,SRC-WEBAUDIO;SRC-MIDI;SRC-MUSICXML;SRC-WEBCODECS;SRC-WEBVTT,
AXM-14-AUDIO-MUSIC-SPEECH-A-010-pan-value,14-audio-music-speech,Audio music speech and sonic interaction,pan value,"Smallest independently addressable pan value unit in audio music speech and sonic interaction, intended to be typed, referenced, transformed or validated without requiring a whole finished asset.",cross-standard,candidate,research-seed,SRC-WEBAUDIO;SRC-MIDI;SRC-MUSICXML;SRC-WEBCODECS;SRC-WEBVTT,
AXM-14-AUDIO-MUSIC-SPEECH-A-011-pitch,14-audio-music-speech,Audio music speech and sonic interaction,pitch,"Smallest independently addressable pitch unit in audio music speech and sonic interaction, intended to be typed, referenced, transformed or validated without requiring a whole finished asset.",cross-standard,candidate,research-seed,SRC-WEBAUDIO;SRC-MIDI;SRC-MUSICXML;SRC-WEBCODECS;SRC-WEBVTT,
AXM-14-AUDIO-MUSIC-SPEECH-A-012-midi-note-number,14-audio-music-speech,Audio music speech and sonic interaction,MIDI note number,"Smallest independently addressable MIDI note number unit in audio music speech and sonic interaction, intended to be typed, referenced, transformed or validated without requiring a whole finished asset.",cross-standard,candidate,research-seed,SRC-WEBAUDIO;SRC-MIDI;SRC-MUSICXML;SRC-WEBCODECS;SRC-WEBVTT,
AXM-14-AUDIO-MUSIC-SPEECH-A-013-note-on-event,14-audio-music-speech,Audio music speech and sonic interaction,note-on event,"Smallest independently addressable note-on event unit in audio music speech and sonic interaction, intended to be typed, referenced, transformed or validated without requiring a whole finished asset.",cross-standard,candidate,research-seed,SRC-WEBAUDIO;SRC-MIDI;SRC-MUSICXML;SRC-WEBCODECS;SRC-WEBVTT,
AXM-14-AUDIO-MUSIC-SPEECH-A-014-note-off-event,14-audio-music-speech,Audio music speech and sonic interaction,note-off event,"Smallest independently addressable note-off event unit in audio music speech and sonic interaction, intended to be typed, referenced, transformed or validated without requiring a whole finished asset.",cross-standard,candidate,research-seed,SRC-WEBAUDIO;SRC-MIDI;SRC-MUSICXML;SRC-WEBCODECS;SRC-WEBVTT,
AXM-14-AUDIO-MUSIC-SPEECH-A-015-velocity,14-audio-music-speech,Audio music speech and sonic interaction,velocity,"Smallest independently addressable velocity unit in audio music speech and sonic interaction, intended to be typed, referenced, transformed or validated without requiring a whole finished asset.",cross-standard,candidate,research-seed,SRC-WEBAUDIO;SRC-MIDI;SRC-MUSICXML;SRC-WEBCODECS;SRC-WEBVTT,
AXM-14-AUDIO-MUSIC-SPEECH-A-016-channel-pressure,14-audio-music-speech,Audio music speech and sonic interaction,channel pressure,"Smallest independently addressable channel pressure unit in audio music speech and sonic interaction, intended to be typed, referenced, transformed or validated without requiring a whole finished asset.",cross-standard,candidate,research-seed,SRC-WEBAUDIO;SRC-MIDI;SRC-MUSICXML;SRC-WEBCODECS;SRC-WEBVTT,
AXM-14-AUDIO-MUSIC-SPEECH-A-017-pitch-bend-value,14-audio-music-speech,Audio music speech and sonic interaction,pitch-bend value,"Smallest independently addressable pitch-bend value unit in audio music speech and sonic interaction, intended to be typed, referenced, transformed or validated without requiring a whole finished asset.",cross-standard,candidate,research-seed,SRC-WEBAUDIO;SRC-MIDI;SRC-MUSICXML;SRC-WEBCODECS;SRC-WEBVTT,
AXM-14-AUDIO-MUSIC-SPEECH-A-018-controller-value,14-audio-music-speech,Audio music speech and sonic interaction,controller value,"Smallest independently addressable controller value unit in audio music speech and sonic interaction, intended to be typed, referenced, transformed or validated without requiring a whole finished asset.",cross-standard,candidate,research-seed,SRC-WEBAUDIO;SRC-MIDI;SRC-MUSICXML;SRC-WEBCODECS;SRC-WEBVTT,
AXM-14-AUDIO-MUSIC-SPEECH-A-019-program-number,14-audio-music-speech,Audio music speech and sonic interaction,program number,"Smallest independently addressable program number unit in audio music speech and sonic interaction, intended to be typed, referenced, transformed or validated without requiring a whole finished asset.",cross-standard,candidate,research-seed,SRC-WEBAUDIO;SRC-MIDI;SRC-MUSICXML;SRC-WEBCODECS;SRC-WEBVTT,
AXM-14-AUDIO-MUSIC-SPEECH-A-020-tempo,14-audio-music-speech,Audio music speech and sonic interaction,tempo,"Smallest independently addressable tempo unit in audio music speech and sonic interaction, intended to be typed, referenced, transformed or validated without requiring a whole finished asset.",cross-standard,candidate,research-seed,SRC-WEBAUDIO;SRC-MIDI;SRC-MUSICXML;SRC-WEBCODECS;SRC-WEBVTT,
AXM-14-AUDIO-MUSIC-SPEECH-A-021-beat,14-audio-music-speech,Audio music speech and sonic interaction,beat,"Smallest independently addressable beat unit in audio music speech and sonic interaction, intended to be typed, referenced, transformed or validated without requiring a whole finished asset.",cross-standard,candidate,research-seed,SRC-WEBAUDIO;SRC-MIDI;SRC-MUSICXML;SRC-WEBCODECS;SRC-WEBVTT,
AXM-14-AUDIO-MUSIC-SPEECH-A-022-bar-position,14-audio-music-speech,Audio music speech and sonic interaction,bar position,"Smallest independently addressable bar position unit in audio music speech and sonic interaction, intended to be typed, referenced, transformed or validated without requiring a whole finished asset.",cross-standard,candidate,research-seed,SRC-WEBAUDIO;SRC-MIDI;SRC-MUSICXML;SRC-WEBCODECS;SRC-WEBVTT,
AXM-14-AUDIO-MUSIC-SPEECH-A-023-time-signature,14-audio-music-speech,Audio music speech and sonic interaction,time signature,"Smallest independently addressable time signature unit in audio music speech and sonic interaction, intended to be typed, referenced, transformed or validated without requiring a whole finished asset.",cross-standard,candidate,research-seed,SRC-WEBAUDIO;SRC-MIDI;SRC-MUSICXML;SRC-WEBCODECS;SRC-WEBVTT,
AXM-14-AUDIO-MUSIC-SPEECH-A-024-key-signature,14-audio-music-speech,Audio music speech and sonic interaction,key signature,"Smallest independently addressable key signature unit in audio music speech and sonic interaction, intended to be typed, referenced, transformed or validated without requiring a whole finished asset.",cross-standard,candidate,research-seed,SRC-WEBAUDIO;SRC-MIDI;SRC-MUSICXML;SRC-WEBCODECS;SRC-WEBVTT,
AXM-14-AUDIO-MUSIC-SPEECH-A-025-note-duration,14-audio-music-speech,Audio music speech and sonic interaction,note duration,"Smallest independently addressable note duration unit in audio music speech and sonic interaction, intended to be typed, referenced, transformed or validated without requiring a whole finished asset.",cross-standard,candidate,research-seed,SRC-WEBAUDIO;SRC-MIDI;SRC-MUSICXML;SRC-WEBCODECS;SRC-WEBVTT,
AXM-14-AUDIO-MUSIC-SPEECH-A-026-articulation,14-audio-music-speech,Audio music speech and sonic interaction,articulation,"Smallest independently addressable articulation unit in audio music speech and sonic interaction, intended to be typed, referenced, transformed or validated without requiring a whole finished asset.",cross-standard,candidate,research-seed,SRC-WEBAUDIO;SRC-MIDI;SRC-MUSICXML;SRC-WEBCODECS;SRC-WEBVTT,
AXM-14-AUDIO-MUSIC-SPEECH-A-027-lyric-syllable,14-audio-music-speech,Audio music speech and sonic interaction,lyric syllable,"Smallest independently addressable lyric syllable unit in audio music speech and sonic interaction, intended to be typed, referenced, transformed or validated without requiring a whole finished asset.",cross-standard,candidate,research-seed,SRC-WEBAUDIO;SRC-MIDI;SRC-MUSICXML;SRC-WEBCODECS;SRC-WEBVTT,
AXM-14-AUDIO-MUSIC-SPEECH-A-028-phoneme,14-audio-music-speech,Audio music speech and sonic interaction,phoneme,"Smallest independently addressable phoneme unit in audio music speech and sonic interaction, intended to be typed, referenced, transformed or validated without requiring a whole finished asset.",cross-standard,candidate,research-seed,SRC-WEBAUDIO;SRC-MIDI;SRC-MUSICXML;SRC-WEBCODECS;SRC-WEBVTT,
AXM-14-AUDIO-MUSIC-SPEECH-A-029-formant,14-audio-music-speech,Audio music speech and sonic interaction,formant,"Smallest independently addressable formant unit in audio music speech and sonic interaction, intended to be typed, referenced, transformed or validated without requiring a whole finished asset.",cross-standard,candidate,research-seed,SRC-WEBAUDIO;SRC-MIDI;SRC-MUSICXML;SRC-WEBCODECS;SRC-WEBVTT,
AXM-14-AUDIO-MUSIC-SPEECH-A-030-speech-timestamp,14-audio-music-speech,Audio music speech and sonic interaction,speech timestamp,"Smallest independently addressable speech timestamp unit in audio music speech and sonic interaction, intended to be typed, referenced, transformed or validated without requiring a whole finished asset.",cross-standard,candidate,research-seed,SRC-WEBAUDIO;SRC-MIDI;SRC-MUSICXML;SRC-WEBCODECS;SRC-WEBVTT,
AXM-14-AUDIO-MUSIC-SPEECH-A-031-speaker-identifier,14-audio-music-speech,Audio music speech and sonic interaction,speaker identifier,"Smallest independently addressable speaker identifier unit in audio music speech and sonic interaction, intended to be typed, referenced, transformed or validated without requiring a whole finished asset.",cross-standard,candidate,research-seed,SRC-WEBAUDIO;SRC-MIDI;SRC-MUSICXML;SRC-WEBCODECS;SRC-WEBVTT,
AXM-14-AUDIO-MUSIC-SPEECH-A-032-spatial-position,14-audio-music-speech,Audio music speech and sonic interaction,spatial position,"Smallest independently addressable spatial position unit in audio music speech and sonic interaction, intended to be typed, referenced, transformed or validated without requiring a whole finished asset.",cross-standard,candidate,research-seed,SRC-WEBAUDIO;SRC-MIDI;SRC-MUSICXML;SRC-WEBCODECS;SRC-WEBVTT,
AXM-14-AUDIO-MUSIC-SPEECH-A-033-orientation,14-audio-music-speech,Audio music speech and sonic interaction,orientation,"Smallest independently addressable orientation unit in audio music speech and sonic interaction, intended to be typed, referenced, transformed or validated without requiring a whole finished asset.",cross-standard,candidate,research-seed,SRC-WEBAUDIO;SRC-MIDI;SRC-MUSICXML;SRC-WEBCODECS;SRC-WEBVTT,
AXM-14-AUDIO-MUSIC-SPEECH-A-034-attenuation-parameter,14-audio-music-speech,Audio music speech and sonic interaction,attenuation parameter,"Smallest independently addressable attenuation parameter unit in audio music speech and sonic interaction, intended to be typed, referenced, transformed or validated without requiring a whole finished asset.",cross-standard,candidate,research-seed,SRC-WEBAUDIO;SRC-MIDI;SRC-MUSICXML;SRC-WEBCODECS;SRC-WEBVTT,
AXM-14-AUDIO-MUSIC-SPEECH-A-035-loop-point,14-audio-music-speech,Audio music speech and sonic interaction,loop point,"Smallest independently addressable loop point unit in audio music speech and sonic interaction, intended to be typed, referenced, transformed or validated without requiring a whole finished asset.",cross-standard,candidate,research-seed,SRC-WEBAUDIO;SRC-MIDI;SRC-MUSICXML;SRC-WEBCODECS;SRC-WEBVTT,
AXM-14-AUDIO-MUSIC-SPEECH-A-036-cue-point,14-audio-music-speech,Audio music speech and sonic interaction,cue point,"Smallest independently addressable cue point unit in audio music speech and sonic interaction, intended to be typed, referenced, transformed or validated without requiring a whole finished asset.",cross-standard,candidate,research-seed,SRC-WEBAUDIO;SRC-MIDI;SRC-MUSICXML;SRC-WEBCODECS;SRC-WEBVTT,
AXM-14-AUDIO-MUSIC-SPEECH-A-037-loudness-value,14-audio-music-speech,Audio music speech and sonic interaction,loudness value,"Smallest independently addressable loudness value unit in audio music speech and sonic interaction, intended to be typed, referenced, transformed or validated without requiring a whole finished asset.",cross-standard,candidate,research-seed,SRC-WEBAUDIO;SRC-MIDI;SRC-MUSICXML;SRC-WEBCODECS;SRC-WEBVTT,
AXM-14-AUDIO-MUSIC-SPEECH-A-038-dynamic-marking,14-audio-music-speech,Audio music speech and sonic interaction,dynamic marking,"Smallest independently addressable dynamic marking unit in audio music speech and sonic interaction, intended to be typed, referenced, transformed or validated without requiring a whole finished asset.",cross-standard,candidate,research-seed,SRC-WEBAUDIO;SRC-MIDI;SRC-MUSICXML;SRC-WEBCODECS;SRC-WEBVTT,
AXM-14-AUDIO-MUSIC-SPEECH-A-039-music-accidental,14-audio-music-speech,Audio music speech and sonic interaction,music accidental,"Smallest independently addressable music accidental unit in audio music speech and sonic interaction, intended to be typed, referenced, transformed or validated without requiring a whole finished asset.",cross-standard,candidate,research-seed,SRC-WEBAUDIO;SRC-MIDI;SRC-MUSICXML;SRC-WEBCODECS;SRC-WEBVTT,
AXM-14-AUDIO-MUSIC-SPEECH-A-040-rest-value,14-audio-music-speech,Audio music speech and sonic interaction,rest value,"Smallest independently addressable rest value unit in audio music speech and sonic interaction, intended to be typed, referenced, transformed or validated without requiring a whole finished asset.",cross-standard,candidate,research-seed,SRC-WEBAUDIO;SRC-MIDI;SRC-MUSICXML;SRC-WEBCODECS;SRC-WEBVTT,
AXM-14-AUDIO-MUSIC-SPEECH-A-041-harmony-symbol,14-audio-music-speech,Audio music speech and sonic interaction,harmony symbol,"Smallest independently addressable harmony symbol unit in audio music speech and sonic interaction, intended to be typed, referenced, transformed or validated without requiring a whole finished asset.",cross-standard,candidate,research-seed,SRC-WEBAUDIO;SRC-MIDI;SRC-MUSICXML;SRC-WEBCODECS;SRC-WEBVTT,
AXM-15-SIMULATION-XR-A-001-mass,15-simulation-xr,Simulation physics robotics navigation and XR,mass,"Smallest independently addressable mass unit in simulation physics robotics navigation and xr, intended to be typed, referenced, transformed or validated without requiring a whole finished asset.",cross-standard,candidate,research-seed,SRC-USDPHYS;SRC-URDF;SRC-OPENXR;SRC-SCXML;SRC-OPENVDB,
AXM-15-SIMULATION-XR-A-002-center-of-mass,15-simulation-xr,Simulation physics robotics navigation and XR,center of mass,"Smallest independently addressable center of mass unit in simulation physics robotics navigation and xr, intended to be typed, referenced, transformed or validated without requiring a whole finished asset.",cross-standard,candidate,research-seed,SRC-USDPHYS;SRC-URDF;SRC-OPENXR;SRC-SCXML;SRC-OPENVDB,
AXM-15-SIMULATION-XR-A-003-inertia-tensor-element,15-simulation-xr,Simulation physics robotics navigation and XR,inertia-tensor element,"Smallest independently addressable inertia-tensor element unit in simulation physics robotics navigation and xr, intended to be typed, referenced, transformed or validated without requiring a whole finished asset.",cross-standard,candidate,research-seed,SRC-USDPHYS;SRC-URDF;SRC-OPENXR;SRC-SCXML;SRC-OPENVDB,
AXM-15-SIMULATION-XR-A-004-position,15-simulation-xr,Simulation physics robotics navigation and XR,position,"Smallest independently addressable position unit in simulation physics robotics navigation and xr, intended to be typed, referenced, transformed or validated without requiring a whole finished asset.",cross-standard,candidate,research-seed,SRC-USDPHYS;SRC-URDF;SRC-OPENXR;SRC-SCXML;SRC-OPENVDB,
AXM-15-SIMULATION-XR-A-005-orientation,15-simulation-xr,Simulation physics robotics navigation and XR,orientation,"Smallest independently addressable orientation unit in simulation physics robotics navigation and xr, intended to be typed, referenced, transformed or validated without requiring a whole finished asset.",cross-standard,candidate,research-seed,SRC-USDPHYS;SRC-URDF;SRC-OPENXR;SRC-SCXML;SRC-OPENVDB,
AXM-15-SIMULATION-XR-A-006-linear-velocity,15-simulation-xr,Simulation physics robotics navigation and XR,linear velocity,"Smallest independently addressable linear velocity unit in simulation physics robotics navigation and xr, intended to be typed, referenced, transformed or validated without requiring a whole finished asset.",cross-standard,candidate,research-seed,SRC-USDPHYS;SRC-URDF;SRC-OPENXR;SRC-SCXML;SRC-OPENVDB,
AXM-15-SIMULATION-XR-A-007-angular-velocity,15-simulation-xr,Simulation physics robotics navigation and XR,angular velocity,"Smallest independently addressable angular velocity unit in simulation physics robotics navigation and xr, intended to be typed, referenced, transformed or validated without requiring a whole finished asset.",cross-standard,candidate,research-seed,SRC-USDPHYS;SRC-URDF;SRC-OPENXR;SRC-SCXML;SRC-OPENVDB,
AXM-15-SIMULATION-XR-A-008-force,15-simulation-xr,Simulation physics robotics navigation and XR,force,"Smallest independently addressable force unit in simulation physics robotics navigation and xr, intended to be typed, referenced, transformed or validated without requiring a whole finished asset.",cross-standard,candidate,research-seed,SRC-USDPHYS;SRC-URDF;SRC-OPENXR;SRC-SCXML;SRC-OPENVDB,
AXM-15-SIMULATION-XR-A-009-torque,15-simulation-xr,Simulation physics robotics navigation and XR,torque,"Smallest independently addressable torque unit in simulation physics robotics navigation and xr, intended to be typed, referenced, transformed or validated without requiring a whole finished asset.",cross-standard,candidate,research-seed,SRC-USDPHYS;SRC-URDF;SRC-OPENXR;SRC-SCXML;SRC-OPENVDB,
AXM-15-SIMULATION-XR-A-010-impulse,15-simulation-xr,Simulation physics robotics navigation and XR,impulse,"Smallest independently addressable impulse unit in simulation physics robotics navigation and xr, intended to be typed, referenced, transformed or validated without requiring a whole finished asset.",cross-standard,candidate,research-seed,SRC-USDPHYS;SRC-URDF;SRC-OPENXR;SRC-SCXML;SRC-OPENVDB,
AXM-15-SIMULATION-XR-A-011-acceleration,15-simulation-xr,Simulation physics robotics navigation and XR,acceleration,"Smallest independently addressable acceleration unit in simulation physics robotics navigation and xr, intended to be typed, referenced, transformed or validated without requiring a whole finished asset.",cross-standard,candidate,research-seed,SRC-USDPHYS;SRC-URDF;SRC-OPENXR;SRC-SCXML;SRC-OPENVDB,
AXM-15-SIMULATION-XR-A-012-gravity-value,15-simulation-xr,Simulation physics robotics navigation and XR,gravity value,"Smallest independently addressable gravity value unit in simulation physics robotics navigation and xr, intended to be typed, referenced, transformed or validated without requiring a whole finished asset.",cross-standard,candidate,research-seed,SRC-USDPHYS;SRC-URDF;SRC-OPENXR;SRC-SCXML;SRC-OPENVDB,
AXM-15-SIMULATION-XR-A-013-friction,15-simulation-xr,Simulation physics robotics navigation and XR,friction,"Smallest independently addressable friction unit in simulation physics robotics navigation and xr, intended to be typed, referenced, transformed or validated without requiring a whole finished asset.",cross-standard,candidate,research-seed,SRC-USDPHYS;SRC-URDF;SRC-OPENXR;SRC-SCXML;SRC-OPENVDB,
AXM-15-SIMULATION-XR-A-014-restitution,15-simulation-xr,Simulation physics robotics navigation and XR,restitution,"Smallest independently addressable restitution unit in simulation physics robotics navigation and xr, intended to be typed, referenced, transformed or validated without requiring a whole finished asset.",cross-standard,candidate,research-seed,SRC-USDPHYS;SRC-URDF;SRC-OPENXR;SRC-SCXML;SRC-OPENVDB,
AXM-15-SIMULATION-XR-A-015-damping,15-simulation-xr,Simulation physics robotics navigation and XR,damping,"Smallest independently addressable damping unit in simulation physics robotics navigation and xr, intended to be typed, referenced, transformed or validated without requiring a whole finished asset.",cross-standard,candidate,research-seed,SRC-USDPHYS;SRC-URDF;SRC-OPENXR;SRC-SCXML;SRC-OPENVDB,
AXM-15-SIMULATION-XR-A-016-collision-layer,15-simulation-xr,Simulation physics robotics navigation and XR,collision layer,"Smallest independently addressable collision layer unit in simulation physics robotics navigation and xr, intended to be typed, referenced, transformed or validated without requiring a whole finished asset.",cross-standard,candidate,research-seed,SRC-USDPHYS;SRC-URDF;SRC-OPENXR;SRC-SCXML;SRC-OPENVDB,
AXM-15-SIMULATION-XR-A-017-contact-point,15-simulation-xr,Simulation physics robotics navigation and XR,contact point,"Smallest independently addressable contact point unit in simulation physics robotics navigation and xr, intended to be typed, referenced, transformed or validated without requiring a whole finished asset.",cross-standard,candidate,research-seed,SRC-USDPHYS;SRC-URDF;SRC-OPENXR;SRC-SCXML;SRC-OPENVDB,
AXM-15-SIMULATION-XR-A-018-contact-normal,15-simulation-xr,Simulation physics robotics navigation and XR,contact normal,"Smallest independently addressable contact normal unit in simulation physics robotics navigation and xr, intended to be typed, referenced, transformed or validated without requiring a whole finished asset.",cross-standard,candidate,research-seed,SRC-USDPHYS;SRC-URDF;SRC-OPENXR;SRC-SCXML;SRC-OPENVDB,
AXM-15-SIMULATION-XR-A-019-joint-axis,15-simulation-xr,Simulation physics robotics navigation and XR,joint axis,"Smallest independently addressable joint axis unit in simulation physics robotics navigation and xr, intended to be typed, referenced, transformed or validated without requiring a whole finished asset.",cross-standard,candidate,research-seed,SRC-USDPHYS;SRC-URDF;SRC-OPENXR;SRC-SCXML;SRC-OPENVDB,
AXM-15-SIMULATION-XR-A-020-joint-limit,15-simulation-xr,Simulation physics robotics navigation and XR,joint limit,"Smallest independently addressable joint limit unit in simulation physics robotics navigation and xr, intended to be typed, referenced, transformed or validated without requiring a whole finished asset.",cross-standard,candidate,research-seed,SRC-USDPHYS;SRC-URDF;SRC-OPENXR;SRC-SCXML;SRC-OPENVDB,
AXM-15-SIMULATION-XR-A-021-motor-target,15-simulation-xr,Simulation physics robotics navigation and XR,motor target,"Smallest independently addressable motor target unit in simulation physics robotics navigation and xr, intended to be typed, referenced, transformed or validated without requiring a whole finished asset.",cross-standard,candidate,research-seed,SRC-USDPHYS;SRC-URDF;SRC-OPENXR;SRC-SCXML;SRC-OPENVDB,
AXM-15-SIMULATION-XR-A-022-constraint-error,15-simulation-xr,Simulation physics robotics navigation and XR,constraint error,"Smallest independently addressable constraint error unit in simulation physics robotics navigation and xr, intended to be typed, referenced, transformed or validated without requiring a whole finished asset.",cross-standard,candidate,research-seed,SRC-USDPHYS;SRC-URDF;SRC-OPENXR;SRC-SCXML;SRC-OPENVDB,
AXM-15-SIMULATION-XR-A-023-time-step,15-simulation-xr,Simulation physics robotics navigation and XR,time step,"Smallest independently addressable time step unit in simulation physics robotics navigation and xr, intended to be typed, referenced, transformed or validated without requiring a whole finished asset.",cross-standard,candidate,research-seed,SRC-USDPHYS;SRC-URDF;SRC-OPENXR;SRC-SCXML;SRC-OPENVDB,
AXM-15-SIMULATION-XR-A-024-solver-iteration,15-simulation-xr,Simulation physics robotics navigation and XR,solver iteration,"Smallest independently addressable solver iteration unit in simulation physics robotics navigation and xr, intended to be typed, referenced, transformed or validated without requiring a whole finished asset.",cross-standard,candidate,research-seed,SRC-USDPHYS;SRC-URDF;SRC-OPENXR;SRC-SCXML;SRC-OPENVDB,
AXM-15-SIMULATION-XR-A-025-sensor-reading,15-simulation-xr,Simulation physics robotics navigation and XR,sensor reading,"Smallest independently addressable sensor reading unit in simulation physics robotics navigation and xr, intended to be typed, referenced, transformed or validated without requiring a whole finished asset.",cross-standard,candidate,research-seed,SRC-USDPHYS;SRC-URDF;SRC-OPENXR;SRC-SCXML;SRC-OPENVDB,
AXM-15-SIMULATION-XR-A-026-actuator-command,15-simulation-xr,Simulation physics robotics navigation and XR,actuator command,"Smallest independently addressable actuator command unit in simulation physics robotics navigation and xr, intended to be typed, referenced, transformed or validated without requiring a whole finished asset.",cross-standard,candidate,research-seed,SRC-USDPHYS;SRC-URDF;SRC-OPENXR;SRC-SCXML;SRC-OPENVDB,
AXM-15-SIMULATION-XR-A-027-robot-link-reference,15-simulation-xr,Simulation physics robotics navigation and XR,robot-link reference,"Smallest independently addressable robot-link reference unit in simulation physics robotics navigation and xr, intended to be typed, referenced, transformed or validated without requiring a whole finished asset.",cross-standard,candidate,research-seed,SRC-USDPHYS;SRC-URDF;SRC-OPENXR;SRC-SCXML;SRC-OPENVDB,
AXM-15-SIMULATION-XR-A-028-robot-joint-reference,15-simulation-xr,Simulation physics robotics navigation and XR,robot-joint reference,"Smallest independently addressable robot-joint reference unit in simulation physics robotics navigation and xr, intended to be typed, referenced, transformed or validated without requiring a whole finished asset.",cross-standard,candidate,research-seed,SRC-USDPHYS;SRC-URDF;SRC-OPENXR;SRC-SCXML;SRC-OPENVDB,
AXM-15-SIMULATION-XR-A-029-xr-space-reference,15-simulation-xr,Simulation physics robotics navigation and XR,XR-space reference,"Smallest independently addressable XR-space reference unit in simulation physics robotics navigation and xr, intended to be typed, referenced, transformed or validated without requiring a whole finished asset.",cross-standard,candidate,research-seed,SRC-USDPHYS;SRC-URDF;SRC-OPENXR;SRC-SCXML;SRC-OPENVDB,
AXM-15-SIMULATION-XR-A-030-pose,15-simulation-xr,Simulation physics robotics navigation and XR,pose,"Smallest independently addressable pose unit in simulation physics robotics navigation and xr, intended to be typed, referenced, transformed or validated without requiring a whole finished asset.",cross-standard,candidate,research-seed,SRC-USDPHYS;SRC-URDF;SRC-OPENXR;SRC-SCXML;SRC-OPENVDB,
AXM-15-SIMULATION-XR-A-031-action-state,15-simulation-xr,Simulation physics robotics navigation and XR,action state,"Smallest independently addressable action state unit in simulation physics robotics navigation and xr, intended to be typed, referenced, transformed or validated without requiring a whole finished asset.",cross-standard,candidate,research-seed,SRC-USDPHYS;SRC-URDF;SRC-OPENXR;SRC-SCXML;SRC-OPENVDB,
AXM-15-SIMULATION-XR-A-032-interaction-path,15-simulation-xr,Simulation physics robotics navigation and XR,interaction path,"Smallest independently addressable interaction path unit in simulation physics robotics navigation and xr, intended to be typed, referenced, transformed or validated without requiring a whole finished asset.",cross-standard,candidate,research-seed,SRC-USDPHYS;SRC-URDF;SRC-OPENXR;SRC-SCXML;SRC-OPENVDB,
AXM-15-SIMULATION-XR-A-033-haptic-amplitude,15-simulation-xr,Simulation physics robotics navigation and XR,haptic amplitude,"Smallest independently addressable haptic amplitude unit in simulation physics robotics navigation and xr, intended to be typed, referenced, transformed or validated without requiring a whole finished asset.",cross-standard,candidate,research-seed,SRC-USDPHYS;SRC-URDF;SRC-OPENXR;SRC-SCXML;SRC-OPENVDB,
AXM-15-SIMULATION-XR-A-034-haptic-duration,15-simulation-xr,Simulation physics robotics navigation and XR,haptic duration,"Smallest independently addressable haptic duration unit in simulation physics robotics navigation and xr, intended to be typed, referenced, transformed or validated without requiring a whole finished asset.",cross-standard,candidate,research-seed,SRC-USDPHYS;SRC-URDF;SRC-OPENXR;SRC-SCXML;SRC-OPENVDB,
AXM-15-SIMULATION-XR-A-035-field-value,15-simulation-xr,Simulation physics robotics navigation and XR,field value,"Smallest independently addressable field value unit in simulation physics robotics navigation and xr, intended to be typed, referenced, transformed or validated without requiring a whole finished asset.",cross-standard,candidate,research-seed,SRC-USDPHYS;SRC-URDF;SRC-OPENXR;SRC-SCXML;SRC-OPENVDB,
AXM-15-SIMULATION-XR-A-036-particle-state,15-simulation-xr,Simulation physics robotics navigation and XR,particle state,"Smallest independently addressable particle state unit in simulation physics robotics navigation and xr, intended to be typed, referenced, transformed or validated without requiring a whole finished asset.",cross-standard,candidate,research-seed,SRC-USDPHYS;SRC-URDF;SRC-OPENXR;SRC-SCXML;SRC-OPENVDB,
AXM-15-SIMULATION-XR-A-037-navigation-cost,15-simulation-xr,Simulation physics robotics navigation and XR,navigation cost,"Smallest independently addressable navigation cost unit in simulation physics robotics navigation and xr, intended to be typed, referenced, transformed or validated without requiring a whole finished asset.",cross-standard,candidate,research-seed,SRC-USDPHYS;SRC-URDF;SRC-OPENXR;SRC-SCXML;SRC-OPENVDB,
AXM-15-SIMULATION-XR-A-038-path-waypoint,15-simulation-xr,Simulation physics robotics navigation and XR,path waypoint,"Smallest independently addressable path waypoint unit in simulation physics robotics navigation and xr, intended to be typed, referenced, transformed or validated without requiring a whole finished asset.",cross-standard,candidate,research-seed,SRC-USDPHYS;SRC-URDF;SRC-OPENXR;SRC-SCXML;SRC-OPENVDB,
AXM-15-SIMULATION-XR-A-039-fluid-density,15-simulation-xr,Simulation physics robotics navigation and XR,fluid density,"Smallest independently addressable fluid density unit in simulation physics robotics navigation and xr, intended to be typed, referenced, transformed or validated without requiring a whole finished asset.",cross-standard,candidate,research-seed,SRC-USDPHYS;SRC-URDF;SRC-OPENXR;SRC-SCXML;SRC-OPENVDB,
AXM-15-SIMULATION-XR-A-040-fluid-velocity,15-simulation-xr,Simulation physics robotics navigation and XR,fluid velocity,"Smallest independently addressable fluid velocity unit in simulation physics robotics navigation and xr, intended to be typed, referenced, transformed or validated without requiring a whole finished asset.",cross-standard,candidate,research-seed,SRC-USDPHYS;SRC-URDF;SRC-OPENXR;SRC-SCXML;SRC-OPENVDB,
AXM-15-SIMULATION-XR-A-041-temperature-sample,15-simulation-xr,Simulation physics robotics navigation and XR,temperature sample,"Smallest independently addressable temperature sample unit in simulation physics robotics navigation and xr, intended to be typed, referenced, transformed or validated without requiring a whole finished asset.",cross-standard,candidate,research-seed,SRC-USDPHYS;SRC-URDF;SRC-OPENXR;SRC-SCXML;SRC-OPENVDB,
AXM-15-SIMULATION-XR-A-042-pressure-sample,15-simulation-xr,Simulation physics robotics navigation and XR,pressure sample,"Smallest independently addressable pressure sample unit in simulation physics robotics navigation and xr, intended to be typed, referenced, transformed or validated without requiring a whole finished asset.",cross-standard,candidate,research-seed,SRC-USDPHYS;SRC-URDF;SRC-OPENXR;SRC-SCXML;SRC-OPENVDB,
AXM-16-GAMES-A-001-entity-identifier,16-games,Games interactive worlds and playable systems,entity identifier,"Smallest independently addressable entity identifier unit in games interactive worlds and playable systems, intended to be typed, referenced, transformed or validated without requiring a whole finished asset.",cross-standard,candidate,research-seed,SRC-GLTF;SRC-USDPHYS;SRC-SCXML;SRC-OPENXR;SRC-WEBAUDIO,
AXM-16-GAMES-A-002-component-identifier,16-games,Games interactive worlds and playable systems,component identifier,"Smallest independently addressable component identifier unit in games interactive worlds and playable systems, intended to be typed, referenced, transformed or validated without requiring a whole finished asset.",cross-standard,candidate,research-seed,SRC-GLTF;SRC-USDPHYS;SRC-SCXML;SRC-OPENXR;SRC-WEBAUDIO,
AXM-16-GAMES-A-003-system-identifier,16-games,Games interactive worlds and playable systems,system identifier,"Smallest independently addressable system identifier unit in games interactive worlds and playable systems, intended to be typed, referenced, transformed or validated without requiring a whole finished asset.",cross-standard,candidate,research-seed,SRC-GLTF;SRC-USDPHYS;SRC-SCXML;SRC-OPENXR;SRC-WEBAUDIO,
AXM-16-GAMES-A-004-gameplay-tag,16-games,Games interactive worlds and playable systems,gameplay tag,"Smallest independently addressable gameplay tag unit in games interactive worlds and playable systems, intended to be typed, referenced, transformed or validated without requiring a whole finished asset.",cross-standard,candidate,research-seed,SRC-GLTF;SRC-USDPHYS;SRC-SCXML;SRC-OPENXR;SRC-WEBAUDIO,
AXM-16-GAMES-A-005-stat-value,16-games,Games interactive worlds and playable systems,stat value,"Smallest independently addressable stat value unit in games interactive worlds and playable systems, intended to be typed, referenced, transformed or validated without requiring a whole finished asset.",cross-standard,candidate,research-seed,SRC-GLTF;SRC-USDPHYS;SRC-SCXML;SRC-OPENXR;SRC-WEBAUDIO,
AXM-16-GAMES-A-006-resource-value,16-games,Games interactive worlds and playable systems,resource value,"Smallest independently addressable resource value unit in games interactive worlds and playable systems, intended to be typed, referenced, transformed or validated without requiring a whole finished asset.",cross-standard,candidate,research-seed,SRC-GLTF;SRC-USDPHYS;SRC-SCXML;SRC-OPENXR;SRC-WEBAUDIO,
AXM-16-GAMES-A-007-health-value,16-games,Games interactive worlds and playable systems,health value,"Smallest independently addressable health value unit in games interactive worlds and playable systems, intended to be typed, referenced, transformed or validated without requiring a whole finished asset.",cross-standard,candidate,research-seed,SRC-GLTF;SRC-USDPHYS;SRC-SCXML;SRC-OPENXR;SRC-WEBAUDIO,
AXM-16-GAMES-A-008-score-value,16-games,Games interactive worlds and playable systems,score value,"Smallest independently addressable score value unit in games interactive worlds and playable systems, intended to be typed, referenced, transformed or validated without requiring a whole finished asset.",cross-standard,candidate,research-seed,SRC-GLTF;SRC-USDPHYS;SRC-SCXML;SRC-OPENXR;SRC-WEBAUDIO,
AXM-16-GAMES-A-009-input-action,16-games,Games interactive worlds and playable systems,input action,"Smallest independently addressable input action unit in games interactive worlds and playable systems, intended to be typed, referenced, transformed or validated without requiring a whole finished asset.",cross-standard,candidate,research-seed,SRC-GLTF;SRC-USDPHYS;SRC-SCXML;SRC-OPENXR;SRC-WEBAUDIO,
AXM-16-GAMES-A-010-trigger-volume,16-games,Games interactive worlds and playable systems,trigger volume,"Smallest independently addressable trigger volume unit in games interactive worlds and playable systems, intended to be typed, referenced, transformed or validated without requiring a whole finished asset.",cross-standard,candidate,research-seed,SRC-GLTF;SRC-USDPHYS;SRC-SCXML;SRC-OPENXR;SRC-WEBAUDIO,
AXM-16-GAMES-A-011-spawn-point,16-games,Games interactive worlds and playable systems,spawn point,"Smallest independently addressable spawn point unit in games interactive worlds and playable systems, intended to be typed, referenced, transformed or validated without requiring a whole finished asset.",cross-standard,candidate,research-seed,SRC-GLTF;SRC-USDPHYS;SRC-SCXML;SRC-OPENXR;SRC-WEBAUDIO,
AXM-16-GAMES-A-012-waypoint,16-games,Games interactive worlds and playable systems,waypoint,"Smallest independently addressable waypoint unit in games interactive worlds and playable systems, intended to be typed, referenced, transformed or validated without requiring a whole finished asset.",cross-standard,candidate,research-seed,SRC-GLTF;SRC-USDPHYS;SRC-SCXML;SRC-OPENXR;SRC-WEBAUDIO,
AXM-16-GAMES-A-013-navigation-link,16-games,Games interactive worlds and playable systems,navigation link,"Smallest independently addressable navigation link unit in games interactive worlds and playable systems, intended to be typed, referenced, transformed or validated without requiring a whole finished asset.",cross-standard,candidate,research-seed,SRC-GLTF;SRC-USDPHYS;SRC-SCXML;SRC-OPENXR;SRC-WEBAUDIO,
AXM-16-GAMES-A-014-tile-identifier,16-games,Games interactive worlds and playable systems,tile identifier,"Smallest independently addressable tile identifier unit in games interactive worlds and playable systems, intended to be typed, referenced, transformed or validated without requiring a whole finished asset.",cross-standard,candidate,research-seed,SRC-GLTF;SRC-USDPHYS;SRC-SCXML;SRC-OPENXR;SRC-WEBAUDIO,
AXM-16-GAMES-A-015-biome-tag,16-games,Games interactive worlds and playable systems,biome tag,"Smallest independently addressable biome tag unit in games interactive worlds and playable systems, intended to be typed, referenced, transformed or validated without requiring a whole finished asset.",cross-standard,candidate,research-seed,SRC-GLTF;SRC-USDPHYS;SRC-SCXML;SRC-OPENXR;SRC-WEBAUDIO,
AXM-16-GAMES-A-016-faction-identifier,16-games,Games interactive worlds and playable systems,faction identifier,"Smallest independently addressable faction identifier unit in games interactive worlds and playable systems, intended to be typed, referenced, transformed or validated without requiring a whole finished asset.",cross-standard,candidate,research-seed,SRC-GLTF;SRC-USDPHYS;SRC-SCXML;SRC-OPENXR;SRC-WEBAUDIO,
AXM-16-GAMES-A-017-quest-state,16-games,Games interactive worlds and playable systems,quest state,"Smallest independently addressable quest state unit in games interactive worlds and playable systems, intended to be typed, referenced, transformed or validated without requiring a whole finished asset.",cross-standard,candidate,research-seed,SRC-GLTF;SRC-USDPHYS;SRC-SCXML;SRC-OPENXR;SRC-WEBAUDIO,
AXM-16-GAMES-A-018-dialogue-line,16-games,Games interactive worlds and playable systems,dialogue line,"Smallest independently addressable dialogue line unit in games interactive worlds and playable systems, intended to be typed, referenced, transformed or validated without requiring a whole finished asset.",cross-standard,candidate,research-seed,SRC-GLTF;SRC-USDPHYS;SRC-SCXML;SRC-OPENXR;SRC-WEBAUDIO,
AXM-16-GAMES-A-019-choice,16-games,Games interactive worlds and playable systems,choice,"Smallest independently addressable choice unit in games interactive worlds and playable systems, intended to be typed, referenced, transformed or validated without requiring a whole finished asset.",cross-standard,candidate,research-seed,SRC-GLTF;SRC-USDPHYS;SRC-SCXML;SRC-OPENXR;SRC-WEBAUDIO,
AXM-16-GAMES-A-020-gameplay-condition,16-games,Games interactive worlds and playable systems,gameplay condition,"Smallest independently addressable gameplay condition unit in games interactive worlds and playable systems, intended to be typed, referenced, transformed or validated without requiring a whole finished asset.",cross-standard,candidate,research-seed,SRC-GLTF;SRC-USDPHYS;SRC-SCXML;SRC-OPENXR;SRC-WEBAUDIO,
AXM-16-GAMES-A-021-reward,16-games,Games interactive worlds and playable systems,reward,"Smallest independently addressable reward unit in games interactive worlds and playable systems, intended to be typed, referenced, transformed or validated without requiring a whole finished asset.",cross-standard,candidate,research-seed,SRC-GLTF;SRC-USDPHYS;SRC-SCXML;SRC-OPENXR;SRC-WEBAUDIO,
AXM-16-GAMES-A-022-loot-weight,16-games,Games interactive worlds and playable systems,loot weight,"Smallest independently addressable loot weight unit in games interactive worlds and playable systems, intended to be typed, referenced, transformed or validated without requiring a whole finished asset.",cross-standard,candidate,research-seed,SRC-GLTF;SRC-USDPHYS;SRC-SCXML;SRC-OPENXR;SRC-WEBAUDIO,
AXM-16-GAMES-A-023-encounter-weight,16-games,Games interactive worlds and playable systems,encounter weight,"Smallest independently addressable encounter weight unit in games interactive worlds and playable systems, intended to be typed, referenced, transformed or validated without requiring a whole finished asset.",cross-standard,candidate,research-seed,SRC-GLTF;SRC-USDPHYS;SRC-SCXML;SRC-OPENXR;SRC-WEBAUDIO,
AXM-16-GAMES-A-024-checkpoint-identifier,16-games,Games interactive worlds and playable systems,checkpoint identifier,"Smallest independently addressable checkpoint identifier unit in games interactive worlds and playable systems, intended to be typed, referenced, transformed or validated without requiring a whole finished asset.",cross-standard,candidate,research-seed,SRC-GLTF;SRC-USDPHYS;SRC-SCXML;SRC-OPENXR;SRC-WEBAUDIO,
AXM-16-GAMES-A-025-save-key,16-games,Games interactive worlds and playable systems,save key,"Smallest independently addressable save key unit in games interactive worlds and playable systems, intended to be typed, referenced, transformed or validated without requiring a whole finished asset.",cross-standard,candidate,research-seed,SRC-GLTF;SRC-USDPHYS;SRC-SCXML;SRC-OPENXR;SRC-WEBAUDIO,
AXM-16-GAMES-A-026-network-tick,16-games,Games interactive worlds and playable systems,network tick,"Smallest independently addressable network tick unit in games interactive worlds and playable systems, intended to be typed, referenced, transformed or validated without requiring a whole finished asset.",cross-standard,candidate,research-seed,SRC-GLTF;SRC-USDPHYS;SRC-SCXML;SRC-OPENXR;SRC-WEBAUDIO,
AXM-16-GAMES-A-027-player-slot,16-games,Games interactive worlds and playable systems,player slot,"Smallest independently addressable player slot unit in games interactive worlds and playable systems, intended to be typed, referenced, transformed or validated without requiring a whole finished asset.",cross-standard,candidate,research-seed,SRC-GLTF;SRC-USDPHYS;SRC-SCXML;SRC-OPENXR;SRC-WEBAUDIO,
AXM-16-GAMES-A-028-difficulty-value,16-games,Games interactive worlds and playable systems,difficulty value,"Smallest independently addressable difficulty value unit in games interactive worlds and playable systems, intended to be typed, referenced, transformed or validated without requiring a whole finished asset.",cross-standard,candidate,research-seed,SRC-GLTF;SRC-USDPHYS;SRC-SCXML;SRC-OPENXR;SRC-WEBAUDIO,
AXM-16-GAMES-A-029-experience-value,16-games,Games interactive worlds and playable systems,experience value,"Smallest independently addressable experience value unit in games interactive worlds and playable systems, intended to be typed, referenced, transformed or validated without requiring a whole finished asset.",cross-standard,candidate,research-seed,SRC-GLTF;SRC-USDPHYS;SRC-SCXML;SRC-OPENXR;SRC-WEBAUDIO,
AXM-16-GAMES-A-030-level-value,16-games,Games interactive worlds and playable systems,level value,"Smallest independently addressable level value unit in games interactive worlds and playable systems, intended to be typed, referenced, transformed or validated without requiring a whole finished asset.",cross-standard,candidate,research-seed,SRC-GLTF;SRC-USDPHYS;SRC-SCXML;SRC-OPENXR;SRC-WEBAUDIO,
AXM-16-GAMES-A-031-cooldown-value,16-games,Games interactive worlds and playable systems,cooldown value,"Smallest independently addressable cooldown value unit in games interactive worlds and playable systems, intended to be typed, referenced, transformed or validated without requiring a whole finished asset.",cross-standard,candidate,research-seed,SRC-GLTF;SRC-USDPHYS;SRC-SCXML;SRC-OPENXR;SRC-WEBAUDIO,
AXM-16-GAMES-A-032-damage-value,16-games,Games interactive worlds and playable systems,damage value,"Smallest independently addressable damage value unit in games interactive worlds and playable systems, intended to be typed, referenced, transformed or validated without requiring a whole finished asset.",cross-standard,candidate,research-seed,SRC-GLTF;SRC-USDPHYS;SRC-SCXML;SRC-OPENXR;SRC-WEBAUDIO,
AXM-16-GAMES-A-033-team-identifier,16-games,Games interactive worlds and playable systems,team identifier,"Smallest independently addressable team identifier unit in games interactive worlds and playable systems, intended to be typed, referenced, transformed or validated without requiring a whole finished asset.",cross-standard,candidate,research-seed,SRC-GLTF;SRC-USDPHYS;SRC-SCXML;SRC-OPENXR;SRC-WEBAUDIO,
AXM-16-GAMES-A-034-world-seed,16-games,Games interactive worlds and playable systems,world seed,"Smallest independently addressable world seed unit in games interactive worlds and playable systems, intended to be typed, referenced, transformed or validated without requiring a whole finished asset.",cross-standard,candidate,research-seed,SRC-GLTF;SRC-USDPHYS;SRC-SCXML;SRC-OPENXR;SRC-WEBAUDIO,
AXM-17-DOCUMENTS-OFFICE-A-001-document-character,17-documents-office,Documents publishing spreadsheets presentations and forms,document character,"Smallest independently addressable document character unit in documents publishing spreadsheets presentations and forms, intended to be typed, referenced, transformed or validated without requiring a whole finished asset.",cross-standard,candidate,research-seed,SRC-ODF;SRC-PDF;SRC-EPUB;SRC-HTML;SRC-OPENTYPE,
AXM-17-DOCUMENTS-OFFICE-A-002-glyph-reference,17-documents-office,Documents publishing spreadsheets presentations and forms,glyph reference,"Smallest independently addressable glyph reference unit in documents publishing spreadsheets presentations and forms, intended to be typed, referenced, transformed or validated without requiring a whole finished asset.",cross-standard,candidate,research-seed,SRC-ODF;SRC-PDF;SRC-EPUB;SRC-HTML;SRC-OPENTYPE,
AXM-17-DOCUMENTS-OFFICE-A-003-text-style-property,17-documents-office,Documents publishing spreadsheets presentations and forms,text-style property,"Smallest independently addressable text-style property unit in documents publishing spreadsheets presentations and forms, intended to be typed, referenced, transformed or validated without requiring a whole finished asset.",cross-standard,candidate,research-seed,SRC-ODF;SRC-PDF;SRC-EPUB;SRC-HTML;SRC-OPENTYPE,
AXM-17-DOCUMENTS-OFFICE-A-004-paragraph-style-property,17-documents-office,Documents publishing spreadsheets presentations and forms,paragraph-style property,"Smallest independently addressable paragraph-style property unit in documents publishing spreadsheets presentations and forms, intended to be typed, referenced, transformed or validated without requiring a whole finished asset.",cross-standard,candidate,research-seed,SRC-ODF;SRC-PDF;SRC-EPUB;SRC-HTML;SRC-OPENTYPE,
AXM-17-DOCUMENTS-OFFICE-A-005-section-break,17-documents-office,Documents publishing spreadsheets presentations and forms,section break,"Smallest independently addressable section break unit in documents publishing spreadsheets presentations and forms, intended to be typed, referenced, transformed or validated without requiring a whole finished asset.",cross-standard,candidate,research-seed,SRC-ODF;SRC-PDF;SRC-EPUB;SRC-HTML;SRC-OPENTYPE,
AXM-17-DOCUMENTS-OFFICE-A-006-page-break,17-documents-office,Documents publishing spreadsheets presentations and forms,page break,"Smallest independently addressable page break unit in documents publishing spreadsheets presentations and forms, intended to be typed, referenced, transformed or validated without requiring a whole finished asset.",cross-standard,candidate,research-seed,SRC-ODF;SRC-PDF;SRC-EPUB;SRC-HTML;SRC-OPENTYPE,
AXM-17-DOCUMENTS-OFFICE-A-007-column-break,17-documents-office,Documents publishing spreadsheets presentations and forms,column break,"Smallest independently addressable column break unit in documents publishing spreadsheets presentations and forms, intended to be typed, referenced, transformed or validated without requiring a whole finished asset.",cross-standard,candidate,research-seed,SRC-ODF;SRC-PDF;SRC-EPUB;SRC-HTML;SRC-OPENTYPE,
AXM-17-DOCUMENTS-OFFICE-A-008-list-marker,17-documents-office,Documents publishing spreadsheets presentations and forms,list marker,"Smallest independently addressable list marker unit in documents publishing spreadsheets presentations and forms, intended to be typed, referenced, transformed or validated without requiring a whole finished asset.",cross-standard,candidate,research-seed,SRC-ODF;SRC-PDF;SRC-EPUB;SRC-HTML;SRC-OPENTYPE,
AXM-17-DOCUMENTS-OFFICE-A-009-footnote-marker,17-documents-office,Documents publishing spreadsheets presentations and forms,footnote marker,"Smallest independently addressable footnote marker unit in documents publishing spreadsheets presentations and forms, intended to be typed, referenced, transformed or validated without requiring a whole finished asset.",cross-standard,candidate,research-seed,SRC-ODF;SRC-PDF;SRC-EPUB;SRC-HTML;SRC-OPENTYPE,
AXM-17-DOCUMENTS-OFFICE-A-010-citation-key,17-documents-office,Documents publishing spreadsheets presentations and forms,citation key,"Smallest independently addressable citation key unit in documents publishing spreadsheets presentations and forms, intended to be typed, referenced, transformed or validated without requiring a whole finished asset.",cross-standard,candidate,research-seed,SRC-ODF;SRC-PDF;SRC-EPUB;SRC-HTML;SRC-OPENTYPE,
AXM-17-DOCUMENTS-OFFICE-A-011-bookmark,17-documents-office,Documents publishing spreadsheets presentations and forms,bookmark,"Smallest independently addressable bookmark unit in documents publishing spreadsheets presentations and forms, intended to be typed, referenced, transformed or validated without requiring a whole finished asset.",cross-standard,candidate,research-seed,SRC-ODF;SRC-PDF;SRC-EPUB;SRC-HTML;SRC-OPENTYPE,
AXM-17-DOCUMENTS-OFFICE-A-012-hyperlink-target,17-documents-office,Documents publishing spreadsheets presentations and forms,hyperlink target,"Smallest independently addressable hyperlink target unit in documents publishing spreadsheets presentations and forms, intended to be typed, referenced, transformed or validated without requiring a whole finished asset.",cross-standard,candidate,research-seed,SRC-ODF;SRC-PDF;SRC-EPUB;SRC-HTML;SRC-OPENTYPE,
AXM-17-DOCUMENTS-OFFICE-A-013-field-code,17-documents-office,Documents publishing spreadsheets presentations and forms,field code,"Smallest independently addressable field code unit in documents publishing spreadsheets presentations and forms, intended to be typed, referenced, transformed or validated without requiring a whole finished asset.",cross-standard,candidate,research-seed,SRC-ODF;SRC-PDF;SRC-EPUB;SRC-HTML;SRC-OPENTYPE,
AXM-17-DOCUMENTS-OFFICE-A-014-page-number,17-documents-office,Documents publishing spreadsheets presentations and forms,page number,"Smallest independently addressable page number unit in documents publishing spreadsheets presentations and forms, intended to be typed, referenced, transformed or validated without requiring a whole finished asset.",cross-standard,candidate,research-seed,SRC-ODF;SRC-PDF;SRC-EPUB;SRC-HTML;SRC-OPENTYPE,
AXM-17-DOCUMENTS-OFFICE-A-015-cell-address,17-documents-office,Documents publishing spreadsheets presentations and forms,cell address,"Smallest independently addressable cell address unit in documents publishing spreadsheets presentations and forms, intended to be typed, referenced, transformed or validated without requiring a whole finished asset.",cross-standard,candidate,research-seed,SRC-ODF;SRC-PDF;SRC-EPUB;SRC-HTML;SRC-OPENTYPE,
AXM-17-DOCUMENTS-OFFICE-A-016-cell-value,17-documents-office,Documents publishing spreadsheets presentations and forms,cell value,"Smallest independently addressable cell value unit in documents publishing spreadsheets presentations and forms, intended to be typed, referenced, transformed or validated without requiring a whole finished asset.",cross-standard,candidate,research-seed,SRC-ODF;SRC-PDF;SRC-EPUB;SRC-HTML;SRC-OPENTYPE,
AXM-17-DOCUMENTS-OFFICE-A-017-formula-token,17-documents-office,Documents publishing spreadsheets presentations and forms,formula token,"Smallest independently addressable formula token unit in documents publishing spreadsheets presentations and forms, intended to be typed, referenced, transformed or validated without requiring a whole finished asset.",cross-standard,candidate,research-seed,SRC-ODF;SRC-PDF;SRC-EPUB;SRC-HTML;SRC-OPENTYPE,
AXM-17-DOCUMENTS-OFFICE-A-018-formula-operator,17-documents-office,Documents publishing spreadsheets presentations and forms,formula operator,"Smallest independently addressable formula operator unit in documents publishing spreadsheets presentations and forms, intended to be typed, referenced, transformed or validated without requiring a whole finished asset.",cross-standard,candidate,research-seed,SRC-ODF;SRC-PDF;SRC-EPUB;SRC-HTML;SRC-OPENTYPE,
AXM-17-DOCUMENTS-OFFICE-A-019-named-range-reference,17-documents-office,Documents publishing spreadsheets presentations and forms,named-range reference,"Smallest independently addressable named-range reference unit in documents publishing spreadsheets presentations and forms, intended to be typed, referenced, transformed or validated without requiring a whole finished asset.",cross-standard,candidate,research-seed,SRC-ODF;SRC-PDF;SRC-EPUB;SRC-HTML;SRC-OPENTYPE,
AXM-17-DOCUMENTS-OFFICE-A-020-row-index,17-documents-office,Documents publishing spreadsheets presentations and forms,row index,"Smallest independently addressable row index unit in documents publishing spreadsheets presentations and forms, intended to be typed, referenced, transformed or validated without requiring a whole finished asset.",cross-standard,candidate,research-seed,SRC-ODF;SRC-PDF;SRC-EPUB;SRC-HTML;SRC-OPENTYPE,
AXM-17-DOCUMENTS-OFFICE-A-021-column-index,17-documents-office,Documents publishing spreadsheets presentations and forms,column index,"Smallest independently addressable column index unit in documents publishing spreadsheets presentations and forms, intended to be typed, referenced, transformed or validated without requiring a whole finished asset.",cross-standard,candidate,research-seed,SRC-ODF;SRC-PDF;SRC-EPUB;SRC-HTML;SRC-OPENTYPE,
AXM-17-DOCUMENTS-OFFICE-A-022-merge-span,17-documents-office,Documents publishing spreadsheets presentations and forms,merge span,"Smallest independently addressable merge span unit in documents publishing spreadsheets presentations and forms, intended to be typed, referenced, transformed or validated without requiring a whole finished asset.",cross-standard,candidate,research-seed,SRC-ODF;SRC-PDF;SRC-EPUB;SRC-HTML;SRC-OPENTYPE,
AXM-17-DOCUMENTS-OFFICE-A-023-slide-index,17-documents-office,Documents publishing spreadsheets presentations and forms,slide index,"Smallest independently addressable slide index unit in documents publishing spreadsheets presentations and forms, intended to be typed, referenced, transformed or validated without requiring a whole finished asset.",cross-standard,candidate,research-seed,SRC-ODF;SRC-PDF;SRC-EPUB;SRC-HTML;SRC-OPENTYPE,
AXM-17-DOCUMENTS-OFFICE-A-024-object-anchor,17-documents-office,Documents publishing spreadsheets presentations and forms,object anchor,"Smallest independently addressable object anchor unit in documents publishing spreadsheets presentations and forms, intended to be typed, referenced, transformed or validated without requiring a whole finished asset.",cross-standard,candidate,research-seed,SRC-ODF;SRC-PDF;SRC-EPUB;SRC-HTML;SRC-OPENTYPE,
AXM-17-DOCUMENTS-OFFICE-A-025-master-layout-reference,17-documents-office,Documents publishing spreadsheets presentations and forms,master-layout reference,"Smallest independently addressable master-layout reference unit in documents publishing spreadsheets presentations and forms, intended to be typed, referenced, transformed or validated without requiring a whole finished asset.",cross-standard,candidate,research-seed,SRC-ODF;SRC-PDF;SRC-EPUB;SRC-HTML;SRC-OPENTYPE,
AXM-17-DOCUMENTS-OFFICE-A-026-speaker-note-marker,17-documents-office,Documents publishing spreadsheets presentations and forms,speaker-note marker,"Smallest independently addressable speaker-note marker unit in documents publishing spreadsheets presentations and forms, intended to be typed, referenced, transformed or validated without requiring a whole finished asset.",cross-standard,candidate,research-seed,SRC-ODF;SRC-PDF;SRC-EPUB;SRC-HTML;SRC-OPENTYPE,
AXM-17-DOCUMENTS-OFFICE-A-027-form-field-value,17-documents-office,Documents publishing spreadsheets presentations and forms,form-field value,"Smallest independently addressable form-field value unit in documents publishing spreadsheets presentations and forms, intended to be typed, referenced, transformed or validated without requiring a whole finished asset.",cross-standard,candidate,research-seed,SRC-ODF;SRC-PDF;SRC-EPUB;SRC-HTML;SRC-OPENTYPE,
AXM-17-DOCUMENTS-OFFICE-A-028-tag-tree-role,17-documents-office,Documents publishing spreadsheets presentations and forms,tag-tree role,"Smallest independently addressable tag-tree role unit in documents publishing spreadsheets presentations and forms, intended to be typed, referenced, transformed or validated without requiring a whole finished asset.",cross-standard,candidate,research-seed,SRC-ODF;SRC-PDF;SRC-EPUB;SRC-HTML;SRC-OPENTYPE,
AXM-17-DOCUMENTS-OFFICE-A-029-reading-order-index,17-documents-office,Documents publishing spreadsheets presentations and forms,reading-order index,"Smallest independently addressable reading-order index unit in documents publishing spreadsheets presentations and forms, intended to be typed, referenced, transformed or validated without requiring a whole finished asset.",cross-standard,candidate,research-seed,SRC-ODF;SRC-PDF;SRC-EPUB;SRC-HTML;SRC-OPENTYPE,
AXM-17-DOCUMENTS-OFFICE-A-030-print-margin,17-documents-office,Documents publishing spreadsheets presentations and forms,print margin,"Smallest independently addressable print margin unit in documents publishing spreadsheets presentations and forms, intended to be typed, referenced, transformed or validated without requiring a whole finished asset.",cross-standard,candidate,research-seed,SRC-ODF;SRC-PDF;SRC-EPUB;SRC-HTML;SRC-OPENTYPE,
AXM-17-DOCUMENTS-OFFICE-A-031-page-size,17-documents-office,Documents publishing spreadsheets presentations and forms,page size,"Smallest independently addressable page size unit in documents publishing spreadsheets presentations and forms, intended to be typed, referenced, transformed or validated without requiring a whole finished asset.",cross-standard,candidate,research-seed,SRC-ODF;SRC-PDF;SRC-EPUB;SRC-HTML;SRC-OPENTYPE,
AXM-17-DOCUMENTS-OFFICE-A-032-orientation-value,17-documents-office,Documents publishing spreadsheets presentations and forms,orientation value,"Smallest independently addressable orientation value unit in documents publishing spreadsheets presentations and forms, intended to be typed, referenced, transformed or validated without requiring a whole finished asset.",cross-standard,candidate,research-seed,SRC-ODF;SRC-PDF;SRC-EPUB;SRC-HTML;SRC-OPENTYPE,
AXM-17-DOCUMENTS-OFFICE-A-033-revision-mark,17-documents-office,Documents publishing spreadsheets presentations and forms,revision mark,"Smallest independently addressable revision mark unit in documents publishing spreadsheets presentations and forms, intended to be typed, referenced, transformed or validated without requiring a whole finished asset.",cross-standard,candidate,research-seed,SRC-ODF;SRC-PDF;SRC-EPUB;SRC-HTML;SRC-OPENTYPE,
AXM-17-DOCUMENTS-OFFICE-A-034-comment-anchor,17-documents-office,Documents publishing spreadsheets presentations and forms,comment anchor,"Smallest independently addressable comment anchor unit in documents publishing spreadsheets presentations and forms, intended to be typed, referenced, transformed or validated without requiring a whole finished asset.",cross-standard,candidate,research-seed,SRC-ODF;SRC-PDF;SRC-EPUB;SRC-HTML;SRC-OPENTYPE,
AXM-18-VISUALIZATION-GEO-A-001-datum-value,18-visualization-geo,Data visualization geospatial maps and spatial analytics,datum value,"Smallest independently addressable datum value unit in data visualization geospatial maps and spatial analytics, intended to be typed, referenced, transformed or validated without requiring a whole finished asset.",cross-standard,candidate,research-seed,SRC-VEGALITE;SRC-GEOJSON;SRC-OGC;SRC-3DTILES,
AXM-18-VISUALIZATION-GEO-A-002-dimension-field,18-visualization-geo,Data visualization geospatial maps and spatial analytics,dimension field,"Smallest independently addressable dimension field unit in data visualization geospatial maps and spatial analytics, intended to be typed, referenced, transformed or validated without requiring a whole finished asset.",cross-standard,candidate,research-seed,SRC-VEGALITE;SRC-GEOJSON;SRC-OGC;SRC-3DTILES,
AXM-18-VISUALIZATION-GEO-A-003-measure-field,18-visualization-geo,Data visualization geospatial maps and spatial analytics,measure field,"Smallest independently addressable measure field unit in data visualization geospatial maps and spatial analytics, intended to be typed, referenced, transformed or validated without requiring a whole finished asset.",cross-standard,candidate,research-seed,SRC-VEGALITE;SRC-GEOJSON;SRC-OGC;SRC-3DTILES,
AXM-18-VISUALIZATION-GEO-A-004-category-value,18-visualization-geo,Data visualization geospatial maps and spatial analytics,category value,"Smallest independently addressable category value unit in data visualization geospatial maps and spatial analytics, intended to be typed, referenced, transformed or validated without requiring a whole finished asset.",cross-standard,candidate,research-seed,SRC-VEGALITE;SRC-GEOJSON;SRC-OGC;SRC-3DTILES,
AXM-18-VISUALIZATION-GEO-A-005-mark-type,18-visualization-geo,Data visualization geospatial maps and spatial analytics,mark type,"Smallest independently addressable mark type unit in data visualization geospatial maps and spatial analytics, intended to be typed, referenced, transformed or validated without requiring a whole finished asset.",cross-standard,candidate,research-seed,SRC-VEGALITE;SRC-GEOJSON;SRC-OGC;SRC-3DTILES,
AXM-18-VISUALIZATION-GEO-A-006-encoding-channel,18-visualization-geo,Data visualization geospatial maps and spatial analytics,encoding channel,"Smallest independently addressable encoding channel unit in data visualization geospatial maps and spatial analytics, intended to be typed, referenced, transformed or validated without requiring a whole finished asset.",cross-standard,candidate,research-seed,SRC-VEGALITE;SRC-GEOJSON;SRC-OGC;SRC-3DTILES,
AXM-18-VISUALIZATION-GEO-A-007-scale-domain-value,18-visualization-geo,Data visualization geospatial maps and spatial analytics,scale-domain value,"Smallest independently addressable scale-domain value unit in data visualization geospatial maps and spatial analytics, intended to be typed, referenced, transformed or validated without requiring a whole finished asset.",cross-standard,candidate,research-seed,SRC-VEGALITE;SRC-GEOJSON;SRC-OGC;SRC-3DTILES,
AXM-18-VISUALIZATION-GEO-A-008-scale-range-value,18-visualization-geo,Data visualization geospatial maps and spatial analytics,scale-range value,"Smallest independently addressable scale-range value unit in data visualization geospatial maps and spatial analytics, intended to be typed, referenced, transformed or validated without requiring a whole finished asset.",cross-standard,candidate,research-seed,SRC-VEGALITE;SRC-GEOJSON;SRC-OGC;SRC-3DTILES,
AXM-18-VISUALIZATION-GEO-A-009-axis-tick,18-visualization-geo,Data visualization geospatial maps and spatial analytics,axis tick,"Smallest independently addressable axis tick unit in data visualization geospatial maps and spatial analytics, intended to be typed, referenced, transformed or validated without requiring a whole finished asset.",cross-standard,candidate,research-seed,SRC-VEGALITE;SRC-GEOJSON;SRC-OGC;SRC-3DTILES,
AXM-18-VISUALIZATION-GEO-A-010-axis-label,18-visualization-geo,Data visualization geospatial maps and spatial analytics,axis label,"Smallest independently addressable axis label unit in data visualization geospatial maps and spatial analytics, intended to be typed, referenced, transformed or validated without requiring a whole finished asset.",cross-standard,candidate,research-seed,SRC-VEGALITE;SRC-GEOJSON;SRC-OGC;SRC-3DTILES,
AXM-18-VISUALIZATION-GEO-A-011-legend-entry,18-visualization-geo,Data visualization geospatial maps and spatial analytics,legend entry,"Smallest independently addressable legend entry unit in data visualization geospatial maps and spatial analytics, intended to be typed, referenced, transformed or validated without requiring a whole finished asset.",cross-standard,candidate,research-seed,SRC-VEGALITE;SRC-GEOJSON;SRC-OGC;SRC-3DTILES,
AXM-18-VISUALIZATION-GEO-A-012-bin-boundary,18-visualization-geo,Data visualization geospatial maps and spatial analytics,bin boundary,"Smallest independently addressable bin boundary unit in data visualization geospatial maps and spatial analytics, intended to be typed, referenced, transformed or validated without requiring a whole finished asset.",cross-standard,candidate,research-seed,SRC-VEGALITE;SRC-GEOJSON;SRC-OGC;SRC-3DTILES,
AXM-18-VISUALIZATION-GEO-A-013-aggregate-operator,18-visualization-geo,Data visualization geospatial maps and spatial analytics,aggregate operator,"Smallest independently addressable aggregate operator unit in data visualization geospatial maps and spatial analytics, intended to be typed, referenced, transformed or validated without requiring a whole finished asset.",cross-standard,candidate,research-seed,SRC-VEGALITE;SRC-GEOJSON;SRC-OGC;SRC-3DTILES,
AXM-18-VISUALIZATION-GEO-A-014-filter-predicate,18-visualization-geo,Data visualization geospatial maps and spatial analytics,filter predicate,"Smallest independently addressable filter predicate unit in data visualization geospatial maps and spatial analytics, intended to be typed, referenced, transformed or validated without requiring a whole finished asset.",cross-standard,candidate,research-seed,SRC-VEGALITE;SRC-GEOJSON;SRC-OGC;SRC-3DTILES,
AXM-18-VISUALIZATION-GEO-A-015-selection-state,18-visualization-geo,Data visualization geospatial maps and spatial analytics,selection state,"Smallest independently addressable selection state unit in data visualization geospatial maps and spatial analytics, intended to be typed, referenced, transformed or validated without requiring a whole finished asset.",cross-standard,candidate,research-seed,SRC-VEGALITE;SRC-GEOJSON;SRC-OGC;SRC-3DTILES,
AXM-18-VISUALIZATION-GEO-A-016-latitude,18-visualization-geo,Data visualization geospatial maps and spatial analytics,latitude,"Smallest independently addressable latitude unit in data visualization geospatial maps and spatial analytics, intended to be typed, referenced, transformed or validated without requiring a whole finished asset.",cross-standard,candidate,research-seed,SRC-VEGALITE;SRC-GEOJSON;SRC-OGC;SRC-3DTILES,
AXM-18-VISUALIZATION-GEO-A-017-longitude,18-visualization-geo,Data visualization geospatial maps and spatial analytics,longitude,"Smallest independently addressable longitude unit in data visualization geospatial maps and spatial analytics, intended to be typed, referenced, transformed or validated without requiring a whole finished asset.",cross-standard,candidate,research-seed,SRC-VEGALITE;SRC-GEOJSON;SRC-OGC;SRC-3DTILES,
AXM-18-VISUALIZATION-GEO-A-018-altitude,18-visualization-geo,Data visualization geospatial maps and spatial analytics,altitude,"Smallest independently addressable altitude unit in data visualization geospatial maps and spatial analytics, intended to be typed, referenced, transformed or validated without requiring a whole finished asset.",cross-standard,candidate,research-seed,SRC-VEGALITE;SRC-GEOJSON;SRC-OGC;SRC-3DTILES,
AXM-18-VISUALIZATION-GEO-A-019-coordinate-reference-system-reference,18-visualization-geo,Data visualization geospatial maps and spatial analytics,coordinate-reference-system reference,"Smallest independently addressable coordinate-reference-system reference unit in data visualization geospatial maps and spatial analytics, intended to be typed, referenced, transformed or validated without requiring a whole finished asset.",cross-standard,candidate,research-seed,SRC-VEGALITE;SRC-GEOJSON;SRC-OGC;SRC-3DTILES,
AXM-18-VISUALIZATION-GEO-A-020-geometry-coordinate,18-visualization-geo,Data visualization geospatial maps and spatial analytics,geometry coordinate,"Smallest independently addressable geometry coordinate unit in data visualization geospatial maps and spatial analytics, intended to be typed, referenced, transformed or validated without requiring a whole finished asset.",cross-standard,candidate,research-seed,SRC-VEGALITE;SRC-GEOJSON;SRC-OGC;SRC-3DTILES,
AXM-18-VISUALIZATION-GEO-A-021-feature-property,18-visualization-geo,Data visualization geospatial maps and spatial analytics,feature property,"Smallest independently addressable feature property unit in data visualization geospatial maps and spatial analytics, intended to be typed, referenced, transformed or validated without requiring a whole finished asset.",cross-standard,candidate,research-seed,SRC-VEGALITE;SRC-GEOJSON;SRC-OGC;SRC-3DTILES,
AXM-18-VISUALIZATION-GEO-A-022-geospatial-extent,18-visualization-geo,Data visualization geospatial maps and spatial analytics,geospatial extent,"Smallest independently addressable geospatial extent unit in data visualization geospatial maps and spatial analytics, intended to be typed, referenced, transformed or validated without requiring a whole finished asset.",cross-standard,candidate,research-seed,SRC-VEGALITE;SRC-GEOJSON;SRC-OGC;SRC-3DTILES,
AXM-18-VISUALIZATION-GEO-A-023-tile-coordinate,18-visualization-geo,Data visualization geospatial maps and spatial analytics,tile coordinate,"Smallest independently addressable tile coordinate unit in data visualization geospatial maps and spatial analytics, intended to be typed, referenced, transformed or validated without requiring a whole finished asset.",cross-standard,candidate,research-seed,SRC-VEGALITE;SRC-GEOJSON;SRC-OGC;SRC-3DTILES,
AXM-18-VISUALIZATION-GEO-A-024-zoom-level,18-visualization-geo,Data visualization geospatial maps and spatial analytics,zoom level,"Smallest independently addressable zoom level unit in data visualization geospatial maps and spatial analytics, intended to be typed, referenced, transformed or validated without requiring a whole finished asset.",cross-standard,candidate,research-seed,SRC-VEGALITE;SRC-GEOJSON;SRC-OGC;SRC-3DTILES,
AXM-18-VISUALIZATION-GEO-A-025-georeference-tag,18-visualization-geo,Data visualization geospatial maps and spatial analytics,georeference tag,"Smallest independently addressable georeference tag unit in data visualization geospatial maps and spatial analytics, intended to be typed, referenced, transformed or validated without requiring a whole finished asset.",cross-standard,candidate,research-seed,SRC-VEGALITE;SRC-GEOJSON;SRC-OGC;SRC-3DTILES,
AXM-18-VISUALIZATION-GEO-A-026-time-coordinate,18-visualization-geo,Data visualization geospatial maps and spatial analytics,time coordinate,"Smallest independently addressable time coordinate unit in data visualization geospatial maps and spatial analytics, intended to be typed, referenced, transformed or validated without requiring a whole finished asset.",cross-standard,candidate,research-seed,SRC-VEGALITE;SRC-GEOJSON;SRC-OGC;SRC-3DTILES,
AXM-18-VISUALIZATION-GEO-A-027-map-scale,18-visualization-geo,Data visualization geospatial maps and spatial analytics,map scale,"Smallest independently addressable map scale unit in data visualization geospatial maps and spatial analytics, intended to be typed, referenced, transformed or validated without requiring a whole finished asset.",cross-standard,candidate,research-seed,SRC-VEGALITE;SRC-GEOJSON;SRC-OGC;SRC-3DTILES,
AXM-18-VISUALIZATION-GEO-A-028-projection-parameter,18-visualization-geo,Data visualization geospatial maps and spatial analytics,projection parameter,"Smallest independently addressable projection parameter unit in data visualization geospatial maps and spatial analytics, intended to be typed, referenced, transformed or validated without requiring a whole finished asset.",cross-standard,candidate,research-seed,SRC-VEGALITE;SRC-GEOJSON;SRC-OGC;SRC-3DTILES,
AXM-18-VISUALIZATION-GEO-A-029-spatial-resolution,18-visualization-geo,Data visualization geospatial maps and spatial analytics,spatial resolution,"Smallest independently addressable spatial resolution unit in data visualization geospatial maps and spatial analytics, intended to be typed, referenced, transformed or validated without requiring a whole finished asset.",cross-standard,candidate,research-seed,SRC-VEGALITE;SRC-GEOJSON;SRC-OGC;SRC-3DTILES,
AXM-18-VISUALIZATION-GEO-A-030-nodata-value,18-visualization-geo,Data visualization geospatial maps and spatial analytics,nodata value,"Smallest independently addressable nodata value unit in data visualization geospatial maps and spatial analytics, intended to be typed, referenced, transformed or validated without requiring a whole finished asset.",cross-standard,candidate,research-seed,SRC-VEGALITE;SRC-GEOJSON;SRC-OGC;SRC-3DTILES,
AXM-18-VISUALIZATION-GEO-A-031-elevation-value,18-visualization-geo,Data visualization geospatial maps and spatial analytics,elevation value,"Smallest independently addressable elevation value unit in data visualization geospatial maps and spatial analytics, intended to be typed, referenced, transformed or validated without requiring a whole finished asset.",cross-standard,candidate,research-seed,SRC-VEGALITE;SRC-GEOJSON;SRC-OGC;SRC-3DTILES,
AXM-19-AI-ML-AGENTS-A-001-token-identifier,19-ai-ml-agents,AI machine learning agents knowledge and retrieval,token identifier,"Smallest independently addressable token identifier unit in ai machine learning agents knowledge and retrieval, intended to be typed, referenced, transformed or validated without requiring a whole finished asset.",cross-standard,candidate,research-seed,SRC-ONNX;SRC-CROISSANT;SRC-OPENML;SRC-TOKENIZERS;SRC-MCP;SRC-RDF,
AXM-19-AI-ML-AGENTS-A-002-special-token,19-ai-ml-agents,AI machine learning agents knowledge and retrieval,special token,"Smallest independently addressable special token unit in ai machine learning agents knowledge and retrieval, intended to be typed, referenced, transformed or validated without requiring a whole finished asset.",cross-standard,candidate,research-seed,SRC-ONNX;SRC-CROISSANT;SRC-OPENML;SRC-TOKENIZERS;SRC-MCP;SRC-RDF,
AXM-19-AI-ML-AGENTS-A-003-vocabulary-entry,19-ai-ml-agents,AI machine learning agents knowledge and retrieval,vocabulary entry,"Smallest independently addressable vocabulary entry unit in ai machine learning agents knowledge and retrieval, intended to be typed, referenced, transformed or validated without requiring a whole finished asset.",cross-standard,candidate,research-seed,SRC-ONNX;SRC-CROISSANT;SRC-OPENML;SRC-TOKENIZERS;SRC-MCP;SRC-RDF,
AXM-19-AI-ML-AGENTS-A-004-normalized-character,19-ai-ml-agents,AI machine learning agents knowledge and retrieval,normalized character,"Smallest independently addressable normalized character unit in ai machine learning agents knowledge and retrieval, intended to be typed, referenced, transformed or validated without requiring a whole finished asset.",cross-standard,candidate,research-seed,SRC-ONNX;SRC-CROISSANT;SRC-OPENML;SRC-TOKENIZERS;SRC-MCP;SRC-RDF,
AXM-19-AI-ML-AGENTS-A-005-pre-token-boundary,19-ai-ml-agents,AI machine learning agents knowledge and retrieval,pre-token boundary,"Smallest independently addressable pre-token boundary unit in ai machine learning agents knowledge and retrieval, intended to be typed, referenced, transformed or validated without requiring a whole finished asset.",cross-standard,candidate,research-seed,SRC-ONNX;SRC-CROISSANT;SRC-OPENML;SRC-TOKENIZERS;SRC-MCP;SRC-RDF,
AXM-19-AI-ML-AGENTS-A-006-tensor-element,19-ai-ml-agents,AI machine learning agents knowledge and retrieval,tensor element,"Smallest independently addressable tensor element unit in ai machine learning agents knowledge and retrieval, intended to be typed, referenced, transformed or validated without requiring a whole finished asset.",cross-standard,candidate,research-seed,SRC-ONNX;SRC-CROISSANT;SRC-OPENML;SRC-TOKENIZERS;SRC-MCP;SRC-RDF,
AXM-19-AI-ML-AGENTS-A-007-tensor-shape-dimension,19-ai-ml-agents,AI machine learning agents knowledge and retrieval,tensor-shape dimension,"Smallest independently addressable tensor-shape dimension unit in ai machine learning agents knowledge and retrieval, intended to be typed, referenced, transformed or validated without requiring a whole finished asset.",cross-standard,candidate,research-seed,SRC-ONNX;SRC-CROISSANT;SRC-OPENML;SRC-TOKENIZERS;SRC-MCP;SRC-RDF,
AXM-19-AI-ML-AGENTS-A-008-model-input,19-ai-ml-agents,AI machine learning agents knowledge and retrieval,model input,"Smallest independently addressable model input unit in ai machine learning agents knowledge and retrieval, intended to be typed, referenced, transformed or validated without requiring a whole finished asset.",cross-standard,candidate,research-seed,SRC-ONNX;SRC-CROISSANT;SRC-OPENML;SRC-TOKENIZERS;SRC-MCP;SRC-RDF,
AXM-19-AI-ML-AGENTS-A-009-model-output,19-ai-ml-agents,AI machine learning agents knowledge and retrieval,model output,"Smallest independently addressable model output unit in ai machine learning agents knowledge and retrieval, intended to be typed, referenced, transformed or validated without requiring a whole finished asset.",cross-standard,candidate,research-seed,SRC-ONNX;SRC-CROISSANT;SRC-OPENML;SRC-TOKENIZERS;SRC-MCP;SRC-RDF,
AXM-19-AI-ML-AGENTS-A-010-operator-attribute,19-ai-ml-agents,AI machine learning agents knowledge and retrieval,operator attribute,"Smallest independently addressable operator attribute unit in ai machine learning agents knowledge and retrieval, intended to be typed, referenced, transformed or validated without requiring a whole finished asset.",cross-standard,candidate,research-seed,SRC-ONNX;SRC-CROISSANT;SRC-OPENML;SRC-TOKENIZERS;SRC-MCP;SRC-RDF,
AXM-19-AI-ML-AGENTS-A-011-parameter-weight,19-ai-ml-agents,AI machine learning agents knowledge and retrieval,parameter weight,"Smallest independently addressable parameter weight unit in ai machine learning agents knowledge and retrieval, intended to be typed, referenced, transformed or validated without requiring a whole finished asset.",cross-standard,candidate,research-seed,SRC-ONNX;SRC-CROISSANT;SRC-OPENML;SRC-TOKENIZERS;SRC-MCP;SRC-RDF,
AXM-19-AI-ML-AGENTS-A-012-bias-value,19-ai-ml-agents,AI machine learning agents knowledge and retrieval,bias value,"Smallest independently addressable bias value unit in ai machine learning agents knowledge and retrieval, intended to be typed, referenced, transformed or validated without requiring a whole finished asset.",cross-standard,candidate,research-seed,SRC-ONNX;SRC-CROISSANT;SRC-OPENML;SRC-TOKENIZERS;SRC-MCP;SRC-RDF,
AXM-19-AI-ML-AGENTS-A-013-activation-value,19-ai-ml-agents,AI machine learning agents knowledge and retrieval,activation value,"Smallest independently addressable activation value unit in ai machine learning agents knowledge and retrieval, intended to be typed, referenced, transformed or validated without requiring a whole finished asset.",cross-standard,candidate,research-seed,SRC-ONNX;SRC-CROISSANT;SRC-OPENML;SRC-TOKENIZERS;SRC-MCP;SRC-RDF,
AXM-19-AI-ML-AGENTS-A-014-attention-mask-value,19-ai-ml-agents,AI machine learning agents knowledge and retrieval,attention-mask value,"Smallest independently addressable attention-mask value unit in ai machine learning agents knowledge and retrieval, intended to be typed, referenced, transformed or validated without requiring a whole finished asset.",cross-standard,candidate,research-seed,SRC-ONNX;SRC-CROISSANT;SRC-OPENML;SRC-TOKENIZERS;SRC-MCP;SRC-RDF,
AXM-19-AI-ML-AGENTS-A-015-position-identifier,19-ai-ml-agents,AI machine learning agents knowledge and retrieval,position identifier,"Smallest independently addressable position identifier unit in ai machine learning agents knowledge and retrieval, intended to be typed, referenced, transformed or validated without requiring a whole finished asset.",cross-standard,candidate,research-seed,SRC-ONNX;SRC-CROISSANT;SRC-OPENML;SRC-TOKENIZERS;SRC-MCP;SRC-RDF,
AXM-19-AI-ML-AGENTS-A-016-embedding-coordinate,19-ai-ml-agents,AI machine learning agents knowledge and retrieval,embedding coordinate,"Smallest independently addressable embedding coordinate unit in ai machine learning agents knowledge and retrieval, intended to be typed, referenced, transformed or validated without requiring a whole finished asset.",cross-standard,candidate,research-seed,SRC-ONNX;SRC-CROISSANT;SRC-OPENML;SRC-TOKENIZERS;SRC-MCP;SRC-RDF,
AXM-19-AI-ML-AGENTS-A-017-label,19-ai-ml-agents,AI machine learning agents knowledge and retrieval,label,"Smallest independently addressable label unit in ai machine learning agents knowledge and retrieval, intended to be typed, referenced, transformed or validated without requiring a whole finished asset.",cross-standard,candidate,research-seed,SRC-ONNX;SRC-CROISSANT;SRC-OPENML;SRC-TOKENIZERS;SRC-MCP;SRC-RDF,
AXM-19-AI-ML-AGENTS-A-018-feature-value,19-ai-ml-agents,AI machine learning agents knowledge and retrieval,feature value,"Smallest independently addressable feature value unit in ai machine learning agents knowledge and retrieval, intended to be typed, referenced, transformed or validated without requiring a whole finished asset.",cross-standard,candidate,research-seed,SRC-ONNX;SRC-CROISSANT;SRC-OPENML;SRC-TOKENIZERS;SRC-MCP;SRC-RDF,
AXM-19-AI-ML-AGENTS-A-019-dataset-split-tag,19-ai-ml-agents,AI machine learning agents knowledge and retrieval,dataset-split tag,"Smallest independently addressable dataset-split tag unit in ai machine learning agents knowledge and retrieval, intended to be typed, referenced, transformed or validated without requiring a whole finished asset.",cross-standard,candidate,research-seed,SRC-ONNX;SRC-CROISSANT;SRC-OPENML;SRC-TOKENIZERS;SRC-MCP;SRC-RDF,
AXM-19-AI-ML-AGENTS-A-020-sample-weight,19-ai-ml-agents,AI machine learning agents knowledge and retrieval,sample weight,"Smallest independently addressable sample weight unit in ai machine learning agents knowledge and retrieval, intended to be typed, referenced, transformed or validated without requiring a whole finished asset.",cross-standard,candidate,research-seed,SRC-ONNX;SRC-CROISSANT;SRC-OPENML;SRC-TOKENIZERS;SRC-MCP;SRC-RDF,
AXM-19-AI-ML-AGENTS-A-021-hyperparameter,19-ai-ml-agents,AI machine learning agents knowledge and retrieval,hyperparameter,"Smallest independently addressable hyperparameter unit in ai machine learning agents knowledge and retrieval, intended to be typed, referenced, transformed or validated without requiring a whole finished asset.",cross-standard,candidate,research-seed,SRC-ONNX;SRC-CROISSANT;SRC-OPENML;SRC-TOKENIZERS;SRC-MCP;SRC-RDF,
AXM-19-AI-ML-AGENTS-A-022-learning-rate,19-ai-ml-agents,AI machine learning agents knowledge and retrieval,learning rate,"Smallest independently addressable learning rate unit in ai machine learning agents knowledge and retrieval, intended to be typed, referenced, transformed or validated without requiring a whole finished asset.",cross-standard,candidate,research-seed,SRC-ONNX;SRC-CROISSANT;SRC-OPENML;SRC-TOKENIZERS;SRC-MCP;SRC-RDF,
AXM-19-AI-ML-AGENTS-A-023-loss-value,19-ai-ml-agents,AI machine learning agents knowledge and retrieval,loss value,"Smallest independently addressable loss value unit in ai machine learning agents knowledge and retrieval, intended to be typed, referenced, transformed or validated without requiring a whole finished asset.",cross-standard,candidate,research-seed,SRC-ONNX;SRC-CROISSANT;SRC-OPENML;SRC-TOKENIZERS;SRC-MCP;SRC-RDF,
AXM-19-AI-ML-AGENTS-A-024-metric-value,19-ai-ml-agents,AI machine learning agents knowledge and retrieval,metric value,"Smallest independently addressable metric value unit in ai machine learning agents knowledge and retrieval, intended to be typed, referenced, transformed or validated without requiring a whole finished asset.",cross-standard,candidate,research-seed,SRC-ONNX;SRC-CROISSANT;SRC-OPENML;SRC-TOKENIZERS;SRC-MCP;SRC-RDF,
AXM-19-AI-ML-AGENTS-A-025-checkpoint-step,19-ai-ml-agents,AI machine learning agents knowledge and retrieval,checkpoint step,"Smallest independently addressable checkpoint step unit in ai machine learning agents knowledge and retrieval, intended to be typed, referenced, transformed or validated without requiring a whole finished asset.",cross-standard,candidate,research-seed,SRC-ONNX;SRC-CROISSANT;SRC-OPENML;SRC-TOKENIZERS;SRC-MCP;SRC-RDF,
AXM-19-AI-ML-AGENTS-A-026-prompt-role,19-ai-ml-agents,AI machine learning agents knowledge and retrieval,prompt role,"Smallest independently addressable prompt role unit in ai machine learning agents knowledge and retrieval, intended to be typed, referenced, transformed or validated without requiring a whole finished asset.",cross-standard,candidate,research-seed,SRC-ONNX;SRC-CROISSANT;SRC-OPENML;SRC-TOKENIZERS;SRC-MCP;SRC-RDF,
AXM-19-AI-ML-AGENTS-A-027-prompt-message,19-ai-ml-agents,AI machine learning agents knowledge and retrieval,prompt message,"Smallest independently addressable prompt message unit in ai machine learning agents knowledge and retrieval, intended to be typed, referenced, transformed or validated without requiring a whole finished asset.",cross-standard,candidate,research-seed,SRC-ONNX;SRC-CROISSANT;SRC-OPENML;SRC-TOKENIZERS;SRC-MCP;SRC-RDF,
AXM-19-AI-ML-AGENTS-A-028-tool-argument-field,19-ai-ml-agents,AI machine learning agents knowledge and retrieval,tool-argument field,"Smallest independently addressable tool-argument field unit in ai machine learning agents knowledge and retrieval, intended to be typed, referenced, transformed or validated without requiring a whole finished asset.",cross-standard,candidate,research-seed,SRC-ONNX;SRC-CROISSANT;SRC-OPENML;SRC-TOKENIZERS;SRC-MCP;SRC-RDF,
AXM-19-AI-ML-AGENTS-A-029-tool-result-field,19-ai-ml-agents,AI machine learning agents knowledge and retrieval,tool-result field,"Smallest independently addressable tool-result field unit in ai machine learning agents knowledge and retrieval, intended to be typed, referenced, transformed or validated without requiring a whole finished asset.",cross-standard,candidate,research-seed,SRC-ONNX;SRC-CROISSANT;SRC-OPENML;SRC-TOKENIZERS;SRC-MCP;SRC-RDF,
AXM-19-AI-ML-AGENTS-A-030-resource-uri,19-ai-ml-agents,AI machine learning agents knowledge and retrieval,resource URI,"Smallest independently addressable resource URI unit in ai machine learning agents knowledge and retrieval, intended to be typed, referenced, transformed or validated without requiring a whole finished asset.",cross-standard,candidate,research-seed,SRC-ONNX;SRC-CROISSANT;SRC-OPENML;SRC-TOKENIZERS;SRC-MCP;SRC-RDF,
AXM-19-AI-ML-AGENTS-A-031-memory-record-field,19-ai-ml-agents,AI machine learning agents knowledge and retrieval,memory-record field,"Smallest independently addressable memory-record field unit in ai machine learning agents knowledge and retrieval, intended to be typed, referenced, transformed or validated without requiring a whole finished asset.",cross-standard,candidate,research-seed,SRC-ONNX;SRC-CROISSANT;SRC-OPENML;SRC-TOKENIZERS;SRC-MCP;SRC-RDF,
AXM-19-AI-ML-AGENTS-A-032-retrieval-score,19-ai-ml-agents,AI machine learning agents knowledge and retrieval,retrieval score,"Smallest independently addressable retrieval score unit in ai machine learning agents knowledge and retrieval, intended to be typed, referenced, transformed or validated without requiring a whole finished asset.",cross-standard,candidate,research-seed,SRC-ONNX;SRC-CROISSANT;SRC-OPENML;SRC-TOKENIZERS;SRC-MCP;SRC-RDF,
AXM-19-AI-ML-AGENTS-A-033-citation-reference,19-ai-ml-agents,AI machine learning agents knowledge and retrieval,citation reference,"Smallest independently addressable citation reference unit in ai machine learning agents knowledge and retrieval, intended to be typed, referenced, transformed or validated without requiring a whole finished asset.",cross-standard,candidate,research-seed,SRC-ONNX;SRC-CROISSANT;SRC-OPENML;SRC-TOKENIZERS;SRC-MCP;SRC-RDF,
AXM-19-AI-ML-AGENTS-A-034-evaluation-score,19-ai-ml-agents,AI machine learning agents knowledge and retrieval,evaluation score,"Smallest independently addressable evaluation score unit in ai machine learning agents knowledge and retrieval, intended to be typed, referenced, transformed or validated without requiring a whole finished asset.",cross-standard,candidate,research-seed,SRC-ONNX;SRC-CROISSANT;SRC-OPENML;SRC-TOKENIZERS;SRC-MCP;SRC-RDF,
AXM-19-AI-ML-AGENTS-A-035-policy-outcome,19-ai-ml-agents,AI machine learning agents knowledge and retrieval,policy outcome,"Smallest independently addressable policy outcome unit in ai machine learning agents knowledge and retrieval, intended to be typed, referenced, transformed or validated without requiring a whole finished asset.",cross-standard,candidate,research-seed,SRC-ONNX;SRC-CROISSANT;SRC-OPENML;SRC-TOKENIZERS;SRC-MCP;SRC-RDF,
AXM-19-AI-ML-AGENTS-A-036-random-seed,19-ai-ml-agents,AI machine learning agents knowledge and retrieval,random seed,"Smallest independently addressable random seed unit in ai machine learning agents knowledge and retrieval, intended to be typed, referenced, transformed or validated without requiring a whole finished asset.",cross-standard,candidate,research-seed,SRC-ONNX;SRC-CROISSANT;SRC-OPENML;SRC-TOKENIZERS;SRC-MCP;SRC-RDF,
AXM-19-AI-ML-AGENTS-A-037-context-window-position,19-ai-ml-agents,AI machine learning agents knowledge and retrieval,context-window position,"Smallest independently addressable context-window position unit in ai machine learning agents knowledge and retrieval, intended to be typed, referenced, transformed or validated without requiring a whole finished asset.",cross-standard,candidate,research-seed,SRC-ONNX;SRC-CROISSANT;SRC-OPENML;SRC-TOKENIZERS;SRC-MCP;SRC-RDF,
AXM-19-AI-ML-AGENTS-A-038-sampling-temperature,19-ai-ml-agents,AI machine learning agents knowledge and retrieval,sampling temperature,"Smallest independently addressable sampling temperature unit in ai machine learning agents knowledge and retrieval, intended to be typed, referenced, transformed or validated without requiring a whole finished asset.",cross-standard,candidate,research-seed,SRC-ONNX;SRC-CROISSANT;SRC-OPENML;SRC-TOKENIZERS;SRC-MCP;SRC-RDF,
AXM-19-AI-ML-AGENTS-A-039-top-p-value,19-ai-ml-agents,AI machine learning agents knowledge and retrieval,top-p value,"Smallest independently addressable top-p value unit in ai machine learning agents knowledge and retrieval, intended to be typed, referenced, transformed or validated without requiring a whole finished asset.",cross-standard,candidate,research-seed,SRC-ONNX;SRC-CROISSANT;SRC-OPENML;SRC-TOKENIZERS;SRC-MCP;SRC-RDF,
AXM-19-AI-ML-AGENTS-A-040-stop-token,19-ai-ml-agents,AI machine learning agents knowledge and retrieval,stop token,"Smallest independently addressable stop token unit in ai machine learning agents knowledge and retrieval, intended to be typed, referenced, transformed or validated without requiring a whole finished asset.",cross-standard,candidate,research-seed,SRC-ONNX;SRC-CROISSANT;SRC-OPENML;SRC-TOKENIZERS;SRC-MCP;SRC-RDF,
AXM-19-AI-ML-AGENTS-A-041-reason-code,19-ai-ml-agents,AI machine learning agents knowledge and retrieval,reason code,"Smallest independently addressable reason code unit in ai machine learning agents knowledge and retrieval, intended to be typed, referenced, transformed or validated without requiring a whole finished asset.",cross-standard,candidate,research-seed,SRC-ONNX;SRC-CROISSANT;SRC-OPENML;SRC-TOKENIZERS;SRC-MCP;SRC-RDF,
AXM-19-AI-ML-AGENTS-A-042-confidence-score,19-ai-ml-agents,AI machine learning agents knowledge and retrieval,confidence score,"Smallest independently addressable confidence score unit in ai machine learning agents knowledge and retrieval, intended to be typed, referenced, transformed or validated without requiring a whole finished asset.",cross-standard,candidate,research-seed,SRC-ONNX;SRC-CROISSANT;SRC-OPENML;SRC-TOKENIZERS;SRC-MCP;SRC-RDF,
AXM-20-TESTING-OBSERVABILITY-A-001-test-identifier,20-testing-observability,Testing verification benchmarking observability and incidents,test identifier,"Smallest independently addressable test identifier unit in testing verification benchmarking observability and incidents, intended to be typed, referenced, transformed or validated without requiring a whole finished asset.",cross-standard,candidate,research-seed,SRC-PYTEST;SRC-OTEL;SRC-CYCLONEDX;SRC-SLSA;SRC-JSONSCHEMA,
AXM-20-TESTING-OBSERVABILITY-A-002-assertion,20-testing-observability,Testing verification benchmarking observability and incidents,assertion,"Smallest independently addressable assertion unit in testing verification benchmarking observability and incidents, intended to be typed, referenced, transformed or validated without requiring a whole finished asset.",cross-standard,candidate,research-seed,SRC-PYTEST;SRC-OTEL;SRC-CYCLONEDX;SRC-SLSA;SRC-JSONSCHEMA,
AXM-20-TESTING-OBSERVABILITY-A-003-expected-value,20-testing-observability,Testing verification benchmarking observability and incidents,expected value,"Smallest independently addressable expected value unit in testing verification benchmarking observability and incidents, intended to be typed, referenced, transformed or validated without requiring a whole finished asset.",cross-standard,candidate,research-seed,SRC-PYTEST;SRC-OTEL;SRC-CYCLONEDX;SRC-SLSA;SRC-JSONSCHEMA,
AXM-20-TESTING-OBSERVABILITY-A-004-actual-value,20-testing-observability,Testing verification benchmarking observability and incidents,actual value,"Smallest independently addressable actual value unit in testing verification benchmarking observability and incidents, intended to be typed, referenced, transformed or validated without requiring a whole finished asset.",cross-standard,candidate,research-seed,SRC-PYTEST;SRC-OTEL;SRC-CYCLONEDX;SRC-SLSA;SRC-JSONSCHEMA,
AXM-20-TESTING-OBSERVABILITY-A-005-fixture-parameter,20-testing-observability,Testing verification benchmarking observability and incidents,fixture parameter,"Smallest independently addressable fixture parameter unit in testing verification benchmarking observability and incidents, intended to be typed, referenced, transformed or validated without requiring a whole finished asset.",cross-standard,candidate,research-seed,SRC-PYTEST;SRC-OTEL;SRC-CYCLONEDX;SRC-SLSA;SRC-JSONSCHEMA,
AXM-20-TESTING-OBSERVABILITY-A-006-case-parameter,20-testing-observability,Testing verification benchmarking observability and incidents,case parameter,"Smallest independently addressable case parameter unit in testing verification benchmarking observability and incidents, intended to be typed, referenced, transformed or validated without requiring a whole finished asset.",cross-standard,candidate,research-seed,SRC-PYTEST;SRC-OTEL;SRC-CYCLONEDX;SRC-SLSA;SRC-JSONSCHEMA,
AXM-20-TESTING-OBSERVABILITY-A-007-tolerance,20-testing-observability,Testing verification benchmarking observability and incidents,tolerance,"Smallest independently addressable tolerance unit in testing verification benchmarking observability and incidents, intended to be typed, referenced, transformed or validated without requiring a whole finished asset.",cross-standard,candidate,research-seed,SRC-PYTEST;SRC-OTEL;SRC-CYCLONEDX;SRC-SLSA;SRC-JSONSCHEMA,
AXM-20-TESTING-OBSERVABILITY-A-008-timeout,20-testing-observability,Testing verification benchmarking observability and incidents,timeout,"Smallest independently addressable timeout unit in testing verification benchmarking observability and incidents, intended to be typed, referenced, transformed or validated without requiring a whole finished asset.",cross-standard,candidate,research-seed,SRC-PYTEST;SRC-OTEL;SRC-CYCLONEDX;SRC-SLSA;SRC-JSONSCHEMA,
AXM-20-TESTING-OBSERVABILITY-A-009-pass-state,20-testing-observability,Testing verification benchmarking observability and incidents,pass state,"Smallest independently addressable pass state unit in testing verification benchmarking observability and incidents, intended to be typed, referenced, transformed or validated without requiring a whole finished asset.",cross-standard,candidate,research-seed,SRC-PYTEST;SRC-OTEL;SRC-CYCLONEDX;SRC-SLSA;SRC-JSONSCHEMA,
AXM-20-TESTING-OBSERVABILITY-A-010-failure-state,20-testing-observability,Testing verification benchmarking observability and incidents,failure state,"Smallest independently addressable failure state unit in testing verification benchmarking observability and incidents, intended to be typed, referenced, transformed or validated without requiring a whole finished asset.",cross-standard,candidate,research-seed,SRC-PYTEST;SRC-OTEL;SRC-CYCLONEDX;SRC-SLSA;SRC-JSONSCHEMA,
AXM-20-TESTING-OBSERVABILITY-A-011-skip-state,20-testing-observability,Testing verification benchmarking observability and incidents,skip state,"Smallest independently addressable skip state unit in testing verification benchmarking observability and incidents, intended to be typed, referenced, transformed or validated without requiring a whole finished asset.",cross-standard,candidate,research-seed,SRC-PYTEST;SRC-OTEL;SRC-CYCLONEDX;SRC-SLSA;SRC-JSONSCHEMA,
AXM-20-TESTING-OBSERVABILITY-A-012-error-code,20-testing-observability,Testing verification benchmarking observability and incidents,error code,"Smallest independently addressable error code unit in testing verification benchmarking observability and incidents, intended to be typed, referenced, transformed or validated without requiring a whole finished asset.",cross-standard,candidate,research-seed,SRC-PYTEST;SRC-OTEL;SRC-CYCLONEDX;SRC-SLSA;SRC-JSONSCHEMA,
AXM-20-TESTING-OBSERVABILITY-A-013-severity,20-testing-observability,Testing verification benchmarking observability and incidents,severity,"Smallest independently addressable severity unit in testing verification benchmarking observability and incidents, intended to be typed, referenced, transformed or validated without requiring a whole finished asset.",cross-standard,candidate,research-seed,SRC-PYTEST;SRC-OTEL;SRC-CYCLONEDX;SRC-SLSA;SRC-JSONSCHEMA,
AXM-20-TESTING-OBSERVABILITY-A-014-log-record-field,20-testing-observability,Testing verification benchmarking observability and incidents,log-record field,"Smallest independently addressable log-record field unit in testing verification benchmarking observability and incidents, intended to be typed, referenced, transformed or validated without requiring a whole finished asset.",cross-standard,candidate,research-seed,SRC-PYTEST;SRC-OTEL;SRC-CYCLONEDX;SRC-SLSA;SRC-JSONSCHEMA,
AXM-20-TESTING-OBSERVABILITY-A-015-trace-identifier,20-testing-observability,Testing verification benchmarking observability and incidents,trace identifier,"Smallest independently addressable trace identifier unit in testing verification benchmarking observability and incidents, intended to be typed, referenced, transformed or validated without requiring a whole finished asset.",cross-standard,candidate,research-seed,SRC-PYTEST;SRC-OTEL;SRC-CYCLONEDX;SRC-SLSA;SRC-JSONSCHEMA,
AXM-20-TESTING-OBSERVABILITY-A-016-span-identifier,20-testing-observability,Testing verification benchmarking observability and incidents,span identifier,"Smallest independently addressable span identifier unit in testing verification benchmarking observability and incidents, intended to be typed, referenced, transformed or validated without requiring a whole finished asset.",cross-standard,candidate,research-seed,SRC-PYTEST;SRC-OTEL;SRC-CYCLONEDX;SRC-SLSA;SRC-JSONSCHEMA,
AXM-20-TESTING-OBSERVABILITY-A-017-parent-span-identifier,20-testing-observability,Testing verification benchmarking observability and incidents,parent-span identifier,"Smallest independently addressable parent-span identifier unit in testing verification benchmarking observability and incidents, intended to be typed, referenced, transformed or validated without requiring a whole finished asset.",cross-standard,candidate,research-seed,SRC-PYTEST;SRC-OTEL;SRC-CYCLONEDX;SRC-SLSA;SRC-JSONSCHEMA,
AXM-20-TESTING-OBSERVABILITY-A-018-span-event,20-testing-observability,Testing verification benchmarking observability and incidents,span event,"Smallest independently addressable span event unit in testing verification benchmarking observability and incidents, intended to be typed, referenced, transformed or validated without requiring a whole finished asset.",cross-standard,candidate,research-seed,SRC-PYTEST;SRC-OTEL;SRC-CYCLONEDX;SRC-SLSA;SRC-JSONSCHEMA,
AXM-20-TESTING-OBSERVABILITY-A-019-span-attribute,20-testing-observability,Testing verification benchmarking observability and incidents,span attribute,"Smallest independently addressable span attribute unit in testing verification benchmarking observability and incidents, intended to be typed, referenced, transformed or validated without requiring a whole finished asset.",cross-standard,candidate,research-seed,SRC-PYTEST;SRC-OTEL;SRC-CYCLONEDX;SRC-SLSA;SRC-JSONSCHEMA,
AXM-20-TESTING-OBSERVABILITY-A-020-metric-point,20-testing-observability,Testing verification benchmarking observability and incidents,metric point,"Smallest independently addressable metric point unit in testing verification benchmarking observability and incidents, intended to be typed, referenced, transformed or validated without requiring a whole finished asset.",cross-standard,candidate,research-seed,SRC-PYTEST;SRC-OTEL;SRC-CYCLONEDX;SRC-SLSA;SRC-JSONSCHEMA,
AXM-20-TESTING-OBSERVABILITY-A-021-metric-label,20-testing-observability,Testing verification benchmarking observability and incidents,metric label,"Smallest independently addressable metric label unit in testing verification benchmarking observability and incidents, intended to be typed, referenced, transformed or validated without requiring a whole finished asset.",cross-standard,candidate,research-seed,SRC-PYTEST;SRC-OTEL;SRC-CYCLONEDX;SRC-SLSA;SRC-JSONSCHEMA,
AXM-20-TESTING-OBSERVABILITY-A-022-counter-value,20-testing-observability,Testing verification benchmarking observability and incidents,counter value,"Smallest independently addressable counter value unit in testing verification benchmarking observability and incidents, intended to be typed, referenced, transformed or validated without requiring a whole finished asset.",cross-standard,candidate,research-seed,SRC-PYTEST;SRC-OTEL;SRC-CYCLONEDX;SRC-SLSA;SRC-JSONSCHEMA,
AXM-20-TESTING-OBSERVABILITY-A-023-gauge-value,20-testing-observability,Testing verification benchmarking observability and incidents,gauge value,"Smallest independently addressable gauge value unit in testing verification benchmarking observability and incidents, intended to be typed, referenced, transformed or validated without requiring a whole finished asset.",cross-standard,candidate,research-seed,SRC-PYTEST;SRC-OTEL;SRC-CYCLONEDX;SRC-SLSA;SRC-JSONSCHEMA,
AXM-20-TESTING-OBSERVABILITY-A-024-histogram-bucket,20-testing-observability,Testing verification benchmarking observability and incidents,histogram bucket,"Smallest independently addressable histogram bucket unit in testing verification benchmarking observability and incidents, intended to be typed, referenced, transformed or validated without requiring a whole finished asset.",cross-standard,candidate,research-seed,SRC-PYTEST;SRC-OTEL;SRC-CYCLONEDX;SRC-SLSA;SRC-JSONSCHEMA,
AXM-20-TESTING-OBSERVABILITY-A-025-profile-sample,20-testing-observability,Testing verification benchmarking observability and incidents,profile sample,"Smallest independently addressable profile sample unit in testing verification benchmarking observability and incidents, intended to be typed, referenced, transformed or validated without requiring a whole finished asset.",cross-standard,candidate,research-seed,SRC-PYTEST;SRC-OTEL;SRC-CYCLONEDX;SRC-SLSA;SRC-JSONSCHEMA,
AXM-20-TESTING-OBSERVABILITY-A-026-baggage-item,20-testing-observability,Testing verification benchmarking observability and incidents,baggage item,"Smallest independently addressable baggage item unit in testing verification benchmarking observability and incidents, intended to be typed, referenced, transformed or validated without requiring a whole finished asset.",cross-standard,candidate,research-seed,SRC-PYTEST;SRC-OTEL;SRC-CYCLONEDX;SRC-SLSA;SRC-JSONSCHEMA,
AXM-20-TESTING-OBSERVABILITY-A-027-coverage-location,20-testing-observability,Testing verification benchmarking observability and incidents,coverage location,"Smallest independently addressable coverage location unit in testing verification benchmarking observability and incidents, intended to be typed, referenced, transformed or validated without requiring a whole finished asset.",cross-standard,candidate,research-seed,SRC-PYTEST;SRC-OTEL;SRC-CYCLONEDX;SRC-SLSA;SRC-JSONSCHEMA,
AXM-20-TESTING-OBSERVABILITY-A-028-mutation-identifier,20-testing-observability,Testing verification benchmarking observability and incidents,mutation identifier,"Smallest independently addressable mutation identifier unit in testing verification benchmarking observability and incidents, intended to be typed, referenced, transformed or validated without requiring a whole finished asset.",cross-standard,candidate,research-seed,SRC-PYTEST;SRC-OTEL;SRC-CYCLONEDX;SRC-SLSA;SRC-JSONSCHEMA,
AXM-20-TESTING-OBSERVABILITY-A-029-benchmark-value,20-testing-observability,Testing verification benchmarking observability and incidents,benchmark value,"Smallest independently addressable benchmark value unit in testing verification benchmarking observability and incidents, intended to be typed, referenced, transformed or validated without requiring a whole finished asset.",cross-standard,candidate,research-seed,SRC-PYTEST;SRC-OTEL;SRC-CYCLONEDX;SRC-SLSA;SRC-JSONSCHEMA,
AXM-20-TESTING-OBSERVABILITY-A-030-incident-timestamp,20-testing-observability,Testing verification benchmarking observability and incidents,incident timestamp,"Smallest independently addressable incident timestamp unit in testing verification benchmarking observability and incidents, intended to be typed, referenced, transformed or validated without requiring a whole finished asset.",cross-standard,candidate,research-seed,SRC-PYTEST;SRC-OTEL;SRC-CYCLONEDX;SRC-SLSA;SRC-JSONSCHEMA,
AXM-20-TESTING-OBSERVABILITY-A-031-reproduction-seed,20-testing-observability,Testing verification benchmarking observability and incidents,reproduction seed,"Smallest independently addressable reproduction seed unit in testing verification benchmarking observability and incidents, intended to be typed, referenced, transformed or validated without requiring a whole finished asset.",cross-standard,candidate,research-seed,SRC-PYTEST;SRC-OTEL;SRC-CYCLONEDX;SRC-SLSA;SRC-JSONSCHEMA,
AXM-20-TESTING-OBSERVABILITY-A-032-failure-signature,20-testing-observability,Testing verification benchmarking observability and incidents,failure signature,"Smallest independently addressable failure signature unit in testing verification benchmarking observability and incidents, intended to be typed, referenced, transformed or validated without requiring a whole finished asset.",cross-standard,candidate,research-seed,SRC-PYTEST;SRC-OTEL;SRC-CYCLONEDX;SRC-SLSA;SRC-JSONSCHEMA,
AXM-20-TESTING-OBSERVABILITY-A-033-performance-budget,20-testing-observability,Testing verification benchmarking observability and incidents,performance budget,"Smallest independently addressable performance budget unit in testing verification benchmarking observability and incidents, intended to be typed, referenced, transformed or validated without requiring a whole finished asset.",cross-standard,candidate,research-seed,SRC-PYTEST;SRC-OTEL;SRC-CYCLONEDX;SRC-SLSA;SRC-JSONSCHEMA,
AXM-20-TESTING-OBSERVABILITY-A-034-availability-value,20-testing-observability,Testing verification benchmarking observability and incidents,availability value,"Smallest independently addressable availability value unit in testing verification benchmarking observability and incidents, intended to be typed, referenced, transformed or validated without requiring a whole finished asset.",cross-standard,candidate,research-seed,SRC-PYTEST;SRC-OTEL;SRC-CYCLONEDX;SRC-SLSA;SRC-JSONSCHEMA,
AXM-20-TESTING-OBSERVABILITY-A-035-latency-value,20-testing-observability,Testing verification benchmarking observability and incidents,latency value,"Smallest independently addressable latency value unit in testing verification benchmarking observability and incidents, intended to be typed, referenced, transformed or validated without requiring a whole finished asset.",cross-standard,candidate,research-seed,SRC-PYTEST;SRC-OTEL;SRC-CYCLONEDX;SRC-SLSA;SRC-JSONSCHEMA,
AXM-20-TESTING-OBSERVABILITY-A-036-throughput-value,20-testing-observability,Testing verification benchmarking observability and incidents,throughput value,"Smallest independently addressable throughput value unit in testing verification benchmarking observability and incidents, intended to be typed, referenced, transformed or validated without requiring a whole finished asset.",cross-standard,candidate,research-seed,SRC-PYTEST;SRC-OTEL;SRC-CYCLONEDX;SRC-SLSA;SRC-JSONSCHEMA,
AXM-21-SECURITY-INTEGRITY-A-001-principal-identifier,21-security-integrity,Security identity authorization privacy and integrity,principal identifier,"Smallest independently addressable principal identifier unit in security identity authorization privacy and integrity, intended to be typed, referenced, transformed or validated without requiring a whole finished asset.",cross-standard,candidate,research-seed,SRC-JWT;SRC-OAUTH;SRC-SLSA;SRC-SPDX;SRC-CYCLONEDX,
AXM-21-SECURITY-INTEGRITY-A-002-subject-identifier,21-security-integrity,Security identity authorization privacy and integrity,subject identifier,"Smallest independently addressable subject identifier unit in security identity authorization privacy and integrity, intended to be typed, referenced, transformed or validated without requiring a whole finished asset.",cross-standard,candidate,research-seed,SRC-JWT;SRC-OAUTH;SRC-SLSA;SRC-SPDX;SRC-CYCLONEDX,
AXM-21-SECURITY-INTEGRITY-A-003-issuer-identifier,21-security-integrity,Security identity authorization privacy and integrity,issuer identifier,"Smallest independently addressable issuer identifier unit in security identity authorization privacy and integrity, intended to be typed, referenced, transformed or validated without requiring a whole finished asset.",cross-standard,candidate,research-seed,SRC-JWT;SRC-OAUTH;SRC-SLSA;SRC-SPDX;SRC-CYCLONEDX,
AXM-21-SECURITY-INTEGRITY-A-004-audience,21-security-integrity,Security identity authorization privacy and integrity,audience,"Smallest independently addressable audience unit in security identity authorization privacy and integrity, intended to be typed, referenced, transformed or validated without requiring a whole finished asset.",cross-standard,candidate,research-seed,SRC-JWT;SRC-OAUTH;SRC-SLSA;SRC-SPDX;SRC-CYCLONEDX,
AXM-21-SECURITY-INTEGRITY-A-005-claim,21-security-integrity,Security identity authorization privacy and integrity,claim,"Smallest independently addressable claim unit in security identity authorization privacy and integrity, intended to be typed, referenced, transformed or validated without requiring a whole finished asset.",cross-standard,candidate,research-seed,SRC-JWT;SRC-OAUTH;SRC-SLSA;SRC-SPDX;SRC-CYCLONEDX,
AXM-21-SECURITY-INTEGRITY-A-006-scope,21-security-integrity,Security identity authorization privacy and integrity,scope,"Smallest independently addressable scope unit in security identity authorization privacy and integrity, intended to be typed, referenced, transformed or validated without requiring a whole finished asset.",cross-standard,candidate,research-seed,SRC-JWT;SRC-OAUTH;SRC-SLSA;SRC-SPDX;SRC-CYCLONEDX,
AXM-21-SECURITY-INTEGRITY-A-007-permission,21-security-integrity,Security identity authorization privacy and integrity,permission,"Smallest independently addressable permission unit in security identity authorization privacy and integrity, intended to be typed, referenced, transformed or validated without requiring a whole finished asset.",cross-standard,candidate,research-seed,SRC-JWT;SRC-OAUTH;SRC-SLSA;SRC-SPDX;SRC-CYCLONEDX,
AXM-21-SECURITY-INTEGRITY-A-008-role,21-security-integrity,Security identity authorization privacy and integrity,role,"Smallest independently addressable role unit in security identity authorization privacy and integrity, intended to be typed, referenced, transformed or validated without requiring a whole finished asset.",cross-standard,candidate,research-seed,SRC-JWT;SRC-OAUTH;SRC-SLSA;SRC-SPDX;SRC-CYCLONEDX,
AXM-21-SECURITY-INTEGRITY-A-009-capability,21-security-integrity,Security identity authorization privacy and integrity,capability,"Smallest independently addressable capability unit in security identity authorization privacy and integrity, intended to be typed, referenced, transformed or validated without requiring a whole finished asset.",cross-standard,candidate,research-seed,SRC-JWT;SRC-OAUTH;SRC-SLSA;SRC-SPDX;SRC-CYCLONEDX,
AXM-21-SECURITY-INTEGRITY-A-010-policy-effect,21-security-integrity,Security identity authorization privacy and integrity,policy effect,"Smallest independently addressable policy effect unit in security identity authorization privacy and integrity, intended to be typed, referenced, transformed or validated without requiring a whole finished asset.",cross-standard,candidate,research-seed,SRC-JWT;SRC-OAUTH;SRC-SLSA;SRC-SPDX;SRC-CYCLONEDX,
AXM-21-SECURITY-INTEGRITY-A-011-policy-condition,21-security-integrity,Security identity authorization privacy and integrity,policy condition,"Smallest independently addressable policy condition unit in security identity authorization privacy and integrity, intended to be typed, referenced, transformed or validated without requiring a whole finished asset.",cross-standard,candidate,research-seed,SRC-JWT;SRC-OAUTH;SRC-SLSA;SRC-SPDX;SRC-CYCLONEDX,
AXM-21-SECURITY-INTEGRITY-A-012-key-identifier,21-security-integrity,Security identity authorization privacy and integrity,key identifier,"Smallest independently addressable key identifier unit in security identity authorization privacy and integrity, intended to be typed, referenced, transformed or validated without requiring a whole finished asset.",cross-standard,candidate,research-seed,SRC-JWT;SRC-OAUTH;SRC-SLSA;SRC-SPDX;SRC-CYCLONEDX,
AXM-21-SECURITY-INTEGRITY-A-013-cryptographic-key-reference,21-security-integrity,Security identity authorization privacy and integrity,cryptographic-key reference,"Smallest independently addressable cryptographic-key reference unit in security identity authorization privacy and integrity, intended to be typed, referenced, transformed or validated without requiring a whole finished asset.",cross-standard,candidate,research-seed,SRC-JWT;SRC-OAUTH;SRC-SLSA;SRC-SPDX;SRC-CYCLONEDX,
AXM-21-SECURITY-INTEGRITY-A-014-nonce,21-security-integrity,Security identity authorization privacy and integrity,nonce,"Smallest independently addressable nonce unit in security identity authorization privacy and integrity, intended to be typed, referenced, transformed or validated without requiring a whole finished asset.",cross-standard,candidate,research-seed,SRC-JWT;SRC-OAUTH;SRC-SLSA;SRC-SPDX;SRC-CYCLONEDX,
AXM-21-SECURITY-INTEGRITY-A-015-salt,21-security-integrity,Security identity authorization privacy and integrity,salt,"Smallest independently addressable salt unit in security identity authorization privacy and integrity, intended to be typed, referenced, transformed or validated without requiring a whole finished asset.",cross-standard,candidate,research-seed,SRC-JWT;SRC-OAUTH;SRC-SLSA;SRC-SPDX;SRC-CYCLONEDX,
AXM-21-SECURITY-INTEGRITY-A-016-initialization-vector,21-security-integrity,Security identity authorization privacy and integrity,initialization vector,"Smallest independently addressable initialization vector unit in security identity authorization privacy and integrity, intended to be typed, referenced, transformed or validated without requiring a whole finished asset.",cross-standard,candidate,research-seed,SRC-JWT;SRC-OAUTH;SRC-SLSA;SRC-SPDX;SRC-CYCLONEDX,
AXM-21-SECURITY-INTEGRITY-A-017-digest,21-security-integrity,Security identity authorization privacy and integrity,digest,"Smallest independently addressable digest unit in security identity authorization privacy and integrity, intended to be typed, referenced, transformed or validated without requiring a whole finished asset.",cross-standard,candidate,research-seed,SRC-JWT;SRC-OAUTH;SRC-SLSA;SRC-SPDX;SRC-CYCLONEDX,
AXM-21-SECURITY-INTEGRITY-A-018-signature,21-security-integrity,Security identity authorization privacy and integrity,signature,"Smallest independently addressable signature unit in security identity authorization privacy and integrity, intended to be typed, referenced, transformed or validated without requiring a whole finished asset.",cross-standard,candidate,research-seed,SRC-JWT;SRC-OAUTH;SRC-SLSA;SRC-SPDX;SRC-CYCLONEDX,
AXM-21-SECURITY-INTEGRITY-A-019-certificate-field,21-security-integrity,Security identity authorization privacy and integrity,certificate field,"Smallest independently addressable certificate field unit in security identity authorization privacy and integrity, intended to be typed, referenced, transformed or validated without requiring a whole finished asset.",cross-standard,candidate,research-seed,SRC-JWT;SRC-OAUTH;SRC-SLSA;SRC-SPDX;SRC-CYCLONEDX,
AXM-21-SECURITY-INTEGRITY-A-020-token-expiry,21-security-integrity,Security identity authorization privacy and integrity,token expiry,"Smallest independently addressable token expiry unit in security identity authorization privacy and integrity, intended to be typed, referenced, transformed or validated without requiring a whole finished asset.",cross-standard,candidate,research-seed,SRC-JWT;SRC-OAUTH;SRC-SLSA;SRC-SPDX;SRC-CYCLONEDX,
AXM-21-SECURITY-INTEGRITY-A-021-token-issue-time,21-security-integrity,Security identity authorization privacy and integrity,token issue time,"Smallest independently addressable token issue time unit in security identity authorization privacy and integrity, intended to be typed, referenced, transformed or validated without requiring a whole finished asset.",cross-standard,candidate,research-seed,SRC-JWT;SRC-OAUTH;SRC-SLSA;SRC-SPDX;SRC-CYCLONEDX,
AXM-21-SECURITY-INTEGRITY-A-022-authentication-method,21-security-integrity,Security identity authorization privacy and integrity,authentication method,"Smallest independently addressable authentication method unit in security identity authorization privacy and integrity, intended to be typed, referenced, transformed or validated without requiring a whole finished asset.",cross-standard,candidate,research-seed,SRC-JWT;SRC-OAUTH;SRC-SLSA;SRC-SPDX;SRC-CYCLONEDX,
AXM-21-SECURITY-INTEGRITY-A-023-secret-reference,21-security-integrity,Security identity authorization privacy and integrity,secret reference,"Smallest independently addressable secret reference unit in security identity authorization privacy and integrity, intended to be typed, referenced, transformed or validated without requiring a whole finished asset.",cross-standard,candidate,research-seed,SRC-JWT;SRC-OAUTH;SRC-SLSA;SRC-SPDX;SRC-CYCLONEDX,
AXM-21-SECURITY-INTEGRITY-A-024-vulnerability-identifier,21-security-integrity,Security identity authorization privacy and integrity,vulnerability identifier,"Smallest independently addressable vulnerability identifier unit in security identity authorization privacy and integrity, intended to be typed, referenced, transformed or validated without requiring a whole finished asset.",cross-standard,candidate,research-seed,SRC-JWT;SRC-OAUTH;SRC-SLSA;SRC-SPDX;SRC-CYCLONEDX,
AXM-21-SECURITY-INTEGRITY-A-025-weakness-identifier,21-security-integrity,Security identity authorization privacy and integrity,weakness identifier,"Smallest independently addressable weakness identifier unit in security identity authorization privacy and integrity, intended to be typed, referenced, transformed or validated without requiring a whole finished asset.",cross-standard,candidate,research-seed,SRC-JWT;SRC-OAUTH;SRC-SLSA;SRC-SPDX;SRC-CYCLONEDX,
AXM-21-SECURITY-INTEGRITY-A-026-severity-score,21-security-integrity,Security identity authorization privacy and integrity,severity score,"Smallest independently addressable severity score unit in security identity authorization privacy and integrity, intended to be typed, referenced, transformed or validated without requiring a whole finished asset.",cross-standard,candidate,research-seed,SRC-JWT;SRC-OAUTH;SRC-SLSA;SRC-SPDX;SRC-CYCLONEDX,
AXM-21-SECURITY-INTEGRITY-A-027-trust-level,21-security-integrity,Security identity authorization privacy and integrity,trust level,"Smallest independently addressable trust level unit in security identity authorization privacy and integrity, intended to be typed, referenced, transformed or validated without requiring a whole finished asset.",cross-standard,candidate,research-seed,SRC-JWT;SRC-OAUTH;SRC-SLSA;SRC-SPDX;SRC-CYCLONEDX,
AXM-21-SECURITY-INTEGRITY-A-028-integrity-status,21-security-integrity,Security identity authorization privacy and integrity,integrity status,"Smallest independently addressable integrity status unit in security identity authorization privacy and integrity, intended to be typed, referenced, transformed or validated without requiring a whole finished asset.",cross-standard,candidate,research-seed,SRC-JWT;SRC-OAUTH;SRC-SLSA;SRC-SPDX;SRC-CYCLONEDX,
AXM-21-SECURITY-INTEGRITY-A-029-rollback-pointer,21-security-integrity,Security identity authorization privacy and integrity,rollback pointer,"Smallest independently addressable rollback pointer unit in security identity authorization privacy and integrity, intended to be typed, referenced, transformed or validated without requiring a whole finished asset.",cross-standard,candidate,research-seed,SRC-JWT;SRC-OAUTH;SRC-SLSA;SRC-SPDX;SRC-CYCLONEDX,
AXM-21-SECURITY-INTEGRITY-A-030-consent-flag,21-security-integrity,Security identity authorization privacy and integrity,consent flag,"Smallest independently addressable consent flag unit in security identity authorization privacy and integrity, intended to be typed, referenced, transformed or validated without requiring a whole finished asset.",cross-standard,candidate,research-seed,SRC-JWT;SRC-OAUTH;SRC-SLSA;SRC-SPDX;SRC-CYCLONEDX,
AXM-21-SECURITY-INTEGRITY-A-031-privacy-label,21-security-integrity,Security identity authorization privacy and integrity,privacy label,"Smallest independently addressable privacy label unit in security identity authorization privacy and integrity, intended to be typed, referenced, transformed or validated without requiring a whole finished asset.",cross-standard,candidate,research-seed,SRC-JWT;SRC-OAUTH;SRC-SLSA;SRC-SPDX;SRC-CYCLONEDX,
AXM-21-SECURITY-INTEGRITY-A-032-session-identifier,21-security-integrity,Security identity authorization privacy and integrity,session identifier,"Smallest independently addressable session identifier unit in security identity authorization privacy and integrity, intended to be typed, referenced, transformed or validated without requiring a whole finished asset.",cross-standard,candidate,research-seed,SRC-JWT;SRC-OAUTH;SRC-SLSA;SRC-SPDX;SRC-CYCLONEDX,
AXM-21-SECURITY-INTEGRITY-A-033-revocation-state,21-security-integrity,Security identity authorization privacy and integrity,revocation state,"Smallest independently addressable revocation state unit in security identity authorization privacy and integrity, intended to be typed, referenced, transformed or validated without requiring a whole finished asset.",cross-standard,candidate,research-seed,SRC-JWT;SRC-OAUTH;SRC-SLSA;SRC-SPDX;SRC-CYCLONEDX,
AXM-21-SECURITY-INTEGRITY-A-034-security-event,21-security-integrity,Security identity authorization privacy and integrity,security event,"Smallest independently addressable security event unit in security identity authorization privacy and integrity, intended to be typed, referenced, transformed or validated without requiring a whole finished asset.",cross-standard,candidate,research-seed,SRC-JWT;SRC-OAUTH;SRC-SLSA;SRC-SPDX;SRC-CYCLONEDX,
AXM-21-SECURITY-INTEGRITY-A-035-sandbox-boundary,21-security-integrity,Security identity authorization privacy and integrity,sandbox boundary,"Smallest independently addressable sandbox boundary unit in security identity authorization privacy and integrity, intended to be typed, referenced, transformed or validated without requiring a whole finished asset.",cross-standard,candidate,research-seed,SRC-JWT;SRC-OAUTH;SRC-SLSA;SRC-SPDX;SRC-CYCLONEDX,
AXM-21-SECURITY-INTEGRITY-A-036-authority-limit,21-security-integrity,Security identity authorization privacy and integrity,authority limit,"Smallest independently addressable authority limit unit in security identity authorization privacy and integrity, intended to be typed, referenced, transformed or validated without requiring a whole finished asset.",cross-standard,candidate,research-seed,SRC-JWT;SRC-OAUTH;SRC-SLSA;SRC-SPDX;SRC-CYCLONEDX,
AXM-22-CAD-FABRICATION-A-001-sketch-point,22-cad-fabrication,CAD fabrication electronics and building information models,sketch point,"Smallest independently addressable sketch point unit in cad fabrication electronics and building information models, intended to be typed, referenced, transformed or validated without requiring a whole finished asset.",cross-standard,candidate,research-seed,SRC-OPENSCAD;SRC-KICAD;SRC-IFC;SRC-USDPHYS,
AXM-22-CAD-FABRICATION-A-002-sketch-line,22-cad-fabrication,CAD fabrication electronics and building information models,sketch line,"Smallest independently addressable sketch line unit in cad fabrication electronics and building information models, intended to be typed, referenced, transformed or validated without requiring a whole finished asset.",cross-standard,candidate,research-seed,SRC-OPENSCAD;SRC-KICAD;SRC-IFC;SRC-USDPHYS,
AXM-22-CAD-FABRICATION-A-003-sketch-arc,22-cad-fabrication,CAD fabrication electronics and building information models,sketch arc,"Smallest independently addressable sketch arc unit in cad fabrication electronics and building information models, intended to be typed, referenced, transformed or validated without requiring a whole finished asset.",cross-standard,candidate,research-seed,SRC-OPENSCAD;SRC-KICAD;SRC-IFC;SRC-USDPHYS,
AXM-22-CAD-FABRICATION-A-004-spline-point,22-cad-fabrication,CAD fabrication electronics and building information models,spline point,"Smallest independently addressable spline point unit in cad fabrication electronics and building information models, intended to be typed, referenced, transformed or validated without requiring a whole finished asset.",cross-standard,candidate,research-seed,SRC-OPENSCAD;SRC-KICAD;SRC-IFC;SRC-USDPHYS,
AXM-22-CAD-FABRICATION-A-005-construction-line,22-cad-fabrication,CAD fabrication electronics and building information models,construction line,"Smallest independently addressable construction line unit in cad fabrication electronics and building information models, intended to be typed, referenced, transformed or validated without requiring a whole finished asset.",cross-standard,candidate,research-seed,SRC-OPENSCAD;SRC-KICAD;SRC-IFC;SRC-USDPHYS,
AXM-22-CAD-FABRICATION-A-006-reference-plane,22-cad-fabrication,CAD fabrication electronics and building information models,reference plane,"Smallest independently addressable reference plane unit in cad fabrication electronics and building information models, intended to be typed, referenced, transformed or validated without requiring a whole finished asset.",cross-standard,candidate,research-seed,SRC-OPENSCAD;SRC-KICAD;SRC-IFC;SRC-USDPHYS,
AXM-22-CAD-FABRICATION-A-007-reference-axis,22-cad-fabrication,CAD fabrication electronics and building information models,reference axis,"Smallest independently addressable reference axis unit in cad fabrication electronics and building information models, intended to be typed, referenced, transformed or validated without requiring a whole finished asset.",cross-standard,candidate,research-seed,SRC-OPENSCAD;SRC-KICAD;SRC-IFC;SRC-USDPHYS,
AXM-22-CAD-FABRICATION-A-008-dimension,22-cad-fabrication,CAD fabrication electronics and building information models,dimension,"Smallest independently addressable dimension unit in cad fabrication electronics and building information models, intended to be typed, referenced, transformed or validated without requiring a whole finished asset.",cross-standard,candidate,research-seed,SRC-OPENSCAD;SRC-KICAD;SRC-IFC;SRC-USDPHYS,
AXM-22-CAD-FABRICATION-A-009-geometric-constraint,22-cad-fabrication,CAD fabrication electronics and building information models,geometric constraint,"Smallest independently addressable geometric constraint unit in cad fabrication electronics and building information models, intended to be typed, referenced, transformed or validated without requiring a whole finished asset.",cross-standard,candidate,research-seed,SRC-OPENSCAD;SRC-KICAD;SRC-IFC;SRC-USDPHYS,
AXM-22-CAD-FABRICATION-A-010-dimensional-constraint,22-cad-fabrication,CAD fabrication electronics and building information models,dimensional constraint,"Smallest independently addressable dimensional constraint unit in cad fabrication electronics and building information models, intended to be typed, referenced, transformed or validated without requiring a whole finished asset.",cross-standard,candidate,research-seed,SRC-OPENSCAD;SRC-KICAD;SRC-IFC;SRC-USDPHYS,
AXM-22-CAD-FABRICATION-A-011-cad-parameter,22-cad-fabrication,CAD fabrication electronics and building information models,CAD parameter,"Smallest independently addressable CAD parameter unit in cad fabrication electronics and building information models, intended to be typed, referenced, transformed or validated without requiring a whole finished asset.",cross-standard,candidate,research-seed,SRC-OPENSCAD;SRC-KICAD;SRC-IFC;SRC-USDPHYS,
AXM-22-CAD-FABRICATION-A-012-profile-loop,22-cad-fabrication,CAD fabrication electronics and building information models,profile loop,"Smallest independently addressable profile loop unit in cad fabrication electronics and building information models, intended to be typed, referenced, transformed or validated without requiring a whole finished asset.",cross-standard,candidate,research-seed,SRC-OPENSCAD;SRC-KICAD;SRC-IFC;SRC-USDPHYS,
AXM-22-CAD-FABRICATION-A-013-solid-edge,22-cad-fabrication,CAD fabrication electronics and building information models,solid edge,"Smallest independently addressable solid edge unit in cad fabrication electronics and building information models, intended to be typed, referenced, transformed or validated without requiring a whole finished asset.",cross-standard,candidate,research-seed,SRC-OPENSCAD;SRC-KICAD;SRC-IFC;SRC-USDPHYS,
AXM-22-CAD-FABRICATION-A-014-solid-face,22-cad-fabrication,CAD fabrication electronics and building information models,solid face,"Smallest independently addressable solid face unit in cad fabrication electronics and building information models, intended to be typed, referenced, transformed or validated without requiring a whole finished asset.",cross-standard,candidate,research-seed,SRC-OPENSCAD;SRC-KICAD;SRC-IFC;SRC-USDPHYS,
AXM-22-CAD-FABRICATION-A-015-shell,22-cad-fabrication,CAD fabrication electronics and building information models,shell,"Smallest independently addressable shell unit in cad fabrication electronics and building information models, intended to be typed, referenced, transformed or validated without requiring a whole finished asset.",cross-standard,candidate,research-seed,SRC-OPENSCAD;SRC-KICAD;SRC-IFC;SRC-USDPHYS,
AXM-22-CAD-FABRICATION-A-016-solid-cell,22-cad-fabrication,CAD fabrication electronics and building information models,solid cell,"Smallest independently addressable solid cell unit in cad fabrication electronics and building information models, intended to be typed, referenced, transformed or validated without requiring a whole finished asset.",cross-standard,candidate,research-seed,SRC-OPENSCAD;SRC-KICAD;SRC-IFC;SRC-USDPHYS,
AXM-22-CAD-FABRICATION-A-017-feature-parameter,22-cad-fabrication,CAD fabrication electronics and building information models,feature parameter,"Smallest independently addressable feature parameter unit in cad fabrication electronics and building information models, intended to be typed, referenced, transformed or validated without requiring a whole finished asset.",cross-standard,candidate,research-seed,SRC-OPENSCAD;SRC-KICAD;SRC-IFC;SRC-USDPHYS,
AXM-22-CAD-FABRICATION-A-018-tolerance,22-cad-fabrication,CAD fabrication electronics and building information models,tolerance,"Smallest independently addressable tolerance unit in cad fabrication electronics and building information models, intended to be typed, referenced, transformed or validated without requiring a whole finished asset.",cross-standard,candidate,research-seed,SRC-OPENSCAD;SRC-KICAD;SRC-IFC;SRC-USDPHYS,
AXM-22-CAD-FABRICATION-A-019-material-specification,22-cad-fabrication,CAD fabrication electronics and building information models,material specification,"Smallest independently addressable material specification unit in cad fabrication electronics and building information models, intended to be typed, referenced, transformed or validated without requiring a whole finished asset.",cross-standard,candidate,research-seed,SRC-OPENSCAD;SRC-KICAD;SRC-IFC;SRC-USDPHYS,
AXM-22-CAD-FABRICATION-A-020-manufacturing-layer-identifier,22-cad-fabrication,CAD fabrication electronics and building information models,manufacturing layer identifier,"Smallest independently addressable manufacturing layer identifier unit in cad fabrication electronics and building information models, intended to be typed, referenced, transformed or validated without requiring a whole finished asset.",cross-standard,candidate,research-seed,SRC-OPENSCAD;SRC-KICAD;SRC-IFC;SRC-USDPHYS,
AXM-22-CAD-FABRICATION-A-021-tool-diameter,22-cad-fabrication,CAD fabrication electronics and building information models,tool diameter,"Smallest independently addressable tool diameter unit in cad fabrication electronics and building information models, intended to be typed, referenced, transformed or validated without requiring a whole finished asset.",cross-standard,candidate,research-seed,SRC-OPENSCAD;SRC-KICAD;SRC-IFC;SRC-USDPHYS,
AXM-22-CAD-FABRICATION-A-022-feed-rate,22-cad-fabrication,CAD fabrication electronics and building information models,feed rate,"Smallest independently addressable feed rate unit in cad fabrication electronics and building information models, intended to be typed, referenced, transformed or validated without requiring a whole finished asset.",cross-standard,candidate,research-seed,SRC-OPENSCAD;SRC-KICAD;SRC-IFC;SRC-USDPHYS,
AXM-22-CAD-FABRICATION-A-023-spindle-speed,22-cad-fabrication,CAD fabrication electronics and building information models,spindle speed,"Smallest independently addressable spindle speed unit in cad fabrication electronics and building information models, intended to be typed, referenced, transformed or validated without requiring a whole finished asset.",cross-standard,candidate,research-seed,SRC-OPENSCAD;SRC-KICAD;SRC-IFC;SRC-USDPHYS,
AXM-22-CAD-FABRICATION-A-024-extrusion-temperature,22-cad-fabrication,CAD fabrication electronics and building information models,extrusion temperature,"Smallest independently addressable extrusion temperature unit in cad fabrication electronics and building information models, intended to be typed, referenced, transformed or validated without requiring a whole finished asset.",cross-standard,candidate,research-seed,SRC-OPENSCAD;SRC-KICAD;SRC-IFC;SRC-USDPHYS,
AXM-22-CAD-FABRICATION-A-025-slice-height,22-cad-fabrication,CAD fabrication electronics and building information models,slice height,"Smallest independently addressable slice height unit in cad fabrication electronics and building information models, intended to be typed, referenced, transformed or validated without requiring a whole finished asset.",cross-standard,candidate,research-seed,SRC-OPENSCAD;SRC-KICAD;SRC-IFC;SRC-USDPHYS,
AXM-22-CAD-FABRICATION-A-026-pcb-coordinate,22-cad-fabrication,CAD fabrication electronics and building information models,PCB coordinate,"Smallest independently addressable PCB coordinate unit in cad fabrication electronics and building information models, intended to be typed, referenced, transformed or validated without requiring a whole finished asset.",cross-standard,candidate,research-seed,SRC-OPENSCAD;SRC-KICAD;SRC-IFC;SRC-USDPHYS,
AXM-22-CAD-FABRICATION-A-027-pad,22-cad-fabrication,CAD fabrication electronics and building information models,pad,"Smallest independently addressable pad unit in cad fabrication electronics and building information models, intended to be typed, referenced, transformed or validated without requiring a whole finished asset.",cross-standard,candidate,research-seed,SRC-OPENSCAD;SRC-KICAD;SRC-IFC;SRC-USDPHYS,
AXM-22-CAD-FABRICATION-A-028-via,22-cad-fabrication,CAD fabrication electronics and building information models,via,"Smallest independently addressable via unit in cad fabrication electronics and building information models, intended to be typed, referenced, transformed or validated without requiring a whole finished asset.",cross-standard,candidate,research-seed,SRC-OPENSCAD;SRC-KICAD;SRC-IFC;SRC-USDPHYS,
AXM-22-CAD-FABRICATION-A-029-trace-segment,22-cad-fabrication,CAD fabrication electronics and building information models,trace segment,"Smallest independently addressable trace segment unit in cad fabrication electronics and building information models, intended to be typed, referenced, transformed or validated without requiring a whole finished asset.",cross-standard,candidate,research-seed,SRC-OPENSCAD;SRC-KICAD;SRC-IFC;SRC-USDPHYS,
AXM-22-CAD-FABRICATION-A-030-net-identifier,22-cad-fabrication,CAD fabrication electronics and building information models,net identifier,"Smallest independently addressable net identifier unit in cad fabrication electronics and building information models, intended to be typed, referenced, transformed or validated without requiring a whole finished asset.",cross-standard,candidate,research-seed,SRC-OPENSCAD;SRC-KICAD;SRC-IFC;SRC-USDPHYS,
AXM-22-CAD-FABRICATION-A-031-pin,22-cad-fabrication,CAD fabrication electronics and building information models,pin,"Smallest independently addressable pin unit in cad fabrication electronics and building information models, intended to be typed, referenced, transformed or validated without requiring a whole finished asset.",cross-standard,candidate,research-seed,SRC-OPENSCAD;SRC-KICAD;SRC-IFC;SRC-USDPHYS,
AXM-22-CAD-FABRICATION-A-032-drill-size,22-cad-fabrication,CAD fabrication electronics and building information models,drill size,"Smallest independently addressable drill size unit in cad fabrication electronics and building information models, intended to be typed, referenced, transformed or validated without requiring a whole finished asset.",cross-standard,candidate,research-seed,SRC-OPENSCAD;SRC-KICAD;SRC-IFC;SRC-USDPHYS,
AXM-22-CAD-FABRICATION-A-033-copper-layer,22-cad-fabrication,CAD fabrication electronics and building information models,copper layer,"Smallest independently addressable copper layer unit in cad fabrication electronics and building information models, intended to be typed, referenced, transformed or validated without requiring a whole finished asset.",cross-standard,candidate,research-seed,SRC-OPENSCAD;SRC-KICAD;SRC-IFC;SRC-USDPHYS,
AXM-22-CAD-FABRICATION-A-034-mask-opening,22-cad-fabrication,CAD fabrication electronics and building information models,mask opening,"Smallest independently addressable mask opening unit in cad fabrication electronics and building information models, intended to be typed, referenced, transformed or validated without requiring a whole finished asset.",cross-standard,candidate,research-seed,SRC-OPENSCAD;SRC-KICAD;SRC-IFC;SRC-USDPHYS,
AXM-22-CAD-FABRICATION-A-035-courtyard-boundary,22-cad-fabrication,CAD fabrication electronics and building information models,courtyard boundary,"Smallest independently addressable courtyard boundary unit in cad fabrication electronics and building information models, intended to be typed, referenced, transformed or validated without requiring a whole finished asset.",cross-standard,candidate,research-seed,SRC-OPENSCAD;SRC-KICAD;SRC-IFC;SRC-USDPHYS,
AXM-22-CAD-FABRICATION-A-036-building-element-reference,22-cad-fabrication,CAD fabrication electronics and building information models,building-element reference,"Smallest independently addressable building-element reference unit in cad fabrication electronics and building information models, intended to be typed, referenced, transformed or validated without requiring a whole finished asset.",cross-standard,candidate,research-seed,SRC-OPENSCAD;SRC-KICAD;SRC-IFC;SRC-USDPHYS,
AXM-22-CAD-FABRICATION-A-037-property-value,22-cad-fabrication,CAD fabrication electronics and building information models,property value,"Smallest independently addressable property value unit in cad fabrication electronics and building information models, intended to be typed, referenced, transformed or validated without requiring a whole finished asset.",cross-standard,candidate,research-seed,SRC-OPENSCAD;SRC-KICAD;SRC-IFC;SRC-USDPHYS,
AXM-22-CAD-FABRICATION-A-038-quantity-value,22-cad-fabrication,CAD fabrication electronics and building information models,quantity value,"Smallest independently addressable quantity value unit in cad fabrication electronics and building information models, intended to be typed, referenced, transformed or validated without requiring a whole finished asset.",cross-standard,candidate,research-seed,SRC-OPENSCAD;SRC-KICAD;SRC-IFC;SRC-USDPHYS,
AXM-22-CAD-FABRICATION-A-039-placement-coordinate,22-cad-fabrication,CAD fabrication electronics and building information models,placement coordinate,"Smallest independently addressable placement coordinate unit in cad fabrication electronics and building information models, intended to be typed, referenced, transformed or validated without requiring a whole finished asset.",cross-standard,candidate,research-seed,SRC-OPENSCAD;SRC-KICAD;SRC-IFC;SRC-USDPHYS,
AXM-22-CAD-FABRICATION-A-040-clearance-value,22-cad-fabrication,CAD fabrication electronics and building information models,clearance value,"Smallest independently addressable clearance value unit in cad fabrication electronics and building information models, intended to be typed, referenced, transformed or validated without requiring a whole finished asset.",cross-standard,candidate,research-seed,SRC-OPENSCAD;SRC-KICAD;SRC-IFC;SRC-USDPHYS,
AXM-22-CAD-FABRICATION-A-041-hole-parameter,22-cad-fabrication,CAD fabrication electronics and building information models,hole parameter,"Smallest independently addressable hole parameter unit in cad fabrication electronics and building information models, intended to be typed, referenced, transformed or validated without requiring a whole finished asset.",cross-standard,candidate,research-seed,SRC-OPENSCAD;SRC-KICAD;SRC-IFC;SRC-USDPHYS,
AXM-22-CAD-FABRICATION-A-042-thread-parameter,22-cad-fabrication,CAD fabrication electronics and building information models,thread parameter,"Smallest independently addressable thread parameter unit in cad fabrication electronics and building information models, intended to be typed, referenced, transformed or validated without requiring a whole finished asset.",cross-standard,candidate,research-seed,SRC-OPENSCAD;SRC-KICAD;SRC-IFC;SRC-USDPHYS,
AXM-22-CAD-FABRICATION-A-043-surface-finish,22-cad-fabrication,CAD fabrication electronics and building information models,surface finish,"Smallest independently addressable surface finish unit in cad fabrication electronics and building information models, intended to be typed, referenced, transformed or validated without requiring a whole finished asset.",cross-standard,candidate,research-seed,SRC-OPENSCAD;SRC-KICAD;SRC-IFC;SRC-USDPHYS,
AXM-23-PROCEDURAL-A-001-deterministic-seed,23-procedural,Procedural generative and search-based creation,deterministic seed,"Smallest independently addressable deterministic seed unit in procedural generative and search-based creation, intended to be typed, referenced, transformed or validated without requiring a whole finished asset.",cross-standard-plus-engineering-inference,candidate,research-seed,SRC-OPENSCAD;SRC-MATERIALX;SRC-TREESITTER;SRC-SCXML;SRC-3DGS,
AXM-23-PROCEDURAL-A-002-random-sample,23-procedural,Procedural generative and search-based creation,random sample,"Smallest independently addressable random sample unit in procedural generative and search-based creation, intended to be typed, referenced, transformed or validated without requiring a whole finished asset.",cross-standard-plus-engineering-inference,candidate,research-seed,SRC-OPENSCAD;SRC-MATERIALX;SRC-TREESITTER;SRC-SCXML;SRC-3DGS,
AXM-23-PROCEDURAL-A-003-noise-value,23-procedural,Procedural generative and search-based creation,noise value,"Smallest independently addressable noise value unit in procedural generative and search-based creation, intended to be typed, referenced, transformed or validated without requiring a whole finished asset.",cross-standard-plus-engineering-inference,candidate,research-seed,SRC-OPENSCAD;SRC-MATERIALX;SRC-TREESITTER;SRC-SCXML;SRC-3DGS,
AXM-23-PROCEDURAL-A-004-rule-symbol,23-procedural,Procedural generative and search-based creation,rule symbol,"Smallest independently addressable rule symbol unit in procedural generative and search-based creation, intended to be typed, referenced, transformed or validated without requiring a whole finished asset.",cross-standard-plus-engineering-inference,candidate,research-seed,SRC-OPENSCAD;SRC-MATERIALX;SRC-TREESITTER;SRC-SCXML;SRC-3DGS,
AXM-23-PROCEDURAL-A-005-production-rule,23-procedural,Procedural generative and search-based creation,production rule,"Smallest independently addressable production rule unit in procedural generative and search-based creation, intended to be typed, referenced, transformed or validated without requiring a whole finished asset.",cross-standard-plus-engineering-inference,candidate,research-seed,SRC-OPENSCAD;SRC-MATERIALX;SRC-TREESITTER;SRC-SCXML;SRC-3DGS,
AXM-23-PROCEDURAL-A-006-rewrite-depth,23-procedural,Procedural generative and search-based creation,rewrite depth,"Smallest independently addressable rewrite depth unit in procedural generative and search-based creation, intended to be typed, referenced, transformed or validated without requiring a whole finished asset.",cross-standard-plus-engineering-inference,candidate,research-seed,SRC-OPENSCAD;SRC-MATERIALX;SRC-TREESITTER;SRC-SCXML;SRC-3DGS,
AXM-23-PROCEDURAL-A-007-grammar-parameter,23-procedural,Procedural generative and search-based creation,grammar parameter,"Smallest independently addressable grammar parameter unit in procedural generative and search-based creation, intended to be typed, referenced, transformed or validated without requiring a whole finished asset.",cross-standard-plus-engineering-inference,candidate,research-seed,SRC-OPENSCAD;SRC-MATERIALX;SRC-TREESITTER;SRC-SCXML;SRC-3DGS,
AXM-23-PROCEDURAL-A-008-recursion-limit,23-procedural,Procedural generative and search-based creation,recursion limit,"Smallest independently addressable recursion limit unit in procedural generative and search-based creation, intended to be typed, referenced, transformed or validated without requiring a whole finished asset.",cross-standard-plus-engineering-inference,candidate,research-seed,SRC-OPENSCAD;SRC-MATERIALX;SRC-TREESITTER;SRC-SCXML;SRC-3DGS,
AXM-23-PROCEDURAL-A-009-tile-state,23-procedural,Procedural generative and search-based creation,tile state,"Smallest independently addressable tile state unit in procedural generative and search-based creation, intended to be typed, referenced, transformed or validated without requiring a whole finished asset.",cross-standard-plus-engineering-inference,candidate,research-seed,SRC-OPENSCAD;SRC-MATERIALX;SRC-TREESITTER;SRC-SCXML;SRC-3DGS,
AXM-23-PROCEDURAL-A-010-adjacency-constraint,23-procedural,Procedural generative and search-based creation,adjacency constraint,"Smallest independently addressable adjacency constraint unit in procedural generative and search-based creation, intended to be typed, referenced, transformed or validated without requiring a whole finished asset.",cross-standard-plus-engineering-inference,candidate,research-seed,SRC-OPENSCAD;SRC-MATERIALX;SRC-TREESITTER;SRC-SCXML;SRC-3DGS,
AXM-23-PROCEDURAL-A-011-cell-domain,23-procedural,Procedural generative and search-based creation,cell domain,"Smallest independently addressable cell domain unit in procedural generative and search-based creation, intended to be typed, referenced, transformed or validated without requiring a whole finished asset.",cross-standard-plus-engineering-inference,candidate,research-seed,SRC-OPENSCAD;SRC-MATERIALX;SRC-TREESITTER;SRC-SCXML;SRC-3DGS,
AXM-23-PROCEDURAL-A-012-entropy-value,23-procedural,Procedural generative and search-based creation,entropy value,"Smallest independently addressable entropy value unit in procedural generative and search-based creation, intended to be typed, referenced, transformed or validated without requiring a whole finished asset.",cross-standard-plus-engineering-inference,candidate,research-seed,SRC-OPENSCAD;SRC-MATERIALX;SRC-TREESITTER;SRC-SCXML;SRC-3DGS,
AXM-23-PROCEDURAL-A-013-collapse-choice,23-procedural,Procedural generative and search-based creation,collapse choice,"Smallest independently addressable collapse choice unit in procedural generative and search-based creation, intended to be typed, referenced, transformed or validated without requiring a whole finished asset.",cross-standard-plus-engineering-inference,candidate,research-seed,SRC-OPENSCAD;SRC-MATERIALX;SRC-TREESITTER;SRC-SCXML;SRC-3DGS,
AXM-23-PROCEDURAL-A-014-signed-distance-primitive-value,23-procedural,Procedural generative and search-based creation,signed-distance primitive value,"Smallest independently addressable signed-distance primitive value unit in procedural generative and search-based creation, intended to be typed, referenced, transformed or validated without requiring a whole finished asset.",cross-standard-plus-engineering-inference,candidate,research-seed,SRC-OPENSCAD;SRC-MATERIALX;SRC-TREESITTER;SRC-SCXML;SRC-3DGS,
AXM-23-PROCEDURAL-A-015-signed-distance-operation,23-procedural,Procedural generative and search-based creation,signed-distance operation,"Smallest independently addressable signed-distance operation unit in procedural generative and search-based creation, intended to be typed, referenced, transformed or validated without requiring a whole finished asset.",cross-standard-plus-engineering-inference,candidate,research-seed,SRC-OPENSCAD;SRC-MATERIALX;SRC-TREESITTER;SRC-SCXML;SRC-3DGS,
AXM-23-PROCEDURAL-A-016-constructive-solid-geometry-operation,23-procedural,Procedural generative and search-based creation,constructive-solid-geometry operation,"Smallest independently addressable constructive-solid-geometry operation unit in procedural generative and search-based creation, intended to be typed, referenced, transformed or validated without requiring a whole finished asset.",cross-standard-plus-engineering-inference,candidate,research-seed,SRC-OPENSCAD;SRC-MATERIALX;SRC-TREESITTER;SRC-SCXML;SRC-3DGS,
AXM-23-PROCEDURAL-A-017-transform-instruction,23-procedural,Procedural generative and search-based creation,transform instruction,"Smallest independently addressable transform instruction unit in procedural generative and search-based creation, intended to be typed, referenced, transformed or validated without requiring a whole finished asset.",cross-standard-plus-engineering-inference,candidate,research-seed,SRC-OPENSCAD;SRC-MATERIALX;SRC-TREESITTER;SRC-SCXML;SRC-3DGS,
AXM-23-PROCEDURAL-A-018-generator-parameter,23-procedural,Procedural generative and search-based creation,generator parameter,"Smallest independently addressable generator parameter unit in procedural generative and search-based creation, intended to be typed, referenced, transformed or validated without requiring a whole finished asset.",cross-standard-plus-engineering-inference,candidate,research-seed,SRC-OPENSCAD;SRC-MATERIALX;SRC-TREESITTER;SRC-SCXML;SRC-3DGS,
AXM-23-PROCEDURAL-A-019-distribution-parameter,23-procedural,Procedural generative and search-based creation,distribution parameter,"Smallest independently addressable distribution parameter unit in procedural generative and search-based creation, intended to be typed, referenced, transformed or validated without requiring a whole finished asset.",cross-standard-plus-engineering-inference,candidate,research-seed,SRC-OPENSCAD;SRC-MATERIALX;SRC-TREESITTER;SRC-SCXML;SRC-3DGS,
AXM-23-PROCEDURAL-A-020-variation-parameter,23-procedural,Procedural generative and search-based creation,variation parameter,"Smallest independently addressable variation parameter unit in procedural generative and search-based creation, intended to be typed, referenced, transformed or validated without requiring a whole finished asset.",cross-standard-plus-engineering-inference,candidate,research-seed,SRC-OPENSCAD;SRC-MATERIALX;SRC-TREESITTER;SRC-SCXML;SRC-3DGS,
AXM-23-PROCEDURAL-A-021-symmetry-rule,23-procedural,Procedural generative and search-based creation,symmetry rule,"Smallest independently addressable symmetry rule unit in procedural generative and search-based creation, intended to be typed, referenced, transformed or validated without requiring a whole finished asset.",cross-standard-plus-engineering-inference,candidate,research-seed,SRC-OPENSCAD;SRC-MATERIALX;SRC-TREESITTER;SRC-SCXML;SRC-3DGS,
AXM-23-PROCEDURAL-A-022-repetition-count,23-procedural,Procedural generative and search-based creation,repetition count,"Smallest independently addressable repetition count unit in procedural generative and search-based creation, intended to be typed, referenced, transformed or validated without requiring a whole finished asset.",cross-standard-plus-engineering-inference,candidate,research-seed,SRC-OPENSCAD;SRC-MATERIALX;SRC-TREESITTER;SRC-SCXML;SRC-3DGS,
AXM-23-PROCEDURAL-A-023-growth-step,23-procedural,Procedural generative and search-based creation,growth step,"Smallest independently addressable growth step unit in procedural generative and search-based creation, intended to be typed, referenced, transformed or validated without requiring a whole finished asset.",cross-standard-plus-engineering-inference,candidate,research-seed,SRC-OPENSCAD;SRC-MATERIALX;SRC-TREESITTER;SRC-SCXML;SRC-3DGS,
AXM-23-PROCEDURAL-A-024-branch-angle,23-procedural,Procedural generative and search-based creation,branch angle,"Smallest independently addressable branch angle unit in procedural generative and search-based creation, intended to be typed, referenced, transformed or validated without requiring a whole finished asset.",cross-standard-plus-engineering-inference,candidate,research-seed,SRC-OPENSCAD;SRC-MATERIALX;SRC-TREESITTER;SRC-SCXML;SRC-3DGS,
AXM-23-PROCEDURAL-A-025-mutation-operator,23-procedural,Procedural generative and search-based creation,mutation operator,"Smallest independently addressable mutation operator unit in procedural generative and search-based creation, intended to be typed, referenced, transformed or validated without requiring a whole finished asset.",cross-standard-plus-engineering-inference,candidate,research-seed,SRC-OPENSCAD;SRC-MATERIALX;SRC-TREESITTER;SRC-SCXML;SRC-3DGS,
AXM-23-PROCEDURAL-A-026-fitness-value,23-procedural,Procedural generative and search-based creation,fitness value,"Smallest independently addressable fitness value unit in procedural generative and search-based creation, intended to be typed, referenced, transformed or validated without requiring a whole finished asset.",cross-standard-plus-engineering-inference,candidate,research-seed,SRC-OPENSCAD;SRC-MATERIALX;SRC-TREESITTER;SRC-SCXML;SRC-3DGS,
AXM-23-PROCEDURAL-A-027-constraint-weight,23-procedural,Procedural generative and search-based creation,constraint weight,"Smallest independently addressable constraint weight unit in procedural generative and search-based creation, intended to be typed, referenced, transformed or validated without requiring a whole finished asset.",cross-standard-plus-engineering-inference,candidate,research-seed,SRC-OPENSCAD;SRC-MATERIALX;SRC-TREESITTER;SRC-SCXML;SRC-3DGS,
AXM-23-PROCEDURAL-A-028-provenance-seed-reference,23-procedural,Procedural generative and search-based creation,provenance-seed reference,"Smallest independently addressable provenance-seed reference unit in procedural generative and search-based creation, intended to be typed, referenced, transformed or validated without requiring a whole finished asset.",cross-standard-plus-engineering-inference,candidate,research-seed,SRC-OPENSCAD;SRC-MATERIALX;SRC-TREESITTER;SRC-SCXML;SRC-3DGS,
AXM-23-PROCEDURAL-A-029-search-budget,23-procedural,Procedural generative and search-based creation,search budget,"Smallest independently addressable search budget unit in procedural generative and search-based creation, intended to be typed, referenced, transformed or validated without requiring a whole finished asset.",cross-standard-plus-engineering-inference,candidate,research-seed,SRC-OPENSCAD;SRC-MATERIALX;SRC-TREESITTER;SRC-SCXML;SRC-3DGS,
AXM-23-PROCEDURAL-A-030-candidate-score,23-procedural,Procedural generative and search-based creation,candidate score,"Smallest independently addressable candidate score unit in procedural generative and search-based creation, intended to be typed, referenced, transformed or validated without requiring a whole finished asset.",cross-standard-plus-engineering-inference,candidate,research-seed,SRC-OPENSCAD;SRC-MATERIALX;SRC-TREESITTER;SRC-SCXML;SRC-3DGS,
AXM-23-PROCEDURAL-A-031-termination-condition,23-procedural,Procedural generative and search-based creation,termination condition,"Smallest independently addressable termination condition unit in procedural generative and search-based creation, intended to be typed, referenced, transformed or validated without requiring a whole finished asset.",cross-standard-plus-engineering-inference,candidate,research-seed,SRC-OPENSCAD;SRC-MATERIALX;SRC-TREESITTER;SRC-SCXML;SRC-3DGS,
AXM-23-PROCEDURAL-A-032-fallback-rule,23-procedural,Procedural generative and search-based creation,fallback rule,"Smallest independently addressable fallback rule unit in procedural generative and search-based creation, intended to be typed, referenced, transformed or validated without requiring a whole finished asset.",cross-standard-plus-engineering-inference,candidate,research-seed,SRC-OPENSCAD;SRC-MATERIALX;SRC-TREESITTER;SRC-SCXML;SRC-3DGS,
AXM-23-PROCEDURAL-A-033-replay-step,23-procedural,Procedural generative and search-based creation,replay step,"Smallest independently addressable replay step unit in procedural generative and search-based creation, intended to be typed, referenced, transformed or validated without requiring a whole finished asset.",cross-standard-plus-engineering-inference,candidate,research-seed,SRC-OPENSCAD;SRC-MATERIALX;SRC-TREESITTER;SRC-SCXML;SRC-3DGS,
AXM-24-WORKSPACE-COLLABORATION-A-001-repository-reference,24-workspace-collaboration,Projects workspaces versioning collaboration and lifecycle,repository reference,"Smallest independently addressable repository reference unit in projects workspaces versioning collaboration and lifecycle, intended to be typed, referenced, transformed or validated without requiring a whole finished asset.",cross-standard,candidate,research-seed,SRC-GIT;SRC-PROV;SRC-SPDX;SRC-BPMN,
AXM-24-WORKSPACE-COLLABORATION-A-002-branch-reference,24-workspace-collaboration,Projects workspaces versioning collaboration and lifecycle,branch reference,"Smallest independently addressable branch reference unit in projects workspaces versioning collaboration and lifecycle, intended to be typed, referenced, transformed or validated without requiring a whole finished asset.",cross-standard,candidate,research-seed,SRC-GIT;SRC-PROV;SRC-SPDX;SRC-BPMN,
AXM-24-WORKSPACE-COLLABORATION-A-003-commit-reference,24-workspace-collaboration,Projects workspaces versioning collaboration and lifecycle,commit reference,"Smallest independently addressable commit reference unit in projects workspaces versioning collaboration and lifecycle, intended to be typed, referenced, transformed or validated without requiring a whole finished asset.",cross-standard,candidate,research-seed,SRC-GIT;SRC-PROV;SRC-SPDX;SRC-BPMN,
AXM-24-WORKSPACE-COLLABORATION-A-004-tree-reference,24-workspace-collaboration,Projects workspaces versioning collaboration and lifecycle,tree reference,"Smallest independently addressable tree reference unit in projects workspaces versioning collaboration and lifecycle, intended to be typed, referenced, transformed or validated without requiring a whole finished asset.",cross-standard,candidate,research-seed,SRC-GIT;SRC-PROV;SRC-SPDX;SRC-BPMN,
AXM-24-WORKSPACE-COLLABORATION-A-005-blob-reference,24-workspace-collaboration,Projects workspaces versioning collaboration and lifecycle,blob reference,"Smallest independently addressable blob reference unit in projects workspaces versioning collaboration and lifecycle, intended to be typed, referenced, transformed or validated without requiring a whole finished asset.",cross-standard,candidate,research-seed,SRC-GIT;SRC-PROV;SRC-SPDX;SRC-BPMN,
AXM-24-WORKSPACE-COLLABORATION-A-006-tag-reference,24-workspace-collaboration,Projects workspaces versioning collaboration and lifecycle,tag reference,"Smallest independently addressable tag reference unit in projects workspaces versioning collaboration and lifecycle, intended to be typed, referenced, transformed or validated without requiring a whole finished asset.",cross-standard,candidate,research-seed,SRC-GIT;SRC-PROV;SRC-SPDX;SRC-BPMN,
AXM-24-WORKSPACE-COLLABORATION-A-007-file-path,24-workspace-collaboration,Projects workspaces versioning collaboration and lifecycle,file path,"Smallest independently addressable file path unit in projects workspaces versioning collaboration and lifecycle, intended to be typed, referenced, transformed or validated without requiring a whole finished asset.",cross-standard,candidate,research-seed,SRC-GIT;SRC-PROV;SRC-SPDX;SRC-BPMN,
AXM-24-WORKSPACE-COLLABORATION-A-008-change-hunk,24-workspace-collaboration,Projects workspaces versioning collaboration and lifecycle,change hunk,"Smallest independently addressable change hunk unit in projects workspaces versioning collaboration and lifecycle, intended to be typed, referenced, transformed or validated without requiring a whole finished asset.",cross-standard,candidate,research-seed,SRC-GIT;SRC-PROV;SRC-SPDX;SRC-BPMN,
AXM-24-WORKSPACE-COLLABORATION-A-009-author-reference,24-workspace-collaboration,Projects workspaces versioning collaboration and lifecycle,author reference,"Smallest independently addressable author reference unit in projects workspaces versioning collaboration and lifecycle, intended to be typed, referenced, transformed or validated without requiring a whole finished asset.",cross-standard,candidate,research-seed,SRC-GIT;SRC-PROV;SRC-SPDX;SRC-BPMN,
AXM-24-WORKSPACE-COLLABORATION-A-010-committer-reference,24-workspace-collaboration,Projects workspaces versioning collaboration and lifecycle,committer reference,"Smallest independently addressable committer reference unit in projects workspaces versioning collaboration and lifecycle, intended to be typed, referenced, transformed or validated without requiring a whole finished asset.",cross-standard,candidate,research-seed,SRC-GIT;SRC-PROV;SRC-SPDX;SRC-BPMN,
AXM-24-WORKSPACE-COLLABORATION-A-011-issue-identifier,24-workspace-collaboration,Projects workspaces versioning collaboration and lifecycle,issue identifier,"Smallest independently addressable issue identifier unit in projects workspaces versioning collaboration and lifecycle, intended to be typed, referenced, transformed or validated without requiring a whole finished asset.",cross-standard,candidate,research-seed,SRC-GIT;SRC-PROV;SRC-SPDX;SRC-BPMN,
AXM-24-WORKSPACE-COLLABORATION-A-012-task-identifier,24-workspace-collaboration,Projects workspaces versioning collaboration and lifecycle,task identifier,"Smallest independently addressable task identifier unit in projects workspaces versioning collaboration and lifecycle, intended to be typed, referenced, transformed or validated without requiring a whole finished asset.",cross-standard,candidate,research-seed,SRC-GIT;SRC-PROV;SRC-SPDX;SRC-BPMN,
AXM-24-WORKSPACE-COLLABORATION-A-013-milestone-identifier,24-workspace-collaboration,Projects workspaces versioning collaboration and lifecycle,milestone identifier,"Smallest independently addressable milestone identifier unit in projects workspaces versioning collaboration and lifecycle, intended to be typed, referenced, transformed or validated without requiring a whole finished asset.",cross-standard,candidate,research-seed,SRC-GIT;SRC-PROV;SRC-SPDX;SRC-BPMN,
AXM-24-WORKSPACE-COLLABORATION-A-014-comment-identifier,24-workspace-collaboration,Projects workspaces versioning collaboration and lifecycle,comment identifier,"Smallest independently addressable comment identifier unit in projects workspaces versioning collaboration and lifecycle, intended to be typed, referenced, transformed or validated without requiring a whole finished asset.",cross-standard,candidate,research-seed,SRC-GIT;SRC-PROV;SRC-SPDX;SRC-BPMN,
AXM-24-WORKSPACE-COLLABORATION-A-015-review-state,24-workspace-collaboration,Projects workspaces versioning collaboration and lifecycle,review state,"Smallest independently addressable review state unit in projects workspaces versioning collaboration and lifecycle, intended to be typed, referenced, transformed or validated without requiring a whole finished asset.",cross-standard,candidate,research-seed,SRC-GIT;SRC-PROV;SRC-SPDX;SRC-BPMN,
AXM-24-WORKSPACE-COLLABORATION-A-016-approval-state,24-workspace-collaboration,Projects workspaces versioning collaboration and lifecycle,approval state,"Smallest independently addressable approval state unit in projects workspaces versioning collaboration and lifecycle, intended to be typed, referenced, transformed or validated without requiring a whole finished asset.",cross-standard,candidate,research-seed,SRC-GIT;SRC-PROV;SRC-SPDX;SRC-BPMN,
AXM-24-WORKSPACE-COLLABORATION-A-017-workspace-path,24-workspace-collaboration,Projects workspaces versioning collaboration and lifecycle,workspace path,"Smallest independently addressable workspace path unit in projects workspaces versioning collaboration and lifecycle, intended to be typed, referenced, transformed or validated without requiring a whole finished asset.",cross-standard,candidate,research-seed,SRC-GIT;SRC-PROV;SRC-SPDX;SRC-BPMN,
AXM-24-WORKSPACE-COLLABORATION-A-018-project-role,24-workspace-collaboration,Projects workspaces versioning collaboration and lifecycle,project role,"Smallest independently addressable project role unit in projects workspaces versioning collaboration and lifecycle, intended to be typed, referenced, transformed or validated without requiring a whole finished asset.",cross-standard,candidate,research-seed,SRC-GIT;SRC-PROV;SRC-SPDX;SRC-BPMN,
AXM-24-WORKSPACE-COLLABORATION-A-019-assignment,24-workspace-collaboration,Projects workspaces versioning collaboration and lifecycle,assignment,"Smallest independently addressable assignment unit in projects workspaces versioning collaboration and lifecycle, intended to be typed, referenced, transformed or validated without requiring a whole finished asset.",cross-standard,candidate,research-seed,SRC-GIT;SRC-PROV;SRC-SPDX;SRC-BPMN,
AXM-24-WORKSPACE-COLLABORATION-A-020-deadline,24-workspace-collaboration,Projects workspaces versioning collaboration and lifecycle,deadline,"Smallest independently addressable deadline unit in projects workspaces versioning collaboration and lifecycle, intended to be typed, referenced, transformed or validated without requiring a whole finished asset.",cross-standard,candidate,research-seed,SRC-GIT;SRC-PROV;SRC-SPDX;SRC-BPMN,
AXM-24-WORKSPACE-COLLABORATION-A-021-dependency-link,24-workspace-collaboration,Projects workspaces versioning collaboration and lifecycle,dependency link,"Smallest independently addressable dependency link unit in projects workspaces versioning collaboration and lifecycle, intended to be typed, referenced, transformed or validated without requiring a whole finished asset.",cross-standard,candidate,research-seed,SRC-GIT;SRC-PROV;SRC-SPDX;SRC-BPMN,
AXM-24-WORKSPACE-COLLABORATION-A-022-status-transition,24-workspace-collaboration,Projects workspaces versioning collaboration and lifecycle,status transition,"Smallest independently addressable status transition unit in projects workspaces versioning collaboration and lifecycle, intended to be typed, referenced, transformed or validated without requiring a whole finished asset.",cross-standard,candidate,research-seed,SRC-GIT;SRC-PROV;SRC-SPDX;SRC-BPMN,
AXM-24-WORKSPACE-COLLABORATION-A-023-priority,24-workspace-collaboration,Projects workspaces versioning collaboration and lifecycle,priority,"Smallest independently addressable priority unit in projects workspaces versioning collaboration and lifecycle, intended to be typed, referenced, transformed or validated without requiring a whole finished asset.",cross-standard,candidate,research-seed,SRC-GIT;SRC-PROV;SRC-SPDX;SRC-BPMN,
AXM-24-WORKSPACE-COLLABORATION-A-024-estimate,24-workspace-collaboration,Projects workspaces versioning collaboration and lifecycle,estimate,"Smallest independently addressable estimate unit in projects workspaces versioning collaboration and lifecycle, intended to be typed, referenced, transformed or validated without requiring a whole finished asset.",cross-standard,candidate,research-seed,SRC-GIT;SRC-PROV;SRC-SPDX;SRC-BPMN,
AXM-24-WORKSPACE-COLLABORATION-A-025-actual-effort,24-workspace-collaboration,Projects workspaces versioning collaboration and lifecycle,actual effort,"Smallest independently addressable actual effort unit in projects workspaces versioning collaboration and lifecycle, intended to be typed, referenced, transformed or validated without requiring a whole finished asset.",cross-standard,candidate,research-seed,SRC-GIT;SRC-PROV;SRC-SPDX;SRC-BPMN,
AXM-24-WORKSPACE-COLLABORATION-A-026-decision-record-reference,24-workspace-collaboration,Projects workspaces versioning collaboration and lifecycle,decision-record reference,"Smallest independently addressable decision-record reference unit in projects workspaces versioning collaboration and lifecycle, intended to be typed, referenced, transformed or validated without requiring a whole finished asset.",cross-standard,candidate,research-seed,SRC-GIT;SRC-PROV;SRC-SPDX;SRC-BPMN,
AXM-24-WORKSPACE-COLLABORATION-A-027-conflict-marker,24-workspace-collaboration,Projects workspaces versioning collaboration and lifecycle,conflict marker,"Smallest independently addressable conflict marker unit in projects workspaces versioning collaboration and lifecycle, intended to be typed, referenced, transformed or validated without requiring a whole finished asset.",cross-standard,candidate,research-seed,SRC-GIT;SRC-PROV;SRC-SPDX;SRC-BPMN,
AXM-24-WORKSPACE-COLLABORATION-A-028-lock-reference,24-workspace-collaboration,Projects workspaces versioning collaboration and lifecycle,lock reference,"Smallest independently addressable lock reference unit in projects workspaces versioning collaboration and lifecycle, intended to be typed, referenced, transformed or validated without requiring a whole finished asset.",cross-standard,candidate,research-seed,SRC-GIT;SRC-PROV;SRC-SPDX;SRC-BPMN,
AXM-24-WORKSPACE-COLLABORATION-A-029-presence-signal,24-workspace-collaboration,Projects workspaces versioning collaboration and lifecycle,presence signal,"Smallest independently addressable presence signal unit in projects workspaces versioning collaboration and lifecycle, intended to be typed, referenced, transformed or validated without requiring a whole finished asset.",cross-standard,candidate,research-seed,SRC-GIT;SRC-PROV;SRC-SPDX;SRC-BPMN,
AXM-24-WORKSPACE-COLLABORATION-A-030-synchronization-version,24-workspace-collaboration,Projects workspaces versioning collaboration and lifecycle,synchronization version,"Smallest independently addressable synchronization version unit in projects workspaces versioning collaboration and lifecycle, intended to be typed, referenced, transformed or validated without requiring a whole finished asset.",cross-standard,candidate,research-seed,SRC-GIT;SRC-PROV;SRC-SPDX;SRC-BPMN,
AXM-24-WORKSPACE-COLLABORATION-A-031-handoff-state,24-workspace-collaboration,Projects workspaces versioning collaboration and lifecycle,handoff state,"Smallest independently addressable handoff state unit in projects workspaces versioning collaboration and lifecycle, intended to be typed, referenced, transformed or validated without requiring a whole finished asset.",cross-standard,candidate,research-seed,SRC-GIT;SRC-PROV;SRC-SPDX;SRC-BPMN,
AXM-24-WORKSPACE-COLLABORATION-A-032-archive-state,24-workspace-collaboration,Projects workspaces versioning collaboration and lifecycle,archive state,"Smallest independently addressable archive state unit in projects workspaces versioning collaboration and lifecycle, intended to be typed, referenced, transformed or validated without requiring a whole finished asset.",cross-standard,candidate,research-seed,SRC-GIT;SRC-PROV;SRC-SPDX;SRC-BPMN,
AXM-24-WORKSPACE-COLLABORATION-A-033-merge-base-reference,24-workspace-collaboration,Projects workspaces versioning collaboration and lifecycle,merge-base reference,"Smallest independently addressable merge-base reference unit in projects workspaces versioning collaboration and lifecycle, intended to be typed, referenced, transformed or validated without requiring a whole finished asset.",cross-standard,candidate,research-seed,SRC-GIT;SRC-PROV;SRC-SPDX;SRC-BPMN,
AXM-24-WORKSPACE-COLLABORATION-A-034-change-request-identifier,24-workspace-collaboration,Projects workspaces versioning collaboration and lifecycle,change-request identifier,"Smallest independently addressable change-request identifier unit in projects workspaces versioning collaboration and lifecycle, intended to be typed, referenced, transformed or validated without requiring a whole finished asset.",cross-standard,candidate,research-seed,SRC-GIT;SRC-PROV;SRC-SPDX;SRC-BPMN,
AXM-25-INTEROPERABILITY-A-001-source-format-tag,25-interoperability,Conversion import export compatibility and interoperability,source-format tag,"Smallest independently addressable source-format tag unit in conversion import export compatibility and interoperability, intended to be typed, referenced, transformed or validated without requiring a whole finished asset.",cross-standard,candidate,research-seed,SRC-JSONSCHEMA;SRC-GLTF;SRC-OCI;SRC-ODF;SRC-ONNX;SRC-OCIO,
AXM-25-INTEROPERABILITY-A-002-target-format-tag,25-interoperability,Conversion import export compatibility and interoperability,target-format tag,"Smallest independently addressable target-format tag unit in conversion import export compatibility and interoperability, intended to be typed, referenced, transformed or validated without requiring a whole finished asset.",cross-standard,candidate,research-seed,SRC-JSONSCHEMA;SRC-GLTF;SRC-OCI;SRC-ODF;SRC-ONNX;SRC-OCIO,
AXM-25-INTEROPERABILITY-A-003-media-type,25-interoperability,Conversion import export compatibility and interoperability,media type,"Smallest independently addressable media type unit in conversion import export compatibility and interoperability, intended to be typed, referenced, transformed or validated without requiring a whole finished asset.",cross-standard,candidate,research-seed,SRC-JSONSCHEMA;SRC-GLTF;SRC-OCI;SRC-ODF;SRC-ONNX;SRC-OCIO,
AXM-25-INTEROPERABILITY-A-004-codec-identifier,25-interoperability,Conversion import export compatibility and interoperability,codec identifier,"Smallest independently addressable codec identifier unit in conversion import export compatibility and interoperability, intended to be typed, referenced, transformed or validated without requiring a whole finished asset.",cross-standard,candidate,research-seed,SRC-JSONSCHEMA;SRC-GLTF;SRC-OCI;SRC-ODF;SRC-ONNX;SRC-OCIO,
AXM-25-INTEROPERABILITY-A-005-schema-version,25-interoperability,Conversion import export compatibility and interoperability,schema version,"Smallest independently addressable schema version unit in conversion import export compatibility and interoperability, intended to be typed, referenced, transformed or validated without requiring a whole finished asset.",cross-standard,candidate,research-seed,SRC-JSONSCHEMA;SRC-GLTF;SRC-OCI;SRC-ODF;SRC-ONNX;SRC-OCIO,
AXM-25-INTEROPERABILITY-A-006-field-mapping,25-interoperability,Conversion import export compatibility and interoperability,field mapping,"Smallest independently addressable field mapping unit in conversion import export compatibility and interoperability, intended to be typed, referenced, transformed or validated without requiring a whole finished asset.",cross-standard,candidate,research-seed,SRC-JSONSCHEMA;SRC-GLTF;SRC-OCI;SRC-ODF;SRC-ONNX;SRC-OCIO,
AXM-25-INTEROPERABILITY-A-007-type-mapping,25-interoperability,Conversion import export compatibility and interoperability,type mapping,"Smallest independently addressable type mapping unit in conversion import export compatibility and interoperability, intended to be typed, referenced, transformed or validated without requiring a whole finished asset.",cross-standard,candidate,research-seed,SRC-JSONSCHEMA;SRC-GLTF;SRC-OCI;SRC-ODF;SRC-ONNX;SRC-OCIO,
AXM-25-INTEROPERABILITY-A-008-unit-mapping,25-interoperability,Conversion import export compatibility and interoperability,unit mapping,"Smallest independently addressable unit mapping unit in conversion import export compatibility and interoperability, intended to be typed, referenced, transformed or validated without requiring a whole finished asset.",cross-standard,candidate,research-seed,SRC-JSONSCHEMA;SRC-GLTF;SRC-OCI;SRC-ODF;SRC-ONNX;SRC-OCIO,
AXM-25-INTEROPERABILITY-A-009-coordinate-mapping,25-interoperability,Conversion import export compatibility and interoperability,coordinate mapping,"Smallest independently addressable coordinate mapping unit in conversion import export compatibility and interoperability, intended to be typed, referenced, transformed or validated without requiring a whole finished asset.",cross-standard,candidate,research-seed,SRC-JSONSCHEMA;SRC-GLTF;SRC-OCI;SRC-ODF;SRC-ONNX;SRC-OCIO,
AXM-25-INTEROPERABILITY-A-010-color-space-mapping,25-interoperability,Conversion import export compatibility and interoperability,color-space mapping,"Smallest independently addressable color-space mapping unit in conversion import export compatibility and interoperability, intended to be typed, referenced, transformed or validated without requiring a whole finished asset.",cross-standard,candidate,research-seed,SRC-JSONSCHEMA;SRC-GLTF;SRC-OCI;SRC-ODF;SRC-ONNX;SRC-OCIO,
AXM-25-INTEROPERABILITY-A-011-character-encoding-tag,25-interoperability,Conversion import export compatibility and interoperability,character-encoding tag,"Smallest independently addressable character-encoding tag unit in conversion import export compatibility and interoperability, intended to be typed, referenced, transformed or validated without requiring a whole finished asset.",cross-standard,candidate,research-seed,SRC-JSONSCHEMA;SRC-GLTF;SRC-OCI;SRC-ODF;SRC-ONNX;SRC-OCIO,
AXM-25-INTEROPERABILITY-A-012-endianness,25-interoperability,Conversion import export compatibility and interoperability,endianness,"Smallest independently addressable endianness unit in conversion import export compatibility and interoperability, intended to be typed, referenced, transformed or validated without requiring a whole finished asset.",cross-standard,candidate,research-seed,SRC-JSONSCHEMA;SRC-GLTF;SRC-OCI;SRC-ODF;SRC-ONNX;SRC-OCIO,
AXM-25-INTEROPERABILITY-A-013-compression-setting,25-interoperability,Conversion import export compatibility and interoperability,compression setting,"Smallest independently addressable compression setting unit in conversion import export compatibility and interoperability, intended to be typed, referenced, transformed or validated without requiring a whole finished asset.",cross-standard,candidate,research-seed,SRC-JSONSCHEMA;SRC-GLTF;SRC-OCI;SRC-ODF;SRC-ONNX;SRC-OCIO,
AXM-25-INTEROPERABILITY-A-014-quality-setting,25-interoperability,Conversion import export compatibility and interoperability,quality setting,"Smallest independently addressable quality setting unit in conversion import export compatibility and interoperability, intended to be typed, referenced, transformed or validated without requiring a whole finished asset.",cross-standard,candidate,research-seed,SRC-JSONSCHEMA;SRC-GLTF;SRC-OCI;SRC-ODF;SRC-ONNX;SRC-OCIO,
AXM-25-INTEROPERABILITY-A-015-fallback-rule,25-interoperability,Conversion import export compatibility and interoperability,fallback rule,"Smallest independently addressable fallback rule unit in conversion import export compatibility and interoperability, intended to be typed, referenced, transformed or validated without requiring a whole finished asset.",cross-standard,candidate,research-seed,SRC-JSONSCHEMA;SRC-GLTF;SRC-OCI;SRC-ODF;SRC-ONNX;SRC-OCIO,
AXM-25-INTEROPERABILITY-A-016-loss-flag,25-interoperability,Conversion import export compatibility and interoperability,loss flag,"Smallest independently addressable loss flag unit in conversion import export compatibility and interoperability, intended to be typed, referenced, transformed or validated without requiring a whole finished asset.",cross-standard,candidate,research-seed,SRC-JSONSCHEMA;SRC-GLTF;SRC-OCI;SRC-ODF;SRC-ONNX;SRC-OCIO,
AXM-25-INTEROPERABILITY-A-017-unsupported-feature-marker,25-interoperability,Conversion import export compatibility and interoperability,unsupported-feature marker,"Smallest independently addressable unsupported-feature marker unit in conversion import export compatibility and interoperability, intended to be typed, referenced, transformed or validated without requiring a whole finished asset.",cross-standard,candidate,research-seed,SRC-JSONSCHEMA;SRC-GLTF;SRC-OCI;SRC-ODF;SRC-ONNX;SRC-OCIO,
AXM-25-INTEROPERABILITY-A-018-warning-code,25-interoperability,Conversion import export compatibility and interoperability,warning code,"Smallest independently addressable warning code unit in conversion import export compatibility and interoperability, intended to be typed, referenced, transformed or validated without requiring a whole finished asset.",cross-standard,candidate,research-seed,SRC-JSONSCHEMA;SRC-GLTF;SRC-OCI;SRC-ODF;SRC-ONNX;SRC-OCIO,
AXM-25-INTEROPERABILITY-A-019-compatibility-level,25-interoperability,Conversion import export compatibility and interoperability,compatibility level,"Smallest independently addressable compatibility level unit in conversion import export compatibility and interoperability, intended to be typed, referenced, transformed or validated without requiring a whole finished asset.",cross-standard,candidate,research-seed,SRC-JSONSCHEMA;SRC-GLTF;SRC-OCI;SRC-ODF;SRC-ONNX;SRC-OCIO,
AXM-25-INTEROPERABILITY-A-020-round-trip-test-value,25-interoperability,Conversion import export compatibility and interoperability,round-trip test value,"Smallest independently addressable round-trip test value unit in conversion import export compatibility and interoperability, intended to be typed, referenced, transformed or validated without requiring a whole finished asset.",cross-standard,candidate,research-seed,SRC-JSONSCHEMA;SRC-GLTF;SRC-OCI;SRC-ODF;SRC-ONNX;SRC-OCIO,
AXM-25-INTEROPERABILITY-A-021-precision-loss-value,25-interoperability,Conversion import export compatibility and interoperability,precision-loss value,"Smallest independently addressable precision-loss value unit in conversion import export compatibility and interoperability, intended to be typed, referenced, transformed or validated without requiring a whole finished asset.",cross-standard,candidate,research-seed,SRC-JSONSCHEMA;SRC-GLTF;SRC-OCI;SRC-ODF;SRC-ONNX;SRC-OCIO,
AXM-25-INTEROPERABILITY-A-022-semantic-loss-value,25-interoperability,Conversion import export compatibility and interoperability,semantic-loss value,"Smallest independently addressable semantic-loss value unit in conversion import export compatibility and interoperability, intended to be typed, referenced, transformed or validated without requiring a whole finished asset.",cross-standard,candidate,research-seed,SRC-JSONSCHEMA;SRC-GLTF;SRC-OCI;SRC-ODF;SRC-ONNX;SRC-OCIO,
AXM-25-INTEROPERABILITY-A-023-conversion-step-identifier,25-interoperability,Conversion import export compatibility and interoperability,conversion-step identifier,"Smallest independently addressable conversion-step identifier unit in conversion import export compatibility and interoperability, intended to be typed, referenced, transformed or validated without requiring a whole finished asset.",cross-standard,candidate,research-seed,SRC-JSONSCHEMA;SRC-GLTF;SRC-OCI;SRC-ODF;SRC-ONNX;SRC-OCIO,
AXM-25-INTEROPERABILITY-A-024-adapter-version-value,25-interoperability,Conversion import export compatibility and interoperability,adapter-version value,"Smallest independently addressable adapter-version value unit in conversion import export compatibility and interoperability, intended to be typed, referenced, transformed or validated without requiring a whole finished asset.",cross-standard,candidate,research-seed,SRC-JSONSCHEMA;SRC-GLTF;SRC-OCI;SRC-ODF;SRC-ONNX;SRC-OCIO,
AXM-25-INTEROPERABILITY-A-025-target-capability-tag,25-interoperability,Conversion import export compatibility and interoperability,target-capability tag,"Smallest independently addressable target-capability tag unit in conversion import export compatibility and interoperability, intended to be typed, referenced, transformed or validated without requiring a whole finished asset.",cross-standard,candidate,research-seed,SRC-JSONSCHEMA;SRC-GLTF;SRC-OCI;SRC-ODF;SRC-ONNX;SRC-OCIO,
