id,level,domain_code,domain,name,definition,source_keys,source_basis,registry_status,maturity,extension_allowed,notes
AXM-00-FOUNDATION-A-001-identifier,atom,00-foundation,Universal foundation and metadata,identifier,"Smallest independently addressable identifier unit in universal foundation and metadata, intended to be typed, referenced, transformed or validated without requiring a whole finished asset.",SRC-JSONSCHEMA;SRC-RDF;SRC-PROV;SRC-SPDX,cross-standard,candidate,research-seed,True,
AXM-00-FOUNDATION-A-002-namespace,atom,00-foundation,Universal foundation and metadata,namespace,"Smallest independently addressable namespace unit in universal foundation and metadata, intended to be typed, referenced, transformed or validated without requiring a whole finished asset.",SRC-JSONSCHEMA;SRC-RDF;SRC-PROV;SRC-SPDX,cross-standard,candidate,research-seed,True,
AXM-00-FOUNDATION-A-003-name,atom,00-foundation,Universal foundation and metadata,name,"Smallest independently addressable name unit in universal foundation and metadata, intended to be typed, referenced, transformed or validated without requiring a whole finished asset.",SRC-JSONSCHEMA;SRC-RDF;SRC-PROV;SRC-SPDX,cross-standard,candidate,research-seed,True,
AXM-00-FOUNDATION-A-004-label,atom,00-foundation,Universal foundation and metadata,label,"Smallest independently addressable label unit in universal foundation and metadata, intended to be typed, referenced, transformed or validated without requiring a whole finished asset.",SRC-JSONSCHEMA;SRC-RDF;SRC-PROV;SRC-SPDX,cross-standard,candidate,research-seed,True,
AXM-00-FOUNDATION-A-005-description,atom,00-foundation,Universal foundation and metadata,description,"Smallest independently addressable description unit in universal foundation and metadata, intended to be typed, referenced, transformed or validated without requiring a whole finished asset.",SRC-JSONSCHEMA;SRC-RDF;SRC-PROV;SRC-SPDX,cross-standard,candidate,research-seed,True,
AXM-00-FOUNDATION-A-006-type-tag,atom,00-foundation,Universal foundation and metadata,type tag,"Smallest independently addressable type tag unit in universal foundation and metadata, intended to be typed, referenced, transformed or validated without requiring a whole finished asset.",SRC-JSONSCHEMA;SRC-RDF;SRC-PROV;SRC-SPDX,cross-standard,candidate,research-seed,True,
AXM-00-FOUNDATION-A-007-subtype-tag,atom,00-foundation,Universal foundation and metadata,subtype tag,"Smallest independently addressable subtype tag unit in universal foundation and metadata, intended to be typed, referenced, transformed or validated without requiring a whole finished asset.",SRC-JSONSCHEMA;SRC-RDF;SRC-PROV;SRC-SPDX,cross-standard,candidate,research-seed,True,
AXM-00-FOUNDATION-A-008-version,atom,00-foundation,Universal foundation and metadata,version,"Smallest independently addressable version unit in universal foundation and metadata, intended to be typed, referenced, transformed or validated without requiring a whole finished asset.",SRC-JSONSCHEMA;SRC-RDF;SRC-PROV;SRC-SPDX,cross-standard,candidate,research-seed,True,
AXM-00-FOUNDATION-A-009-revision,atom,00-foundation,Universal foundation and metadata,revision,"Smallest independently addressable revision unit in universal foundation and metadata, intended to be typed, referenced, transformed or validated without requiring a whole finished asset.",SRC-JSONSCHEMA;SRC-RDF;SRC-PROV;SRC-SPDX,cross-standard,candidate,research-seed,True,
AXM-00-FOUNDATION-A-010-status,atom,00-foundation,Universal foundation and metadata,status,"Smallest independently addressable status unit in universal foundation and metadata, intended to be typed, referenced, transformed or validated without requiring a whole finished asset.",SRC-JSONSCHEMA;SRC-RDF;SRC-PROV;SRC-SPDX,cross-standard,candidate,research-seed,True,
AXM-00-FOUNDATION-A-011-flag,atom,00-foundation,Universal foundation and metadata,flag,"Smallest independently addressable flag unit in universal foundation and metadata, intended to be typed, referenced, transformed or validated without requiring a whole finished asset.",SRC-JSONSCHEMA;SRC-RDF;SRC-PROV;SRC-SPDX,cross-standard,candidate,research-seed,True,
AXM-00-FOUNDATION-A-012-scalar,atom,00-foundation,Universal foundation and metadata,scalar,"Smallest independently addressable scalar unit in universal foundation and metadata, intended to be typed, referenced, transformed or validated without requiring a whole finished asset.",SRC-JSONSCHEMA;SRC-RDF;SRC-PROV;SRC-SPDX,cross-standard,candidate,research-seed,True,
AXM-00-FOUNDATION-A-013-boolean,atom,00-foundation,Universal foundation and metadata,boolean,"Smallest independently addressable boolean unit in universal foundation and metadata, intended to be typed, referenced, transformed or validated without requiring a whole finished asset.",SRC-JSONSCHEMA;SRC-RDF;SRC-PROV;SRC-SPDX,cross-standard,candidate,research-seed,True,
AXM-00-FOUNDATION-A-014-integer,atom,00-foundation,Universal foundation and metadata,integer,"Smallest independently addressable integer unit in universal foundation and metadata, intended to be typed, referenced, transformed or validated without requiring a whole finished asset.",SRC-JSONSCHEMA;SRC-RDF;SRC-PROV;SRC-SPDX,cross-standard,candidate,research-seed,True,
AXM-00-FOUNDATION-A-015-floating-point-number,atom,00-foundation,Universal foundation and metadata,floating-point number,"Smallest independently addressable floating-point number unit in universal foundation and metadata, intended to be typed, referenced, transformed or validated without requiring a whole finished asset.",SRC-JSONSCHEMA;SRC-RDF;SRC-PROV;SRC-SPDX,cross-standard,candidate,research-seed,True,
AXM-00-FOUNDATION-A-016-decimal-number,atom,00-foundation,Universal foundation and metadata,decimal number,"Smallest independently addressable decimal number unit in universal foundation and metadata, intended to be typed, referenced, transformed or validated without requiring a whole finished asset.",SRC-JSONSCHEMA;SRC-RDF;SRC-PROV;SRC-SPDX,cross-standard,candidate,research-seed,True,
AXM-00-FOUNDATION-A-017-string,atom,00-foundation,Universal foundation and metadata,string,"Smallest independently addressable string unit in universal foundation and metadata, intended to be typed, referenced, transformed or validated without requiring a whole finished asset.",SRC-JSONSCHEMA;SRC-RDF;SRC-PROV;SRC-SPDX,cross-standard,candidate,research-seed,True,
AXM-00-FOUNDATION-A-018-byte-sequence,atom,00-foundation,Universal foundation and metadata,byte sequence,"Smallest independently addressable byte sequence unit in universal foundation and metadata, intended to be typed, referenced, transformed or validated without requiring a whole finished asset.",SRC-JSONSCHEMA;SRC-RDF;SRC-PROV;SRC-SPDX,cross-standard,candidate,research-seed,True,
AXM-00-FOUNDATION-A-019-enumeration-value,atom,00-foundation,Universal foundation and metadata,enumeration value,"Smallest independently addressable enumeration value unit in universal foundation and metadata, intended to be typed, referenced, transformed or validated without requiring a whole finished asset.",SRC-JSONSCHEMA;SRC-RDF;SRC-PROV;SRC-SPDX,cross-standard,candidate,research-seed,True,
AXM-00-FOUNDATION-A-020-null-value,atom,00-foundation,Universal foundation and metadata,null value,"Smallest independently addressable null value unit in universal foundation and metadata, intended to be typed, referenced, transformed or validated without requiring a whole finished asset.",SRC-JSONSCHEMA;SRC-RDF;SRC-PROV;SRC-SPDX,cross-standard,candidate,research-seed,True,
AXM-00-FOUNDATION-A-021-unit,atom,00-foundation,Universal foundation and metadata,unit,"Smallest independently addressable unit unit in universal foundation and metadata, intended to be typed, referenced, transformed or validated without requiring a whole finished asset.",SRC-JSONSCHEMA;SRC-RDF;SRC-PROV;SRC-SPDX,cross-standard,candidate,research-seed,True,
AXM-00-FOUNDATION-A-022-quantity,atom,00-foundation,Universal foundation and metadata,quantity,"Smallest independently addressable quantity unit in universal foundation and metadata, intended to be typed, referenced, transformed or validated without requiring a whole finished asset.",SRC-JSONSCHEMA;SRC-RDF;SRC-PROV;SRC-SPDX,cross-standard,candidate,research-seed,True,
AXM-00-FOUNDATION-A-023-dimension,atom,00-foundation,Universal foundation and metadata,dimension,"Smallest independently addressable dimension unit in universal foundation and metadata, intended to be typed, referenced, transformed or validated without requiring a whole finished asset.",SRC-JSONSCHEMA;SRC-RDF;SRC-PROV;SRC-SPDX,cross-standard,candidate,research-seed,True,
AXM-00-FOUNDATION-A-024-timestamp,atom,00-foundation,Universal foundation and metadata,timestamp,"Smallest independently addressable timestamp unit in universal foundation and metadata, intended to be typed, referenced, transformed or validated without requiring a whole finished asset.",SRC-JSONSCHEMA;SRC-RDF;SRC-PROV;SRC-SPDX,cross-standard,candidate,research-seed,True,
AXM-00-FOUNDATION-A-025-duration,atom,00-foundation,Universal foundation and metadata,duration,"Smallest independently addressable duration unit in universal foundation and metadata, intended to be typed, referenced, transformed or validated without requiring a whole finished asset.",SRC-JSONSCHEMA;SRC-RDF;SRC-PROV;SRC-SPDX,cross-standard,candidate,research-seed,True,
AXM-00-FOUNDATION-A-026-date,atom,00-foundation,Universal foundation and metadata,date,"Smallest independently addressable date unit in universal foundation and metadata, intended to be typed, referenced, transformed or validated without requiring a whole finished asset.",SRC-JSONSCHEMA;SRC-RDF;SRC-PROV;SRC-SPDX,cross-standard,candidate,research-seed,True,
AXM-00-FOUNDATION-A-027-time-zone,atom,00-foundation,Universal foundation and metadata,time zone,"Smallest independently addressable time zone unit in universal foundation and metadata, intended to be typed, referenced, transformed or validated without requiring a whole finished asset.",SRC-JSONSCHEMA;SRC-RDF;SRC-PROV;SRC-SPDX,cross-standard,candidate,research-seed,True,
AXM-00-FOUNDATION-A-028-locale,atom,00-foundation,Universal foundation and metadata,locale,"Smallest independently addressable locale unit in universal foundation and metadata, intended to be typed, referenced, transformed or validated without requiring a whole finished asset.",SRC-JSONSCHEMA;SRC-RDF;SRC-PROV;SRC-SPDX,cross-standard,candidate,research-seed,True,
AXM-00-FOUNDATION-A-029-path,atom,00-foundation,Universal foundation and metadata,path,"Smallest independently addressable path unit in universal foundation and metadata, intended to be typed, referenced, transformed or validated without requiring a whole finished asset.",SRC-JSONSCHEMA;SRC-RDF;SRC-PROV;SRC-SPDX,cross-standard,candidate,research-seed,True,
AXM-00-FOUNDATION-A-030-uri,atom,00-foundation,Universal foundation and metadata,URI,"Smallest independently addressable URI unit in universal foundation and metadata, intended to be typed, referenced, transformed or validated without requiring a whole finished asset.",SRC-JSONSCHEMA;SRC-RDF;SRC-PROV;SRC-SPDX,cross-standard,candidate,research-seed,True,
AXM-00-FOUNDATION-A-031-hash-digest,atom,00-foundation,Universal foundation and metadata,hash digest,"Smallest independently addressable hash digest unit in universal foundation and metadata, intended to be typed, referenced, transformed or validated without requiring a whole finished asset.",SRC-JSONSCHEMA;SRC-RDF;SRC-PROV;SRC-SPDX,cross-standard,candidate,research-seed,True,
AXM-00-FOUNDATION-A-032-checksum,atom,00-foundation,Universal foundation and metadata,checksum,"Smallest independently addressable checksum unit in universal foundation and metadata, intended to be typed, referenced, transformed or validated without requiring a whole finished asset.",SRC-JSONSCHEMA;SRC-RDF;SRC-PROV;SRC-SPDX,cross-standard,candidate,research-seed,True,
AXM-00-FOUNDATION-A-033-digital-signature,atom,00-foundation,Universal foundation and metadata,digital signature,"Smallest independently addressable digital signature unit in universal foundation and metadata, intended to be typed, referenced, transformed or validated without requiring a whole finished asset.",SRC-JSONSCHEMA;SRC-RDF;SRC-PROV;SRC-SPDX,cross-standard,candidate,research-seed,True,
AXM-00-FOUNDATION-A-034-deterministic-seed,atom,00-foundation,Universal foundation and metadata,deterministic seed,"Smallest independently addressable deterministic seed unit in universal foundation and metadata, intended to be typed, referenced, transformed or validated without requiring a whole finished asset.",SRC-JSONSCHEMA;SRC-RDF;SRC-PROV;SRC-SPDX,cross-standard,candidate,research-seed,True,
AXM-00-FOUNDATION-A-035-random-stream-position,atom,00-foundation,Universal foundation and metadata,random stream position,"Smallest independently addressable random stream position unit in universal foundation and metadata, intended to be typed, referenced, transformed or validated without requiring a whole finished asset.",SRC-JSONSCHEMA;SRC-RDF;SRC-PROV;SRC-SPDX,cross-standard,candidate,research-seed,True,
AXM-00-FOUNDATION-A-036-parameter,atom,00-foundation,Universal foundation and metadata,parameter,"Smallest independently addressable parameter unit in universal foundation and metadata, intended to be typed, referenced, transformed or validated without requiring a whole finished asset.",SRC-JSONSCHEMA;SRC-RDF;SRC-PROV;SRC-SPDX,cross-standard,candidate,research-seed,True,
AXM-00-FOUNDATION-A-037-default-value,atom,00-foundation,Universal foundation and metadata,default value,"Smallest independently addressable default value unit in universal foundation and metadata, intended to be typed, referenced, transformed or validated without requiring a whole finished asset.",SRC-JSONSCHEMA;SRC-RDF;SRC-PROV;SRC-SPDX,cross-standard,candidate,research-seed,True,
AXM-00-FOUNDATION-A-038-constraint,atom,00-foundation,Universal foundation and metadata,constraint,"Smallest independently addressable constraint unit in universal foundation and metadata, intended to be typed, referenced, transformed or validated without requiring a whole finished asset.",SRC-JSONSCHEMA;SRC-RDF;SRC-PROV;SRC-SPDX,cross-standard,candidate,research-seed,True,
AXM-00-FOUNDATION-A-039-capability-tag,atom,00-foundation,Universal foundation and metadata,capability tag,"Smallest independently addressable capability tag unit in universal foundation and metadata, intended to be typed, referenced, transformed or validated without requiring a whole finished asset.",SRC-JSONSCHEMA;SRC-RDF;SRC-PROV;SRC-SPDX,cross-standard,candidate,research-seed,True,
AXM-00-FOUNDATION-A-040-feature-flag,atom,00-foundation,Universal foundation and metadata,feature flag,"Smallest independently addressable feature flag unit in universal foundation and metadata, intended to be typed, referenced, transformed or validated without requiring a whole finished asset.",SRC-JSONSCHEMA;SRC-RDF;SRC-PROV;SRC-SPDX,cross-standard,candidate,research-seed,True,
AXM-00-FOUNDATION-A-041-confidence-value,atom,00-foundation,Universal foundation and metadata,confidence value,"Smallest independently addressable confidence value unit in universal foundation and metadata, intended to be typed, referenced, transformed or validated without requiring a whole finished asset.",SRC-JSONSCHEMA;SRC-RDF;SRC-PROV;SRC-SPDX,cross-standard,candidate,research-seed,True,
AXM-00-FOUNDATION-A-042-priority,atom,00-foundation,Universal foundation and metadata,priority,"Smallest independently addressable priority unit in universal foundation and metadata, intended to be typed, referenced, transformed or validated without requiring a whole finished asset.",SRC-JSONSCHEMA;SRC-RDF;SRC-PROV;SRC-SPDX,cross-standard,candidate,research-seed,True,
AXM-00-FOUNDATION-A-043-ownership-reference,atom,00-foundation,Universal foundation and metadata,ownership reference,"Smallest independently addressable ownership reference unit in universal foundation and metadata, intended to be typed, referenced, transformed or validated without requiring a whole finished asset.",SRC-JSONSCHEMA;SRC-RDF;SRC-PROV;SRC-SPDX,cross-standard,candidate,research-seed,True,
AXM-00-FOUNDATION-A-044-source-reference,atom,00-foundation,Universal foundation and metadata,source reference,"Smallest independently addressable source reference unit in universal foundation and metadata, intended to be typed, referenced, transformed or validated without requiring a whole finished asset.",SRC-JSONSCHEMA;SRC-RDF;SRC-PROV;SRC-SPDX,cross-standard,candidate,research-seed,True,
AXM-00-FOUNDATION-A-045-input-port,atom,00-foundation,Universal foundation and metadata,input port,"Smallest independently addressable input port unit in universal foundation and metadata, intended to be typed, referenced, transformed or validated without requiring a whole finished asset.",SRC-JSONSCHEMA;SRC-RDF;SRC-PROV;SRC-SPDX,cross-standard,candidate,research-seed,True,
AXM-00-FOUNDATION-A-046-output-port,atom,00-foundation,Universal foundation and metadata,output port,"Smallest independently addressable output port unit in universal foundation and metadata, intended to be typed, referenced, transformed or validated without requiring a whole finished asset.",SRC-JSONSCHEMA;SRC-RDF;SRC-PROV;SRC-SPDX,cross-standard,candidate,research-seed,True,
AXM-00-FOUNDATION-A-047-parameter-port,atom,00-foundation,Universal foundation and metadata,parameter port,"Smallest independently addressable parameter port unit in universal foundation and metadata, intended to be typed, referenced, transformed or validated without requiring a whole finished asset.",SRC-JSONSCHEMA;SRC-RDF;SRC-PROV;SRC-SPDX,cross-standard,candidate,research-seed,True,
AXM-00-FOUNDATION-A-048-relation-predicate,atom,00-foundation,Universal foundation and metadata,relation predicate,"Smallest independently addressable relation predicate unit in universal foundation and metadata, intended to be typed, referenced, transformed or validated without requiring a whole finished asset.",SRC-JSONSCHEMA;SRC-RDF;SRC-PROV;SRC-SPDX,cross-standard,candidate,research-seed,True,
AXM-00-FOUNDATION-A-049-contains-relation,atom,00-foundation,Universal foundation and metadata,contains relation,"Smallest independently addressable contains relation unit in universal foundation and metadata, intended to be typed, referenced, transformed or validated without requiring a whole finished asset.",SRC-JSONSCHEMA;SRC-RDF;SRC-PROV;SRC-SPDX,cross-standard,candidate,research-seed,True,
AXM-00-FOUNDATION-A-050-part-of-relation,atom,00-foundation,Universal foundation and metadata,part-of relation,"Smallest independently addressable part-of relation unit in universal foundation and metadata, intended to be typed, referenced, transformed or validated without requiring a whole finished asset.",SRC-JSONSCHEMA;SRC-RDF;SRC-PROV;SRC-SPDX,cross-standard,candidate,research-seed,True,
AXM-00-FOUNDATION-A-051-requires-relation,atom,00-foundation,Universal foundation and metadata,requires relation,"Smallest independently addressable requires relation unit in universal foundation and metadata, intended to be typed, referenced, transformed or validated without requiring a whole finished asset.",SRC-JSONSCHEMA;SRC-RDF;SRC-PROV;SRC-SPDX,cross-standard,candidate,research-seed,True,
AXM-00-FOUNDATION-A-052-produces-relation,atom,00-foundation,Universal foundation and metadata,produces relation,"Smallest independently addressable produces relation unit in universal foundation and metadata, intended to be typed, referenced, transformed or validated without requiring a whole finished asset.",SRC-JSONSCHEMA;SRC-RDF;SRC-PROV;SRC-SPDX,cross-standard,candidate,research-seed,True,
AXM-00-FOUNDATION-A-053-consumes-relation,atom,00-foundation,Universal foundation and metadata,consumes relation,"Smallest independently addressable consumes relation unit in universal foundation and metadata, intended to be typed, referenced, transformed or validated without requiring a whole finished asset.",SRC-JSONSCHEMA;SRC-RDF;SRC-PROV;SRC-SPDX,cross-standard,candidate,research-seed,True,
AXM-00-FOUNDATION-A-054-transforms-relation,atom,00-foundation,Universal foundation and metadata,transforms relation,"Smallest independently addressable transforms relation unit in universal foundation and metadata, intended to be typed, referenced, transformed or validated without requiring a whole finished asset.",SRC-JSONSCHEMA;SRC-RDF;SRC-PROV;SRC-SPDX,cross-standard,candidate,research-seed,True,
AXM-00-FOUNDATION-A-055-binds-to-relation,atom,00-foundation,Universal foundation and metadata,binds-to relation,"Smallest independently addressable binds-to relation unit in universal foundation and metadata, intended to be typed, referenced, transformed or validated without requiring a whole finished asset.",SRC-JSONSCHEMA;SRC-RDF;SRC-PROV;SRC-SPDX,cross-standard,candidate,research-seed,True,
AXM-00-FOUNDATION-A-056-drives-relation,atom,00-foundation,Universal foundation and metadata,drives relation,"Smallest independently addressable drives relation unit in universal foundation and metadata, intended to be typed, referenced, transformed or validated without requiring a whole finished asset.",SRC-JSONSCHEMA;SRC-RDF;SRC-PROV;SRC-SPDX,cross-standard,candidate,research-seed,True,
AXM-00-FOUNDATION-A-057-references-relation,atom,00-foundation,Universal foundation and metadata,references relation,"Smallest independently addressable references relation unit in universal foundation and metadata, intended to be typed, referenced, transformed or validated without requiring a whole finished asset.",SRC-JSONSCHEMA;SRC-RDF;SRC-PROV;SRC-SPDX,cross-standard,candidate,research-seed,True,
AXM-00-FOUNDATION-A-058-instantiates-relation,atom,00-foundation,Universal foundation and metadata,instantiates relation,"Smallest independently addressable instantiates relation unit in universal foundation and metadata, intended to be typed, referenced, transformed or validated without requiring a whole finished asset.",SRC-JSONSCHEMA;SRC-RDF;SRC-PROV;SRC-SPDX,cross-standard,candidate,research-seed,True,
AXM-00-FOUNDATION-A-059-inherits-relation,atom,00-foundation,Universal foundation and metadata,inherits relation,"Smallest independently addressable inherits relation unit in universal foundation and metadata, intended to be typed, referenced, transformed or validated without requiring a whole finished asset.",SRC-JSONSCHEMA;SRC-RDF;SRC-PROV;SRC-SPDX,cross-standard,candidate,research-seed,True,
AXM-00-FOUNDATION-A-060-variant-of-relation,atom,00-foundation,Universal foundation and metadata,variant-of relation,"Smallest independently addressable variant-of relation unit in universal foundation and metadata, intended to be typed, referenced, transformed or validated without requiring a whole finished asset.",SRC-JSONSCHEMA;SRC-RDF;SRC-PROV;SRC-SPDX,cross-standard,candidate,research-seed,True,
AXM-00-FOUNDATION-A-061-compiles-to-relation,atom,00-foundation,Universal foundation and metadata,compiles-to relation,"Smallest independently addressable compiles-to relation unit in universal foundation and metadata, intended to be typed, referenced, transformed or validated without requiring a whole finished asset.",SRC-JSONSCHEMA;SRC-RDF;SRC-PROV;SRC-SPDX,cross-standard,candidate,research-seed,True,
AXM-00-FOUNDATION-A-062-derived-from-relation,atom,00-foundation,Universal foundation and metadata,derived-from relation,"Smallest independently addressable derived-from relation unit in universal foundation and metadata, intended to be typed, referenced, transformed or validated without requiring a whole finished asset.",SRC-JSONSCHEMA;SRC-RDF;SRC-PROV;SRC-SPDX,cross-standard,candidate,research-seed,True,
AXM-00-FOUNDATION-A-063-validates-relation,atom,00-foundation,Universal foundation and metadata,validates relation,"Smallest independently addressable validates relation unit in universal foundation and metadata, intended to be typed, referenced, transformed or validated without requiring a whole finished asset.",SRC-JSONSCHEMA;SRC-RDF;SRC-PROV;SRC-SPDX,cross-standard,candidate,research-seed,True,
AXM-00-FOUNDATION-A-064-tested-by-relation,atom,00-foundation,Universal foundation and metadata,tested-by relation,"Smallest independently addressable tested-by relation unit in universal foundation and metadata, intended to be typed, referenced, transformed or validated without requiring a whole finished asset.",SRC-JSONSCHEMA;SRC-RDF;SRC-PROV;SRC-SPDX,cross-standard,candidate,research-seed,True,
AXM-00-FOUNDATION-A-065-generated-by-relation,atom,00-foundation,Universal foundation and metadata,generated-by relation,"Smallest independently addressable generated-by relation unit in universal foundation and metadata, intended to be typed, referenced, transformed or validated without requiring a whole finished asset.",SRC-JSONSCHEMA;SRC-RDF;SRC-PROV;SRC-SPDX,cross-standard,candidate,research-seed,True,
AXM-00-FOUNDATION-A-066-supersedes-relation,atom,00-foundation,Universal foundation and metadata,supersedes relation,"Smallest independently addressable supersedes relation unit in universal foundation and metadata, intended to be typed, referenced, transformed or validated without requiring a whole finished asset.",SRC-JSONSCHEMA;SRC-RDF;SRC-PROV;SRC-SPDX,cross-standard,candidate,research-seed,True,
AXM-00-FOUNDATION-A-067-conflicts-with-relation,atom,00-foundation,Universal foundation and metadata,conflicts-with relation,"Smallest independently addressable conflicts-with relation unit in universal foundation and metadata, intended to be typed, referenced, transformed or validated without requiring a whole finished asset.",SRC-JSONSCHEMA;SRC-RDF;SRC-PROV;SRC-SPDX,cross-standard,candidate,research-seed,True,
AXM-00-FOUNDATION-A-068-equivalent-to-relation,atom,00-foundation,Universal foundation and metadata,equivalent-to relation,"Smallest independently addressable equivalent-to relation unit in universal foundation and metadata, intended to be typed, referenced, transformed or validated without requiring a whole finished asset.",SRC-JSONSCHEMA;SRC-RDF;SRC-PROV;SRC-SPDX,cross-standard,candidate,research-seed,True,
AXM-00-FOUNDATION-A-069-interoperates-with-relation,atom,00-foundation,Universal foundation and metadata,interoperates-with relation,"Smallest independently addressable interoperates-with relation unit in universal foundation and metadata, intended to be typed, referenced, transformed or validated without requiring a whole finished asset.",SRC-JSONSCHEMA;SRC-RDF;SRC-PROV;SRC-SPDX,cross-standard,candidate,research-seed,True,
AXM-00-FOUNDATION-A-070-licensed-under-relation,atom,00-foundation,Universal foundation and metadata,licensed-under relation,"Smallest independently addressable licensed-under relation unit in universal foundation and metadata, intended to be typed, referenced, transformed or validated without requiring a whole finished asset.",SRC-JSONSCHEMA;SRC-RDF;SRC-PROV;SRC-SPDX,cross-standard,candidate,research-seed,True,
AXM-00-FOUNDATION-A-071-observed-in-use-relation,atom,00-foundation,Universal foundation and metadata,observed-in-use relation,"Smallest independently addressable observed-in-use relation unit in universal foundation and metadata, intended to be typed, referenced, transformed or validated without requiring a whole finished asset.",SRC-JSONSCHEMA;SRC-RDF;SRC-PROV;SRC-SPDX,cross-standard,candidate,research-seed,True,
AXM-00-FOUNDATION-A-072-failed-in-use-relation,atom,00-foundation,Universal foundation and metadata,failed-in-use relation,"Smallest independently addressable failed-in-use relation unit in universal foundation and metadata, intended to be typed, referenced, transformed or validated without requiring a whole finished asset.",SRC-JSONSCHEMA;SRC-RDF;SRC-PROV;SRC-SPDX,cross-standard,candidate,research-seed,True,
AXM-00-FOUNDATION-C-001-typed-record,component,00-foundation,Universal foundation and metadata,typed record,"Reusable typed record assembly in universal foundation and metadata, with a bounded role and an interface that can be tested independently.",SRC-JSONSCHEMA;SRC-RDF;SRC-PROV;SRC-SPDX,cross-standard,candidate,research-seed,True,
AXM-00-FOUNDATION-C-002-schema,component,00-foundation,Universal foundation and metadata,schema,"Reusable schema assembly in universal foundation and metadata, with a bounded role and an interface that can be tested independently.",SRC-JSONSCHEMA;SRC-RDF;SRC-PROV;SRC-SPDX,cross-standard,candidate,research-seed,True,
AXM-00-FOUNDATION-C-003-manifest,component,00-foundation,Universal foundation and metadata,manifest,"Reusable manifest assembly in universal foundation and metadata, with a bounded role and an interface that can be tested independently.",SRC-JSONSCHEMA;SRC-RDF;SRC-PROV;SRC-SPDX,cross-standard,candidate,research-seed,True,
AXM-00-FOUNDATION-C-004-registry-entry,component,00-foundation,Universal foundation and metadata,registry entry,"Reusable registry entry assembly in universal foundation and metadata, with a bounded role and an interface that can be tested independently.",SRC-JSONSCHEMA;SRC-RDF;SRC-PROV;SRC-SPDX,cross-standard,candidate,research-seed,True,
AXM-00-FOUNDATION-C-005-property-set,component,00-foundation,Universal foundation and metadata,property set,"Reusable property set assembly in universal foundation and metadata, with a bounded role and an interface that can be tested independently.",SRC-JSONSCHEMA;SRC-RDF;SRC-PROV;SRC-SPDX,cross-standard,candidate,research-seed,True,
AXM-00-FOUNDATION-C-006-metadata-block,component,00-foundation,Universal foundation and metadata,metadata block,"Reusable metadata block assembly in universal foundation and metadata, with a bounded role and an interface that can be tested independently.",SRC-JSONSCHEMA;SRC-RDF;SRC-PROV;SRC-SPDX,cross-standard,candidate,research-seed,True,
AXM-00-FOUNDATION-C-007-namespace-map,component,00-foundation,Universal foundation and metadata,namespace map,"Reusable namespace map assembly in universal foundation and metadata, with a bounded role and an interface that can be tested independently.",SRC-JSONSCHEMA;SRC-RDF;SRC-PROV;SRC-SPDX,cross-standard,candidate,research-seed,True,
AXM-00-FOUNDATION-C-008-version-record,component,00-foundation,Universal foundation and metadata,version record,"Reusable version record assembly in universal foundation and metadata, with a bounded role and an interface that can be tested independently.",SRC-JSONSCHEMA;SRC-RDF;SRC-PROV;SRC-SPDX,cross-standard,candidate,research-seed,True,
AXM-00-FOUNDATION-C-009-identifier-map,component,00-foundation,Universal foundation and metadata,identifier map,"Reusable identifier map assembly in universal foundation and metadata, with a bounded role and an interface that can be tested independently.",SRC-JSONSCHEMA;SRC-RDF;SRC-PROV;SRC-SPDX,cross-standard,candidate,research-seed,True,
AXM-00-FOUNDATION-C-010-dependency-record,component,00-foundation,Universal foundation and metadata,dependency record,"Reusable dependency record assembly in universal foundation and metadata, with a bounded role and an interface that can be tested independently.",SRC-JSONSCHEMA;SRC-RDF;SRC-PROV;SRC-SPDX,cross-standard,candidate,research-seed,True,
AXM-00-FOUNDATION-C-011-capability-contract,component,00-foundation,Universal foundation and metadata,capability contract,"Reusable capability contract assembly in universal foundation and metadata, with a bounded role and an interface that can be tested independently.",SRC-JSONSCHEMA;SRC-RDF;SRC-PROV;SRC-SPDX,cross-standard,candidate,research-seed,True,
AXM-00-FOUNDATION-C-012-parameter-set,component,00-foundation,Universal foundation and metadata,parameter set,"Reusable parameter set assembly in universal foundation and metadata, with a bounded role and an interface that can be tested independently.",SRC-JSONSCHEMA;SRC-RDF;SRC-PROV;SRC-SPDX,cross-standard,candidate,research-seed,True,
AXM-00-FOUNDATION-C-013-constraint-set,component,00-foundation,Universal foundation and metadata,constraint set,"Reusable constraint set assembly in universal foundation and metadata, with a bounded role and an interface that can be tested independently.",SRC-JSONSCHEMA;SRC-RDF;SRC-PROV;SRC-SPDX,cross-standard,candidate,research-seed,True,
AXM-00-FOUNDATION-C-014-relationship-set,component,00-foundation,Universal foundation and metadata,relationship set,"Reusable relationship set assembly in universal foundation and metadata, with a bounded role and an interface that can be tested independently.",SRC-JSONSCHEMA;SRC-RDF;SRC-PROV;SRC-SPDX,cross-standard,candidate,research-seed,True,
AXM-00-FOUNDATION-C-015-content-descriptor,component,00-foundation,Universal foundation and metadata,content descriptor,"Reusable content descriptor assembly in universal foundation and metadata, with a bounded role and an interface that can be tested independently.",SRC-JSONSCHEMA;SRC-RDF;SRC-PROV;SRC-SPDX,cross-standard,candidate,research-seed,True,
AXM-00-FOUNDATION-C-016-extension-block,component,00-foundation,Universal foundation and metadata,extension block,"Reusable extension block assembly in universal foundation and metadata, with a bounded role and an interface that can be tested independently.",SRC-JSONSCHEMA;SRC-RDF;SRC-PROV;SRC-SPDX,cross-standard,candidate,research-seed,True,
AXM-00-FOUNDATION-C-017-migration-record,component,00-foundation,Universal foundation and metadata,migration record,"Reusable migration record assembly in universal foundation and metadata, with a bounded role and an interface that can be tested independently.",SRC-JSONSCHEMA;SRC-RDF;SRC-PROV;SRC-SPDX,cross-standard,candidate,research-seed,True,
AXM-00-FOUNDATION-C-018-compatibility-record,component,00-foundation,Universal foundation and metadata,compatibility record,"Reusable compatibility record assembly in universal foundation and metadata, with a bounded role and an interface that can be tested independently.",SRC-JSONSCHEMA;SRC-RDF;SRC-PROV;SRC-SPDX,cross-standard,candidate,research-seed,True,
AXM-00-FOUNDATION-C-019-interface-contract,component,00-foundation,Universal foundation and metadata,interface contract,"Reusable interface contract assembly in universal foundation and metadata, with a bounded role and an interface that can be tested independently.",SRC-JSONSCHEMA;SRC-RDF;SRC-PROV;SRC-SPDX,cross-standard,candidate,research-seed,True,
AXM-00-FOUNDATION-C-020-port-map,component,00-foundation,Universal foundation and metadata,port map,"Reusable port map assembly in universal foundation and metadata, with a bounded role and an interface that can be tested independently.",SRC-JSONSCHEMA;SRC-RDF;SRC-PROV;SRC-SPDX,cross-standard,candidate,research-seed,True,
AXM-00-FOUNDATION-C-021-lifecycle-record,component,00-foundation,Universal foundation and metadata,lifecycle record,"Reusable lifecycle record assembly in universal foundation and metadata, with a bounded role and an interface that can be tested independently.",SRC-JSONSCHEMA;SRC-RDF;SRC-PROV;SRC-SPDX,cross-standard,candidate,research-seed,True,
AXM-00-FOUNDATION-O-001-identity-registry,organ,00-foundation,Universal foundation and metadata,identity registry,"Functional subsystem for identity registry in universal foundation and metadata; orchestrates lower-level components, applies policy and emits results plus evidence.",SRC-JSONSCHEMA;SRC-RDF;SRC-PROV;SRC-SPDX,cross-standard,candidate,research-seed,True,
AXM-00-FOUNDATION-O-002-schema-registry,organ,00-foundation,Universal foundation and metadata,schema registry,"Functional subsystem for schema registry in universal foundation and metadata; orchestrates lower-level components, applies policy and emits results plus evidence.",SRC-JSONSCHEMA;SRC-RDF;SRC-PROV;SRC-SPDX,cross-standard,candidate,research-seed,True,
AXM-00-FOUNDATION-O-003-metadata-manager,organ,00-foundation,Universal foundation and metadata,metadata manager,"Functional subsystem for metadata manager in universal foundation and metadata; orchestrates lower-level components, applies policy and emits results plus evidence.",SRC-JSONSCHEMA;SRC-RDF;SRC-PROV;SRC-SPDX,cross-standard,candidate,research-seed,True,
AXM-00-FOUNDATION-O-004-version-manager,organ,00-foundation,Universal foundation and metadata,version manager,"Functional subsystem for version manager in universal foundation and metadata; orchestrates lower-level components, applies policy and emits results plus evidence.",SRC-JSONSCHEMA;SRC-RDF;SRC-PROV;SRC-SPDX,cross-standard,candidate,research-seed,True,
AXM-00-FOUNDATION-O-005-capability-registry,organ,00-foundation,Universal foundation and metadata,capability registry,"Functional subsystem for capability registry in universal foundation and metadata; orchestrates lower-level components, applies policy and emits results plus evidence.",SRC-JSONSCHEMA;SRC-RDF;SRC-PROV;SRC-SPDX,cross-standard,candidate,research-seed,True,
AXM-00-FOUNDATION-O-006-dependency-resolver,organ,00-foundation,Universal foundation and metadata,dependency resolver,"Functional subsystem for dependency resolver in universal foundation and metadata; orchestrates lower-level components, applies policy and emits results plus evidence.",SRC-JSONSCHEMA;SRC-RDF;SRC-PROV;SRC-SPDX,cross-standard,candidate,research-seed,True,
AXM-00-FOUNDATION-O-007-extension-manager,organ,00-foundation,Universal foundation and metadata,extension manager,"Functional subsystem for extension manager in universal foundation and metadata; orchestrates lower-level components, applies policy and emits results plus evidence.",SRC-JSONSCHEMA;SRC-RDF;SRC-PROV;SRC-SPDX,cross-standard,candidate,research-seed,True,
AXM-00-FOUNDATION-O-008-compatibility-checker,organ,00-foundation,Universal foundation and metadata,compatibility checker,"Functional subsystem for compatibility checker in universal foundation and metadata; orchestrates lower-level components, applies policy and emits results plus evidence.",SRC-JSONSCHEMA;SRC-RDF;SRC-PROV;SRC-SPDX,cross-standard,candidate,research-seed,True,
AXM-00-FOUNDATION-O-009-migration-manager,organ,00-foundation,Universal foundation and metadata,migration manager,"Functional subsystem for migration manager in universal foundation and metadata; orchestrates lower-level components, applies policy and emits results plus evidence.",SRC-JSONSCHEMA;SRC-RDF;SRC-PROV;SRC-SPDX,cross-standard,candidate,research-seed,True,
AXM-00-FOUNDATION-O-010-canonicalization-organ,organ,00-foundation,Universal foundation and metadata,canonicalization organ,"Functional subsystem for canonicalization organ in universal foundation and metadata; orchestrates lower-level components, applies policy and emits results plus evidence.",SRC-JSONSCHEMA;SRC-RDF;SRC-PROV;SRC-SPDX,cross-standard,candidate,research-seed,True,
AXM-00-FOUNDATION-O-011-relationship-graph-manager,organ,00-foundation,Universal foundation and metadata,relationship graph manager,"Functional subsystem for relationship graph manager in universal foundation and metadata; orchestrates lower-level components, applies policy and emits results plus evidence.",SRC-JSONSCHEMA;SRC-RDF;SRC-PROV;SRC-SPDX,cross-standard,candidate,research-seed,True,
AXM-00-FOUNDATION-O-012-interface-validator,organ,00-foundation,Universal foundation and metadata,interface validator,"Functional subsystem for interface validator in universal foundation and metadata; orchestrates lower-level components, applies policy and emits results plus evidence.",SRC-JSONSCHEMA;SRC-RDF;SRC-PROV;SRC-SPDX,cross-standard,candidate,research-seed,True,
AXM-01-PROVENANCE-A-001-entity-reference,atom,01-provenance,Provenance rights consent and evidence,entity reference,"Smallest independently addressable entity reference unit in provenance rights consent and evidence, intended to be typed, referenced, transformed or validated without requiring a whole finished asset.",SRC-PROV;SRC-SPDX;SRC-SLSA;SRC-CYCLONEDX,cross-standard,candidate,research-seed,True,
AXM-01-PROVENANCE-A-002-activity-reference,atom,01-provenance,Provenance rights consent and evidence,activity reference,"Smallest independently addressable activity reference unit in provenance rights consent and evidence, intended to be typed, referenced, transformed or validated without requiring a whole finished asset.",SRC-PROV;SRC-SPDX;SRC-SLSA;SRC-CYCLONEDX,cross-standard,candidate,research-seed,True,
AXM-01-PROVENANCE-A-003-agent-reference,atom,01-provenance,Provenance rights consent and evidence,agent reference,"Smallest independently addressable agent reference unit in provenance rights consent and evidence, intended to be typed, referenced, transformed or validated without requiring a whole finished asset.",SRC-PROV;SRC-SPDX;SRC-SLSA;SRC-CYCLONEDX,cross-standard,candidate,research-seed,True,
AXM-01-PROVENANCE-A-004-generation-assertion,atom,01-provenance,Provenance rights consent and evidence,generation assertion,"Smallest independently addressable generation assertion unit in provenance rights consent and evidence, intended to be typed, referenced, transformed or validated without requiring a whole finished asset.",SRC-PROV;SRC-SPDX;SRC-SLSA;SRC-CYCLONEDX,cross-standard,candidate,research-seed,True,
AXM-01-PROVENANCE-A-005-usage-assertion,atom,01-provenance,Provenance rights consent and evidence,usage assertion,"Smallest independently addressable usage assertion unit in provenance rights consent and evidence, intended to be typed, referenced, transformed or validated without requiring a whole finished asset.",SRC-PROV;SRC-SPDX;SRC-SLSA;SRC-CYCLONEDX,cross-standard,candidate,research-seed,True,
AXM-01-PROVENANCE-A-006-derivation-assertion,atom,01-provenance,Provenance rights consent and evidence,derivation assertion,"Smallest independently addressable derivation assertion unit in provenance rights consent and evidence, intended to be typed, referenced, transformed or validated without requiring a whole finished asset.",SRC-PROV;SRC-SPDX;SRC-SLSA;SRC-CYCLONEDX,cross-standard,candidate,research-seed,True,
AXM-01-PROVENANCE-A-007-attribution,atom,01-provenance,Provenance rights consent and evidence,attribution,"Smallest independently addressable attribution unit in provenance rights consent and evidence, intended to be typed, referenced, transformed or validated without requiring a whole finished asset.",SRC-PROV;SRC-SPDX;SRC-SLSA;SRC-CYCLONEDX,cross-standard,candidate,research-seed,True,
AXM-01-PROVENANCE-A-008-association,atom,01-provenance,Provenance rights consent and evidence,association,"Smallest independently addressable association unit in provenance rights consent and evidence, intended to be typed, referenced, transformed or validated without requiring a whole finished asset.",SRC-PROV;SRC-SPDX;SRC-SLSA;SRC-CYCLONEDX,cross-standard,candidate,research-seed,True,
AXM-01-PROVENANCE-A-009-delegation,atom,01-provenance,Provenance rights consent and evidence,delegation,"Smallest independently addressable delegation unit in provenance rights consent and evidence, intended to be typed, referenced, transformed or validated without requiring a whole finished asset.",SRC-PROV;SRC-SPDX;SRC-SLSA;SRC-CYCLONEDX,cross-standard,candidate,research-seed,True,
AXM-01-PROVENANCE-A-010-source-citation,atom,01-provenance,Provenance rights consent and evidence,source citation,"Smallest independently addressable source citation unit in provenance rights consent and evidence, intended to be typed, referenced, transformed or validated without requiring a whole finished asset.",SRC-PROV;SRC-SPDX;SRC-SLSA;SRC-CYCLONEDX,cross-standard,candidate,research-seed,True,
AXM-01-PROVENANCE-A-011-evidence-item,atom,01-provenance,Provenance rights consent and evidence,evidence item,"Smallest independently addressable evidence item unit in provenance rights consent and evidence, intended to be typed, referenced, transformed or validated without requiring a whole finished asset.",SRC-PROV;SRC-SPDX;SRC-SLSA;SRC-CYCLONEDX,cross-standard,candidate,research-seed,True,
AXM-01-PROVENANCE-A-012-observation,atom,01-provenance,Provenance rights consent and evidence,observation,"Smallest independently addressable observation unit in provenance rights consent and evidence, intended to be typed, referenced, transformed or validated without requiring a whole finished asset.",SRC-PROV;SRC-SPDX;SRC-SLSA;SRC-CYCLONEDX,cross-standard,candidate,research-seed,True,
AXM-01-PROVENANCE-A-013-claim,atom,01-provenance,Provenance rights consent and evidence,claim,"Smallest independently addressable claim unit in provenance rights consent and evidence, intended to be typed, referenced, transformed or validated without requiring a whole finished asset.",SRC-PROV;SRC-SPDX;SRC-SLSA;SRC-CYCLONEDX,cross-standard,candidate,research-seed,True,
AXM-01-PROVENANCE-A-014-test-result-reference,atom,01-provenance,Provenance rights consent and evidence,test result reference,"Smallest independently addressable test result reference unit in provenance rights consent and evidence, intended to be typed, referenced, transformed or validated without requiring a whole finished asset.",SRC-PROV;SRC-SPDX;SRC-SLSA;SRC-CYCLONEDX,cross-standard,candidate,research-seed,True,
AXM-01-PROVENANCE-A-015-usage-event-reference,atom,01-provenance,Provenance rights consent and evidence,usage event reference,"Smallest independently addressable usage event reference unit in provenance rights consent and evidence, intended to be typed, referenced, transformed or validated without requiring a whole finished asset.",SRC-PROV;SRC-SPDX;SRC-SLSA;SRC-CYCLONEDX,cross-standard,candidate,research-seed,True,
AXM-01-PROVENANCE-A-016-license-expression,atom,01-provenance,Provenance rights consent and evidence,license expression,"Smallest independently addressable license expression unit in provenance rights consent and evidence, intended to be typed, referenced, transformed or validated without requiring a whole finished asset.",SRC-PROV;SRC-SPDX;SRC-SLSA;SRC-CYCLONEDX,cross-standard,candidate,research-seed,True,
AXM-01-PROVENANCE-A-017-copyright-notice,atom,01-provenance,Provenance rights consent and evidence,copyright notice,"Smallest independently addressable copyright notice unit in provenance rights consent and evidence, intended to be typed, referenced, transformed or validated without requiring a whole finished asset.",SRC-PROV;SRC-SPDX;SRC-SLSA;SRC-CYCLONEDX,cross-standard,candidate,research-seed,True,
AXM-01-PROVENANCE-A-018-creator,atom,01-provenance,Provenance rights consent and evidence,creator,"Smallest independently addressable creator unit in provenance rights consent and evidence, intended to be typed, referenced, transformed or validated without requiring a whole finished asset.",SRC-PROV;SRC-SPDX;SRC-SLSA;SRC-CYCLONEDX,cross-standard,candidate,research-seed,True,
AXM-01-PROVENANCE-A-019-contributor,atom,01-provenance,Provenance rights consent and evidence,contributor,"Smallest independently addressable contributor unit in provenance rights consent and evidence, intended to be typed, referenced, transformed or validated without requiring a whole finished asset.",SRC-PROV;SRC-SPDX;SRC-SLSA;SRC-CYCLONEDX,cross-standard,candidate,research-seed,True,
AXM-01-PROVENANCE-A-020-publisher,atom,01-provenance,Provenance rights consent and evidence,publisher,"Smallest independently addressable publisher unit in provenance rights consent and evidence, intended to be typed, referenced, transformed or validated without requiring a whole finished asset.",SRC-PROV;SRC-SPDX;SRC-SLSA;SRC-CYCLONEDX,cross-standard,candidate,research-seed,True,
AXM-01-PROVENANCE-A-021-creation-time,atom,01-provenance,Provenance rights consent and evidence,creation time,"Smallest independently addressable creation time unit in provenance rights consent and evidence, intended to be typed, referenced, transformed or validated without requiring a whole finished asset.",SRC-PROV;SRC-SPDX;SRC-SLSA;SRC-CYCLONEDX,cross-standard,candidate,research-seed,True,
AXM-01-PROVENANCE-A-022-modification-time,atom,01-provenance,Provenance rights consent and evidence,modification time,"Smallest independently addressable modification time unit in provenance rights consent and evidence, intended to be typed, referenced, transformed or validated without requiring a whole finished asset.",SRC-PROV;SRC-SPDX;SRC-SLSA;SRC-CYCLONEDX,cross-standard,candidate,research-seed,True,
AXM-01-PROVENANCE-A-023-chain-of-custody-step,atom,01-provenance,Provenance rights consent and evidence,chain-of-custody step,"Smallest independently addressable chain-of-custody step unit in provenance rights consent and evidence, intended to be typed, referenced, transformed or validated without requiring a whole finished asset.",SRC-PROV;SRC-SPDX;SRC-SLSA;SRC-CYCLONEDX,cross-standard,candidate,research-seed,True,
AXM-01-PROVENANCE-A-024-provenance-timestamp,atom,01-provenance,Provenance rights consent and evidence,provenance timestamp,"Smallest independently addressable provenance timestamp unit in provenance rights consent and evidence, intended to be typed, referenced, transformed or validated without requiring a whole finished asset.",SRC-PROV;SRC-SPDX;SRC-SLSA;SRC-CYCLONEDX,cross-standard,candidate,research-seed,True,
AXM-01-PROVENANCE-A-025-approval,atom,01-provenance,Provenance rights consent and evidence,approval,"Smallest independently addressable approval unit in provenance rights consent and evidence, intended to be typed, referenced, transformed or validated without requiring a whole finished asset.",SRC-PROV;SRC-SPDX;SRC-SLSA;SRC-CYCLONEDX,cross-standard,candidate,research-seed,True,
AXM-01-PROVENANCE-A-026-rejection,atom,01-provenance,Provenance rights consent and evidence,rejection,"Smallest independently addressable rejection unit in provenance rights consent and evidence, intended to be typed, referenced, transformed or validated without requiring a whole finished asset.",SRC-PROV;SRC-SPDX;SRC-SLSA;SRC-CYCLONEDX,cross-standard,candidate,research-seed,True,
AXM-01-PROVENANCE-A-027-dissent-record,atom,01-provenance,Provenance rights consent and evidence,dissent record,"Smallest independently addressable dissent record unit in provenance rights consent and evidence, intended to be typed, referenced, transformed or validated without requiring a whole finished asset.",SRC-PROV;SRC-SPDX;SRC-SLSA;SRC-CYCLONEDX,cross-standard,candidate,research-seed,True,
AXM-01-PROVENANCE-A-028-rollback-anchor,atom,01-provenance,Provenance rights consent and evidence,rollback anchor,"Smallest independently addressable rollback anchor unit in provenance rights consent and evidence, intended to be typed, referenced, transformed or validated without requiring a whole finished asset.",SRC-PROV;SRC-SPDX;SRC-SLSA;SRC-CYCLONEDX,cross-standard,candidate,research-seed,True,
AXM-01-PROVENANCE-A-029-append-only-log-pointer,atom,01-provenance,Provenance rights consent and evidence,append-only log pointer,"Smallest independently addressable append-only log pointer unit in provenance rights consent and evidence, intended to be typed, referenced, transformed or validated without requiring a whole finished asset.",SRC-PROV;SRC-SPDX;SRC-SLSA;SRC-CYCLONEDX,cross-standard,candidate,research-seed,True,
AXM-01-PROVENANCE-A-030-retention-rule,atom,01-provenance,Provenance rights consent and evidence,retention rule,"Smallest independently addressable retention rule unit in provenance rights consent and evidence, intended to be typed, referenced, transformed or validated without requiring a whole finished asset.",SRC-PROV;SRC-SPDX;SRC-SLSA;SRC-CYCLONEDX,cross-standard,candidate,research-seed,True,
AXM-01-PROVENANCE-A-031-privacy-classification,atom,01-provenance,Provenance rights consent and evidence,privacy classification,"Smallest independently addressable privacy classification unit in provenance rights consent and evidence, intended to be typed, referenced, transformed or validated without requiring a whole finished asset.",SRC-PROV;SRC-SPDX;SRC-SLSA;SRC-CYCLONEDX,cross-standard,candidate,research-seed,True,
AXM-01-PROVENANCE-A-032-consent-state,atom,01-provenance,Provenance rights consent and evidence,consent state,"Smallest independently addressable consent state unit in provenance rights consent and evidence, intended to be typed, referenced, transformed or validated without requiring a whole finished asset.",SRC-PROV;SRC-SPDX;SRC-SLSA;SRC-CYCLONEDX,cross-standard,candidate,research-seed,True,
AXM-01-PROVENANCE-A-033-evidence-confidence,atom,01-provenance,Provenance rights consent and evidence,evidence confidence,"Smallest independently addressable evidence confidence unit in provenance rights consent and evidence, intended to be typed, referenced, transformed or validated without requiring a whole finished asset.",SRC-PROV;SRC-SPDX;SRC-SLSA;SRC-CYCLONEDX,cross-standard,candidate,research-seed,True,
AXM-01-PROVENANCE-A-034-source-integrity-state,atom,01-provenance,Provenance rights consent and evidence,source integrity state,"Smallest independently addressable source integrity state unit in provenance rights consent and evidence, intended to be typed, referenced, transformed or validated without requiring a whole finished asset.",SRC-PROV;SRC-SPDX;SRC-SLSA;SRC-CYCLONEDX,cross-standard,candidate,research-seed,True,
AXM-01-PROVENANCE-A-035-transformation-record-reference,atom,01-provenance,Provenance rights consent and evidence,transformation record reference,"Smallest independently addressable transformation record reference unit in provenance rights consent and evidence, intended to be typed, referenced, transformed or validated without requiring a whole finished asset.",SRC-PROV;SRC-SPDX;SRC-SLSA;SRC-CYCLONEDX,cross-standard,candidate,research-seed,True,
AXM-01-PROVENANCE-C-001-provenance-graph,component,01-provenance,Provenance rights consent and evidence,provenance graph,"Reusable provenance graph assembly in provenance rights consent and evidence, with a bounded role and an interface that can be tested independently.",SRC-PROV;SRC-SPDX;SRC-SLSA;SRC-CYCLONEDX,cross-standard,candidate,research-seed,True,
AXM-01-PROVENANCE-C-002-evidence-packet,component,01-provenance,Provenance rights consent and evidence,evidence packet,"Reusable evidence packet assembly in provenance rights consent and evidence, with a bounded role and an interface that can be tested independently.",SRC-PROV;SRC-SPDX;SRC-SLSA;SRC-CYCLONEDX,cross-standard,candidate,research-seed,True,
AXM-01-PROVENANCE-C-003-source-bundle,component,01-provenance,Provenance rights consent and evidence,source bundle,"Reusable source bundle assembly in provenance rights consent and evidence, with a bounded role and an interface that can be tested independently.",SRC-PROV;SRC-SPDX;SRC-SLSA;SRC-CYCLONEDX,cross-standard,candidate,research-seed,True,
AXM-01-PROVENANCE-C-004-license-record,component,01-provenance,Provenance rights consent and evidence,license record,"Reusable license record assembly in provenance rights consent and evidence, with a bounded role and an interface that can be tested independently.",SRC-PROV;SRC-SPDX;SRC-SLSA;SRC-CYCLONEDX,cross-standard,candidate,research-seed,True,
AXM-01-PROVENANCE-C-005-software-bill-of-materials,component,01-provenance,Provenance rights consent and evidence,software bill of materials,"Reusable software bill of materials assembly in provenance rights consent and evidence, with a bounded role and an interface that can be tested independently.",SRC-PROV;SRC-SPDX;SRC-SLSA;SRC-CYCLONEDX,cross-standard,candidate,research-seed,True,
AXM-01-PROVENANCE-C-006-build-attestation,component,01-provenance,Provenance rights consent and evidence,build attestation,"Reusable build attestation assembly in provenance rights consent and evidence, with a bounded role and an interface that can be tested independently.",SRC-PROV;SRC-SPDX;SRC-SLSA;SRC-CYCLONEDX,cross-standard,candidate,research-seed,True,
AXM-01-PROVENANCE-C-007-usage-receipt,component,01-provenance,Provenance rights consent and evidence,usage receipt,"Reusable usage receipt assembly in provenance rights consent and evidence, with a bounded role and an interface that can be tested independently.",SRC-PROV;SRC-SPDX;SRC-SLSA;SRC-CYCLONEDX,cross-standard,candidate,research-seed,True,
AXM-01-PROVENANCE-C-008-audit-event,component,01-provenance,Provenance rights consent and evidence,audit event,"Reusable audit event assembly in provenance rights consent and evidence, with a bounded role and an interface that can be tested independently.",SRC-PROV;SRC-SPDX;SRC-SLSA;SRC-CYCLONEDX,cross-standard,candidate,research-seed,True,
AXM-01-PROVENANCE-C-009-review-decision,component,01-provenance,Provenance rights consent and evidence,review decision,"Reusable review decision assembly in provenance rights consent and evidence, with a bounded role and an interface that can be tested independently.",SRC-PROV;SRC-SPDX;SRC-SLSA;SRC-CYCLONEDX,cross-standard,candidate,research-seed,True,
AXM-01-PROVENANCE-C-010-rights-bundle,component,01-provenance,Provenance rights consent and evidence,rights bundle,"Reusable rights bundle assembly in provenance rights consent and evidence, with a bounded role and an interface that can be tested independently.",SRC-PROV;SRC-SPDX;SRC-SLSA;SRC-CYCLONEDX,cross-standard,candidate,research-seed,True,
AXM-01-PROVENANCE-C-011-attribution-bundle,component,01-provenance,Provenance rights consent and evidence,attribution bundle,"Reusable attribution bundle assembly in provenance rights consent and evidence, with a bounded role and an interface that can be tested independently.",SRC-PROV;SRC-SPDX;SRC-SLSA;SRC-CYCLONEDX,cross-standard,candidate,research-seed,True,
AXM-01-PROVENANCE-C-012-chain-of-custody-record,component,01-provenance,Provenance rights consent and evidence,chain-of-custody record,"Reusable chain-of-custody record assembly in provenance rights consent and evidence, with a bounded role and an interface that can be tested independently.",SRC-PROV;SRC-SPDX;SRC-SLSA;SRC-CYCLONEDX,cross-standard,candidate,research-seed,True,
AXM-01-PROVENANCE-C-013-consent-record,component,01-provenance,Provenance rights consent and evidence,consent record,"Reusable consent record assembly in provenance rights consent and evidence, with a bounded role and an interface that can be tested independently.",SRC-PROV;SRC-SPDX;SRC-SLSA;SRC-CYCLONEDX,cross-standard,candidate,research-seed,True,
AXM-01-PROVENANCE-C-014-rollback-snapshot,component,01-provenance,Provenance rights consent and evidence,rollback snapshot,"Reusable rollback snapshot assembly in provenance rights consent and evidence, with a bounded role and an interface that can be tested independently.",SRC-PROV;SRC-SPDX;SRC-SLSA;SRC-CYCLONEDX,cross-standard,candidate,research-seed,True,
AXM-01-PROVENANCE-C-015-dissent-log,component,01-provenance,Provenance rights consent and evidence,dissent log,"Reusable dissent log assembly in provenance rights consent and evidence, with a bounded role and an interface that can be tested independently.",SRC-PROV;SRC-SPDX;SRC-SLSA;SRC-CYCLONEDX,cross-standard,candidate,research-seed,True,
AXM-01-PROVENANCE-C-016-trust-policy,component,01-provenance,Provenance rights consent and evidence,trust policy,"Reusable trust policy assembly in provenance rights consent and evidence, with a bounded role and an interface that can be tested independently.",SRC-PROV;SRC-SPDX;SRC-SLSA;SRC-CYCLONEDX,cross-standard,candidate,research-seed,True,
AXM-01-PROVENANCE-C-017-publication-record,component,01-provenance,Provenance rights consent and evidence,publication record,"Reusable publication record assembly in provenance rights consent and evidence, with a bounded role and an interface that can be tested independently.",SRC-PROV;SRC-SPDX;SRC-SLSA;SRC-CYCLONEDX,cross-standard,candidate,research-seed,True,
AXM-01-PROVENANCE-C-018-transformation-history,component,01-provenance,Provenance rights consent and evidence,transformation history,"Reusable transformation history assembly in provenance rights consent and evidence, with a bounded role and an interface that can be tested independently.",SRC-PROV;SRC-SPDX;SRC-SLSA;SRC-CYCLONEDX,cross-standard,candidate,research-seed,True,
AXM-01-PROVENANCE-C-019-source-manifest,component,01-provenance,Provenance rights consent and evidence,source manifest,"Reusable source manifest assembly in provenance rights consent and evidence, with a bounded role and an interface that can be tested independently.",SRC-PROV;SRC-SPDX;SRC-SLSA;SRC-CYCLONEDX,cross-standard,candidate,research-seed,True,
AXM-01-PROVENANCE-O-001-provenance-ledger,organ,01-provenance,Provenance rights consent and evidence,provenance ledger,"Functional subsystem for provenance ledger in provenance rights consent and evidence; orchestrates lower-level components, applies policy and emits results plus evidence.",SRC-PROV;SRC-SPDX;SRC-SLSA;SRC-CYCLONEDX,cross-standard,candidate,research-seed,True,
AXM-01-PROVENANCE-O-002-evidence-collector,organ,01-provenance,Provenance rights consent and evidence,evidence collector,"Functional subsystem for evidence collector in provenance rights consent and evidence; orchestrates lower-level components, applies policy and emits results plus evidence.",SRC-PROV;SRC-SPDX;SRC-SLSA;SRC-CYCLONEDX,cross-standard,candidate,research-seed,True,
AXM-01-PROVENANCE-O-003-rights-and-licensing-checker,organ,01-provenance,Provenance rights consent and evidence,rights and licensing checker,"Functional subsystem for rights and licensing checker in provenance rights consent and evidence; orchestrates lower-level components, applies policy and emits results plus evidence.",SRC-PROV;SRC-SPDX;SRC-SLSA;SRC-CYCLONEDX,cross-standard,candidate,research-seed,True,
AXM-01-PROVENANCE-O-004-attestation-builder,organ,01-provenance,Provenance rights consent and evidence,attestation builder,"Functional subsystem for attestation builder in provenance rights consent and evidence; orchestrates lower-level components, applies policy and emits results plus evidence.",SRC-PROV;SRC-SPDX;SRC-SLSA;SRC-CYCLONEDX,cross-standard,candidate,research-seed,True,
AXM-01-PROVENANCE-O-005-source-integrity-verifier,organ,01-provenance,Provenance rights consent and evidence,source-integrity verifier,"Functional subsystem for source-integrity verifier in provenance rights consent and evidence; orchestrates lower-level components, applies policy and emits results plus evidence.",SRC-PROV;SRC-SPDX;SRC-SLSA;SRC-CYCLONEDX,cross-standard,candidate,research-seed,True,
AXM-01-PROVENANCE-O-006-consent-manager,organ,01-provenance,Provenance rights consent and evidence,consent manager,"Functional subsystem for consent manager in provenance rights consent and evidence; orchestrates lower-level components, applies policy and emits results plus evidence.",SRC-PROV;SRC-SPDX;SRC-SLSA;SRC-CYCLONEDX,cross-standard,candidate,research-seed,True,
AXM-01-PROVENANCE-O-007-audit-logger,organ,01-provenance,Provenance rights consent and evidence,audit logger,"Functional subsystem for audit logger in provenance rights consent and evidence; orchestrates lower-level components, applies policy and emits results plus evidence.",SRC-PROV;SRC-SPDX;SRC-SLSA;SRC-CYCLONEDX,cross-standard,candidate,research-seed,True,
AXM-01-PROVENANCE-O-008-usage-evidence-manager,organ,01-provenance,Provenance rights consent and evidence,usage-evidence manager,"Functional subsystem for usage-evidence manager in provenance rights consent and evidence; orchestrates lower-level components, applies policy and emits results plus evidence.",SRC-PROV;SRC-SPDX;SRC-SLSA;SRC-CYCLONEDX,cross-standard,candidate,research-seed,True,
AXM-01-PROVENANCE-O-009-rollback-and-recovery-manager,organ,01-provenance,Provenance rights consent and evidence,rollback and recovery manager,"Functional subsystem for rollback and recovery manager in provenance rights consent and evidence; orchestrates lower-level components, applies policy and emits results plus evidence.",SRC-PROV;SRC-SPDX;SRC-SLSA;SRC-CYCLONEDX,cross-standard,candidate,research-seed,True,
AXM-01-PROVENANCE-O-010-publication-gate,organ,01-provenance,Provenance rights consent and evidence,publication gate,"Functional subsystem for publication gate in provenance rights consent and evidence; orchestrates lower-level components, applies policy and emits results plus evidence.",SRC-PROV;SRC-SPDX;SRC-SLSA;SRC-CYCLONEDX,cross-standard,candidate,research-seed,True,
AXM-01-PROVENANCE-O-011-source-citation-manager,organ,01-provenance,Provenance rights consent and evidence,source citation manager,"Functional subsystem for source citation manager in provenance rights consent and evidence; orchestrates lower-level components, applies policy and emits results plus evidence.",SRC-PROV;SRC-SPDX;SRC-SLSA;SRC-CYCLONEDX,cross-standard,candidate,research-seed,True,
AXM-01-PROVENANCE-O-012-chain-of-custody-manager,organ,01-provenance,Provenance rights consent and evidence,chain-of-custody manager,"Functional subsystem for chain-of-custody manager in provenance rights consent and evidence; orchestrates lower-level components, applies policy and emits results plus evidence.",SRC-PROV;SRC-SPDX;SRC-SLSA;SRC-CYCLONEDX,cross-standard,candidate,research-seed,True,
AXM-02-DATA-MATH-A-001-bit,atom,02-data-math,Data mathematical and structural primitives,bit,"Smallest independently addressable bit unit in data mathematical and structural primitives, intended to be typed, referenced, transformed or validated without requiring a whole finished asset.",SRC-JSONSCHEMA;SRC-RDF;SRC-ONNX;SRC-CSSVALUES,cross-standard,candidate,research-seed,True,
AXM-02-DATA-MATH-A-002-byte,atom,02-data-math,Data mathematical and structural primitives,byte,"Smallest independently addressable byte unit in data mathematical and structural primitives, intended to be typed, referenced, transformed or validated without requiring a whole finished asset.",SRC-JSONSCHEMA;SRC-RDF;SRC-ONNX;SRC-CSSVALUES,cross-standard,candidate,research-seed,True,
AXM-02-DATA-MATH-A-003-symbol,atom,02-data-math,Data mathematical and structural primitives,symbol,"Smallest independently addressable symbol unit in data mathematical and structural primitives, intended to be typed, referenced, transformed or validated without requiring a whole finished asset.",SRC-JSONSCHEMA;SRC-RDF;SRC-ONNX;SRC-CSSVALUES,cross-standard,candidate,research-seed,True,
AXM-02-DATA-MATH-A-004-scalar,atom,02-data-math,Data mathematical and structural primitives,scalar,"Smallest independently addressable scalar unit in data mathematical and structural primitives, intended to be typed, referenced, transformed or validated without requiring a whole finished asset.",SRC-JSONSCHEMA;SRC-RDF;SRC-ONNX;SRC-CSSVALUES,cross-standard,candidate,research-seed,True,
AXM-02-DATA-MATH-A-005-vector-element,atom,02-data-math,Data mathematical and structural primitives,vector element,"Smallest independently addressable vector element unit in data mathematical and structural primitives, intended to be typed, referenced, transformed or validated without requiring a whole finished asset.",SRC-JSONSCHEMA;SRC-RDF;SRC-ONNX;SRC-CSSVALUES,cross-standard,candidate,research-seed,True,
AXM-02-DATA-MATH-A-006-matrix-element,atom,02-data-math,Data mathematical and structural primitives,matrix element,"Smallest independently addressable matrix element unit in data mathematical and structural primitives, intended to be typed, referenced, transformed or validated without requiring a whole finished asset.",SRC-JSONSCHEMA;SRC-RDF;SRC-ONNX;SRC-CSSVALUES,cross-standard,candidate,research-seed,True,
AXM-02-DATA-MATH-A-007-tensor-element,atom,02-data-math,Data mathematical and structural primitives,tensor element,"Smallest independently addressable tensor element unit in data mathematical and structural primitives, intended to be typed, referenced, transformed or validated without requiring a whole finished asset.",SRC-JSONSCHEMA;SRC-RDF;SRC-ONNX;SRC-CSSVALUES,cross-standard,candidate,research-seed,True,
AXM-02-DATA-MATH-A-008-tensor-index,atom,02-data-math,Data mathematical and structural primitives,tensor index,"Smallest independently addressable tensor index unit in data mathematical and structural primitives, intended to be typed, referenced, transformed or validated without requiring a whole finished asset.",SRC-JSONSCHEMA;SRC-RDF;SRC-ONNX;SRC-CSSVALUES,cross-standard,candidate,research-seed,True,
AXM-02-DATA-MATH-A-009-coordinate,atom,02-data-math,Data mathematical and structural primitives,coordinate,"Smallest independently addressable coordinate unit in data mathematical and structural primitives, intended to be typed, referenced, transformed or validated without requiring a whole finished asset.",SRC-JSONSCHEMA;SRC-RDF;SRC-ONNX;SRC-CSSVALUES,cross-standard,candidate,research-seed,True,
AXM-02-DATA-MATH-A-010-axis,atom,02-data-math,Data mathematical and structural primitives,axis,"Smallest independently addressable axis unit in data mathematical and structural primitives, intended to be typed, referenced, transformed or validated without requiring a whole finished asset.",SRC-JSONSCHEMA;SRC-RDF;SRC-ONNX;SRC-CSSVALUES,cross-standard,candidate,research-seed,True,
AXM-02-DATA-MATH-A-011-origin,atom,02-data-math,Data mathematical and structural primitives,origin,"Smallest independently addressable origin unit in data mathematical and structural primitives, intended to be typed, referenced, transformed or validated without requiring a whole finished asset.",SRC-JSONSCHEMA;SRC-RDF;SRC-ONNX;SRC-CSSVALUES,cross-standard,candidate,research-seed,True,
AXM-02-DATA-MATH-A-012-basis-vector,atom,02-data-math,Data mathematical and structural primitives,basis vector,"Smallest independently addressable basis vector unit in data mathematical and structural primitives, intended to be typed, referenced, transformed or validated without requiring a whole finished asset.",SRC-JSONSCHEMA;SRC-RDF;SRC-ONNX;SRC-CSSVALUES,cross-standard,candidate,research-seed,True,
AXM-02-DATA-MATH-A-013-quaternion-component,atom,02-data-math,Data mathematical and structural primitives,quaternion component,"Smallest independently addressable quaternion component unit in data mathematical and structural primitives, intended to be typed, referenced, transformed or validated without requiring a whole finished asset.",SRC-JSONSCHEMA;SRC-RDF;SRC-ONNX;SRC-CSSVALUES,cross-standard,candidate,research-seed,True,
AXM-02-DATA-MATH-A-014-complex-number-component,atom,02-data-math,Data mathematical and structural primitives,complex-number component,"Smallest independently addressable complex-number component unit in data mathematical and structural primitives, intended to be typed, referenced, transformed or validated without requiring a whole finished asset.",SRC-JSONSCHEMA;SRC-RDF;SRC-ONNX;SRC-CSSVALUES,cross-standard,candidate,research-seed,True,
AXM-02-DATA-MATH-A-015-interval-endpoint,atom,02-data-math,Data mathematical and structural primitives,interval endpoint,"Smallest independently addressable interval endpoint unit in data mathematical and structural primitives, intended to be typed, referenced, transformed or validated without requiring a whole finished asset.",SRC-JSONSCHEMA;SRC-RDF;SRC-ONNX;SRC-CSSVALUES,cross-standard,candidate,research-seed,True,
AXM-02-DATA-MATH-A-016-range-endpoint,atom,02-data-math,Data mathematical and structural primitives,range endpoint,"Smallest independently addressable range endpoint unit in data mathematical and structural primitives, intended to be typed, referenced, transformed or validated without requiring a whole finished asset.",SRC-JSONSCHEMA;SRC-RDF;SRC-ONNX;SRC-CSSVALUES,cross-standard,candidate,research-seed,True,
AXM-02-DATA-MATH-A-017-set-member,atom,02-data-math,Data mathematical and structural primitives,set member,"Smallest independently addressable set member unit in data mathematical and structural primitives, intended to be typed, referenced, transformed or validated without requiring a whole finished asset.",SRC-JSONSCHEMA;SRC-RDF;SRC-ONNX;SRC-CSSVALUES,cross-standard,candidate,research-seed,True,
AXM-02-DATA-MATH-A-018-tuple-item,atom,02-data-math,Data mathematical and structural primitives,tuple item,"Smallest independently addressable tuple item unit in data mathematical and structural primitives, intended to be typed, referenced, transformed or validated without requiring a whole finished asset.",SRC-JSONSCHEMA;SRC-RDF;SRC-ONNX;SRC-CSSVALUES,cross-standard,candidate,research-seed,True,
AXM-02-DATA-MATH-A-019-key,atom,02-data-math,Data mathematical and structural primitives,key,"Smallest independently addressable key unit in data mathematical and structural primitives, intended to be typed, referenced, transformed or validated without requiring a whole finished asset.",SRC-JSONSCHEMA;SRC-RDF;SRC-ONNX;SRC-CSSVALUES,cross-standard,candidate,research-seed,True,
AXM-02-DATA-MATH-A-020-value,atom,02-data-math,Data mathematical and structural primitives,value,"Smallest independently addressable value unit in data mathematical and structural primitives, intended to be typed, referenced, transformed or validated without requiring a whole finished asset.",SRC-JSONSCHEMA;SRC-RDF;SRC-ONNX;SRC-CSSVALUES,cross-standard,candidate,research-seed,True,
AXM-02-DATA-MATH-A-021-pair,atom,02-data-math,Data mathematical and structural primitives,pair,"Smallest independently addressable pair unit in data mathematical and structural primitives, intended to be typed, referenced, transformed or validated without requiring a whole finished asset.",SRC-JSONSCHEMA;SRC-RDF;SRC-ONNX;SRC-CSSVALUES,cross-standard,candidate,research-seed,True,
AXM-02-DATA-MATH-A-022-row-value,atom,02-data-math,Data mathematical and structural primitives,row value,"Smallest independently addressable row value unit in data mathematical and structural primitives, intended to be typed, referenced, transformed or validated without requiring a whole finished asset.",SRC-JSONSCHEMA;SRC-RDF;SRC-ONNX;SRC-CSSVALUES,cross-standard,candidate,research-seed,True,
AXM-02-DATA-MATH-A-023-column-value,atom,02-data-math,Data mathematical and structural primitives,column value,"Smallest independently addressable column value unit in data mathematical and structural primitives, intended to be typed, referenced, transformed or validated without requiring a whole finished asset.",SRC-JSONSCHEMA;SRC-RDF;SRC-ONNX;SRC-CSSVALUES,cross-standard,candidate,research-seed,True,
AXM-02-DATA-MATH-A-024-cell,atom,02-data-math,Data mathematical and structural primitives,cell,"Smallest independently addressable cell unit in data mathematical and structural primitives, intended to be typed, referenced, transformed or validated without requiring a whole finished asset.",SRC-JSONSCHEMA;SRC-RDF;SRC-ONNX;SRC-CSSVALUES,cross-standard,candidate,research-seed,True,
AXM-02-DATA-MATH-A-025-field,atom,02-data-math,Data mathematical and structural primitives,field,"Smallest independently addressable field unit in data mathematical and structural primitives, intended to be typed, referenced, transformed or validated without requiring a whole finished asset.",SRC-JSONSCHEMA;SRC-RDF;SRC-ONNX;SRC-CSSVALUES,cross-standard,candidate,research-seed,True,
AXM-02-DATA-MATH-A-026-tag,atom,02-data-math,Data mathematical and structural primitives,tag,"Smallest independently addressable tag unit in data mathematical and structural primitives, intended to be typed, referenced, transformed or validated without requiring a whole finished asset.",SRC-JSONSCHEMA;SRC-RDF;SRC-ONNX;SRC-CSSVALUES,cross-standard,candidate,research-seed,True,
AXM-02-DATA-MATH-A-027-label,atom,02-data-math,Data mathematical and structural primitives,label,"Smallest independently addressable label unit in data mathematical and structural primitives, intended to be typed, referenced, transformed or validated without requiring a whole finished asset.",SRC-JSONSCHEMA;SRC-RDF;SRC-ONNX;SRC-CSSVALUES,cross-standard,candidate,research-seed,True,
AXM-02-DATA-MATH-A-028-sample,atom,02-data-math,Data mathematical and structural primitives,sample,"Smallest independently addressable sample unit in data mathematical and structural primitives, intended to be typed, referenced, transformed or validated without requiring a whole finished asset.",SRC-JSONSCHEMA;SRC-RDF;SRC-ONNX;SRC-CSSVALUES,cross-standard,candidate,research-seed,True,
AXM-02-DATA-MATH-A-029-distribution-parameter,atom,02-data-math,Data mathematical and structural primitives,distribution parameter,"Smallest independently addressable distribution parameter unit in data mathematical and structural primitives, intended to be typed, referenced, transformed or validated without requiring a whole finished asset.",SRC-JSONSCHEMA;SRC-RDF;SRC-ONNX;SRC-CSSVALUES,cross-standard,candidate,research-seed,True,
AXM-02-DATA-MATH-A-030-probability,atom,02-data-math,Data mathematical and structural primitives,probability,"Smallest independently addressable probability unit in data mathematical and structural primitives, intended to be typed, referenced, transformed or validated without requiring a whole finished asset.",SRC-JSONSCHEMA;SRC-RDF;SRC-ONNX;SRC-CSSVALUES,cross-standard,candidate,research-seed,True,
AXM-02-DATA-MATH-A-031-weight,atom,02-data-math,Data mathematical and structural primitives,weight,"Smallest independently addressable weight unit in data mathematical and structural primitives, intended to be typed, referenced, transformed or validated without requiring a whole finished asset.",SRC-JSONSCHEMA;SRC-RDF;SRC-ONNX;SRC-CSSVALUES,cross-standard,candidate,research-seed,True,
AXM-02-DATA-MATH-A-032-rank,atom,02-data-math,Data mathematical and structural primitives,rank,"Smallest independently addressable rank unit in data mathematical and structural primitives, intended to be typed, referenced, transformed or validated without requiring a whole finished asset.",SRC-JSONSCHEMA;SRC-RDF;SRC-ONNX;SRC-CSSVALUES,cross-standard,candidate,research-seed,True,
AXM-02-DATA-MATH-A-033-shape-dimension,atom,02-data-math,Data mathematical and structural primitives,shape dimension,"Smallest independently addressable shape dimension unit in data mathematical and structural primitives, intended to be typed, referenced, transformed or validated without requiring a whole finished asset.",SRC-JSONSCHEMA;SRC-RDF;SRC-ONNX;SRC-CSSVALUES,cross-standard,candidate,research-seed,True,
AXM-02-DATA-MATH-A-034-stride,atom,02-data-math,Data mathematical and structural primitives,stride,"Smallest independently addressable stride unit in data mathematical and structural primitives, intended to be typed, referenced, transformed or validated without requiring a whole finished asset.",SRC-JSONSCHEMA;SRC-RDF;SRC-ONNX;SRC-CSSVALUES,cross-standard,candidate,research-seed,True,
AXM-02-DATA-MATH-A-035-mask-value,atom,02-data-math,Data mathematical and structural primitives,mask value,"Smallest independently addressable mask value unit in data mathematical and structural primitives, intended to be typed, referenced, transformed or validated without requiring a whole finished asset.",SRC-JSONSCHEMA;SRC-RDF;SRC-ONNX;SRC-CSSVALUES,cross-standard,candidate,research-seed,True,
AXM-02-DATA-MATH-A-036-missing-value,atom,02-data-math,Data mathematical and structural primitives,missing value,"Smallest independently addressable missing value unit in data mathematical and structural primitives, intended to be typed, referenced, transformed or validated without requiring a whole finished asset.",SRC-JSONSCHEMA;SRC-RDF;SRC-ONNX;SRC-CSSVALUES,cross-standard,candidate,research-seed,True,
AXM-02-DATA-MATH-A-037-uncertainty-value,atom,02-data-math,Data mathematical and structural primitives,uncertainty value,"Smallest independently addressable uncertainty value unit in data mathematical and structural primitives, intended to be typed, referenced, transformed or validated without requiring a whole finished asset.",SRC-JSONSCHEMA;SRC-RDF;SRC-ONNX;SRC-CSSVALUES,cross-standard,candidate,research-seed,True,
AXM-02-DATA-MATH-A-038-error-bound,atom,02-data-math,Data mathematical and structural primitives,error bound,"Smallest independently addressable error bound unit in data mathematical and structural primitives, intended to be typed, referenced, transformed or validated without requiring a whole finished asset.",SRC-JSONSCHEMA;SRC-RDF;SRC-ONNX;SRC-CSSVALUES,cross-standard,candidate,research-seed,True,
AXM-02-DATA-MATH-A-039-unit-conversion-factor,atom,02-data-math,Data mathematical and structural primitives,unit conversion factor,"Smallest independently addressable unit conversion factor unit in data mathematical and structural primitives, intended to be typed, referenced, transformed or validated without requiring a whole finished asset.",SRC-JSONSCHEMA;SRC-RDF;SRC-ONNX;SRC-CSSVALUES,cross-standard,candidate,research-seed,True,
AXM-02-DATA-MATH-A-040-formula-token,atom,02-data-math,Data mathematical and structural primitives,formula token,"Smallest independently addressable formula token unit in data mathematical and structural primitives, intended to be typed, referenced, transformed or validated without requiring a whole finished asset.",SRC-JSONSCHEMA;SRC-RDF;SRC-ONNX;SRC-CSSVALUES,cross-standard,candidate,research-seed,True,
AXM-02-DATA-MATH-A-041-operator,atom,02-data-math,Data mathematical and structural primitives,operator,"Smallest independently addressable operator unit in data mathematical and structural primitives, intended to be typed, referenced, transformed or validated without requiring a whole finished asset.",SRC-JSONSCHEMA;SRC-RDF;SRC-ONNX;SRC-CSSVALUES,cross-standard,candidate,research-seed,True,
AXM-02-DATA-MATH-A-042-operand,atom,02-data-math,Data mathematical and structural primitives,operand,"Smallest independently addressable operand unit in data mathematical and structural primitives, intended to be typed, referenced, transformed or validated without requiring a whole finished asset.",SRC-JSONSCHEMA;SRC-RDF;SRC-ONNX;SRC-CSSVALUES,cross-standard,candidate,research-seed,True,
AXM-02-DATA-MATH-A-043-sign,atom,02-data-math,Data mathematical and structural primitives,sign,"Smallest independently addressable sign unit in data mathematical and structural primitives, intended to be typed, referenced, transformed or validated without requiring a whole finished asset.",SRC-JSONSCHEMA;SRC-RDF;SRC-ONNX;SRC-CSSVALUES,cross-standard,candidate,research-seed,True,
AXM-02-DATA-MATH-A-044-magnitude,atom,02-data-math,Data mathematical and structural primitives,magnitude,"Smallest independently addressable magnitude unit in data mathematical and structural primitives, intended to be typed, referenced, transformed or validated without requiring a whole finished asset.",SRC-JSONSCHEMA;SRC-RDF;SRC-ONNX;SRC-CSSVALUES,cross-standard,candidate,research-seed,True,
AXM-02-DATA-MATH-A-045-exponent,atom,02-data-math,Data mathematical and structural primitives,exponent,"Smallest independently addressable exponent unit in data mathematical and structural primitives, intended to be typed, referenced, transformed or validated without requiring a whole finished asset.",SRC-JSONSCHEMA;SRC-RDF;SRC-ONNX;SRC-CSSVALUES,cross-standard,candidate,research-seed,True,
AXM-02-DATA-MATH-A-046-precision,atom,02-data-math,Data mathematical and structural primitives,precision,"Smallest independently addressable precision unit in data mathematical and structural primitives, intended to be typed, referenced, transformed or validated without requiring a whole finished asset.",SRC-JSONSCHEMA;SRC-RDF;SRC-ONNX;SRC-CSSVALUES,cross-standard,candidate,research-seed,True,
AXM-02-DATA-MATH-A-047-scale-factor,atom,02-data-math,Data mathematical and structural primitives,scale factor,"Smallest independently addressable scale factor unit in data mathematical and structural primitives, intended to be typed, referenced, transformed or validated without requiring a whole finished asset.",SRC-JSONSCHEMA;SRC-RDF;SRC-ONNX;SRC-CSSVALUES,cross-standard,candidate,research-seed,True,
AXM-02-DATA-MATH-C-001-array,component,02-data-math,Data mathematical and structural primitives,array,"Reusable array assembly in data mathematical and structural primitives, with a bounded role and an interface that can be tested independently.",SRC-JSONSCHEMA;SRC-RDF;SRC-ONNX;SRC-CSSVALUES,cross-standard,candidate,research-seed,True,
AXM-02-DATA-MATH-C-002-vector,component,02-data-math,Data mathematical and structural primitives,vector,"Reusable vector assembly in data mathematical and structural primitives, with a bounded role and an interface that can be tested independently.",SRC-JSONSCHEMA;SRC-RDF;SRC-ONNX;SRC-CSSVALUES,cross-standard,candidate,research-seed,True,
AXM-02-DATA-MATH-C-003-matrix,component,02-data-math,Data mathematical and structural primitives,matrix,"Reusable matrix assembly in data mathematical and structural primitives, with a bounded role and an interface that can be tested independently.",SRC-JSONSCHEMA;SRC-RDF;SRC-ONNX;SRC-CSSVALUES,cross-standard,candidate,research-seed,True,
AXM-02-DATA-MATH-C-004-tensor,component,02-data-math,Data mathematical and structural primitives,tensor,"Reusable tensor assembly in data mathematical and structural primitives, with a bounded role and an interface that can be tested independently.",SRC-JSONSCHEMA;SRC-RDF;SRC-ONNX;SRC-CSSVALUES,cross-standard,candidate,research-seed,True,
AXM-02-DATA-MATH-C-005-table,component,02-data-math,Data mathematical and structural primitives,table,"Reusable table assembly in data mathematical and structural primitives, with a bounded role and an interface that can be tested independently.",SRC-JSONSCHEMA;SRC-RDF;SRC-ONNX;SRC-CSSVALUES,cross-standard,candidate,research-seed,True,
AXM-02-DATA-MATH-C-006-record,component,02-data-math,Data mathematical and structural primitives,record,"Reusable record assembly in data mathematical and structural primitives, with a bounded role and an interface that can be tested independently.",SRC-JSONSCHEMA;SRC-RDF;SRC-ONNX;SRC-CSSVALUES,cross-standard,candidate,research-seed,True,
AXM-02-DATA-MATH-C-007-map-or-dictionary,component,02-data-math,Data mathematical and structural primitives,map or dictionary,"Reusable map or dictionary assembly in data mathematical and structural primitives, with a bounded role and an interface that can be tested independently.",SRC-JSONSCHEMA;SRC-RDF;SRC-ONNX;SRC-CSSVALUES,cross-standard,candidate,research-seed,True,
AXM-02-DATA-MATH-C-008-set,component,02-data-math,Data mathematical and structural primitives,set,"Reusable set assembly in data mathematical and structural primitives, with a bounded role and an interface that can be tested independently.",SRC-JSONSCHEMA;SRC-RDF;SRC-ONNX;SRC-CSSVALUES,cross-standard,candidate,research-seed,True,
AXM-02-DATA-MATH-C-009-queue,component,02-data-math,Data mathematical and structural primitives,queue,"Reusable queue assembly in data mathematical and structural primitives, with a bounded role and an interface that can be tested independently.",SRC-JSONSCHEMA;SRC-RDF;SRC-ONNX;SRC-CSSVALUES,cross-standard,candidate,research-seed,True,
AXM-02-DATA-MATH-C-010-stack,component,02-data-math,Data mathematical and structural primitives,stack,"Reusable stack assembly in data mathematical and structural primitives, with a bounded role and an interface that can be tested independently.",SRC-JSONSCHEMA;SRC-RDF;SRC-ONNX;SRC-CSSVALUES,cross-standard,candidate,research-seed,True,
AXM-02-DATA-MATH-C-011-tree,component,02-data-math,Data mathematical and structural primitives,tree,"Reusable tree assembly in data mathematical and structural primitives, with a bounded role and an interface that can be tested independently.",SRC-JSONSCHEMA;SRC-RDF;SRC-ONNX;SRC-CSSVALUES,cross-standard,candidate,research-seed,True,
AXM-02-DATA-MATH-C-012-graph,component,02-data-math,Data mathematical and structural primitives,graph,"Reusable graph assembly in data mathematical and structural primitives, with a bounded role and an interface that can be tested independently.",SRC-JSONSCHEMA;SRC-RDF;SRC-ONNX;SRC-CSSVALUES,cross-standard,candidate,research-seed,True,
AXM-02-DATA-MATH-C-013-hypergraph,component,02-data-math,Data mathematical and structural primitives,hypergraph,"Reusable hypergraph assembly in data mathematical and structural primitives, with a bounded role and an interface that can be tested independently.",SRC-JSONSCHEMA;SRC-RDF;SRC-ONNX;SRC-CSSVALUES,cross-standard,candidate,research-seed,True,
AXM-02-DATA-MATH-C-014-sparse-matrix,component,02-data-math,Data mathematical and structural primitives,sparse matrix,"Reusable sparse matrix assembly in data mathematical and structural primitives, with a bounded role and an interface that can be tested independently.",SRC-JSONSCHEMA;SRC-RDF;SRC-ONNX;SRC-CSSVALUES,cross-standard,candidate,research-seed,True,
AXM-02-DATA-MATH-C-015-histogram,component,02-data-math,Data mathematical and structural primitives,histogram,"Reusable histogram assembly in data mathematical and structural primitives, with a bounded role and an interface that can be tested independently.",SRC-JSONSCHEMA;SRC-RDF;SRC-ONNX;SRC-CSSVALUES,cross-standard,candidate,research-seed,True,
AXM-02-DATA-MATH-C-016-probability-distribution,component,02-data-math,Data mathematical and structural primitives,probability distribution,"Reusable probability distribution assembly in data mathematical and structural primitives, with a bounded role and an interface that can be tested independently.",SRC-JSONSCHEMA;SRC-RDF;SRC-ONNX;SRC-CSSVALUES,cross-standard,candidate,research-seed,True,
AXM-02-DATA-MATH-C-017-equation,component,02-data-math,Data mathematical and structural primitives,equation,"Reusable equation assembly in data mathematical and structural primitives, with a bounded role and an interface that can be tested independently.",SRC-JSONSCHEMA;SRC-RDF;SRC-ONNX;SRC-CSSVALUES,cross-standard,candidate,research-seed,True,
AXM-02-DATA-MATH-C-018-formula,component,02-data-math,Data mathematical and structural primitives,formula,"Reusable formula assembly in data mathematical and structural primitives, with a bounded role and an interface that can be tested independently.",SRC-JSONSCHEMA;SRC-RDF;SRC-ONNX;SRC-CSSVALUES,cross-standard,candidate,research-seed,True,
AXM-02-DATA-MATH-C-019-expression-tree,component,02-data-math,Data mathematical and structural primitives,expression tree,"Reusable expression tree assembly in data mathematical and structural primitives, with a bounded role and an interface that can be tested independently.",SRC-JSONSCHEMA;SRC-RDF;SRC-ONNX;SRC-CSSVALUES,cross-standard,candidate,research-seed,True,
AXM-02-DATA-MATH-C-020-coordinate-system,component,02-data-math,Data mathematical and structural primitives,coordinate system,"Reusable coordinate system assembly in data mathematical and structural primitives, with a bounded role and an interface that can be tested independently.",SRC-JSONSCHEMA;SRC-RDF;SRC-ONNX;SRC-CSSVALUES,cross-standard,candidate,research-seed,True,
AXM-02-DATA-MATH-C-021-transform-matrix,component,02-data-math,Data mathematical and structural primitives,transform matrix,"Reusable transform matrix assembly in data mathematical and structural primitives, with a bounded role and an interface that can be tested independently.",SRC-JSONSCHEMA;SRC-RDF;SRC-ONNX;SRC-CSSVALUES,cross-standard,candidate,research-seed,True,
AXM-02-DATA-MATH-C-022-bounding-interval,component,02-data-math,Data mathematical and structural primitives,bounding interval,"Reusable bounding interval assembly in data mathematical and structural primitives, with a bounded role and an interface that can be tested independently.",SRC-JSONSCHEMA;SRC-RDF;SRC-ONNX;SRC-CSSVALUES,cross-standard,candidate,research-seed,True,
AXM-02-DATA-MATH-C-023-statistical-summary,component,02-data-math,Data mathematical and structural primitives,statistical summary,"Reusable statistical summary assembly in data mathematical and structural primitives, with a bounded role and an interface that can be tested independently.",SRC-JSONSCHEMA;SRC-RDF;SRC-ONNX;SRC-CSSVALUES,cross-standard,candidate,research-seed,True,
AXM-02-DATA-MATH-C-024-data-frame,component,02-data-math,Data mathematical and structural primitives,data frame,"Reusable data frame assembly in data mathematical and structural primitives, with a bounded role and an interface that can be tested independently.",SRC-JSONSCHEMA;SRC-RDF;SRC-ONNX;SRC-CSSVALUES,cross-standard,candidate,research-seed,True,
AXM-02-DATA-MATH-C-025-dimensional-model,component,02-data-math,Data mathematical and structural primitives,dimensional model,"Reusable dimensional model assembly in data mathematical and structural primitives, with a bounded role and an interface that can be tested independently.",SRC-JSONSCHEMA;SRC-RDF;SRC-ONNX;SRC-CSSVALUES,cross-standard,candidate,research-seed,True,
AXM-02-DATA-MATH-C-026-lookup-table,component,02-data-math,Data mathematical and structural primitives,lookup table,"Reusable lookup table assembly in data mathematical and structural primitives, with a bounded role and an interface that can be tested independently.",SRC-JSONSCHEMA;SRC-RDF;SRC-ONNX;SRC-CSSVALUES,cross-standard,candidate,research-seed,True,
AXM-02-DATA-MATH-C-027-adjacency-matrix,component,02-data-math,Data mathematical and structural primitives,adjacency matrix,"Reusable adjacency matrix assembly in data mathematical and structural primitives, with a bounded role and an interface that can be tested independently.",SRC-JSONSCHEMA;SRC-RDF;SRC-ONNX;SRC-CSSVALUES,cross-standard,candidate,research-seed,True,
AXM-02-DATA-MATH-C-028-sampling-grid,component,02-data-math,Data mathematical and structural primitives,sampling grid,"Reusable sampling grid assembly in data mathematical and structural primitives, with a bounded role and an interface that can be tested independently.",SRC-JSONSCHEMA;SRC-RDF;SRC-ONNX;SRC-CSSVALUES,cross-standard,candidate,research-seed,True,
AXM-02-DATA-MATH-C-029-mask,component,02-data-math,Data mathematical and structural primitives,mask,"Reusable mask assembly in data mathematical and structural primitives, with a bounded role and an interface that can be tested independently.",SRC-JSONSCHEMA;SRC-RDF;SRC-ONNX;SRC-CSSVALUES,cross-standard,candidate,research-seed,True,
AXM-02-DATA-MATH-O-001-data-parser,organ,02-data-math,Data mathematical and structural primitives,data parser,"Functional subsystem for data parser in data mathematical and structural primitives; orchestrates lower-level components, applies policy and emits results plus evidence.",SRC-JSONSCHEMA;SRC-RDF;SRC-ONNX;SRC-CSSVALUES,cross-standard,candidate,research-seed,True,
AXM-02-DATA-MATH-O-002-serializer,organ,02-data-math,Data mathematical and structural primitives,serializer,"Functional subsystem for serializer in data mathematical and structural primitives; orchestrates lower-level components, applies policy and emits results plus evidence.",SRC-JSONSCHEMA;SRC-RDF;SRC-ONNX;SRC-CSSVALUES,cross-standard,candidate,research-seed,True,
AXM-02-DATA-MATH-O-003-numerical-engine,organ,02-data-math,Data mathematical and structural primitives,numerical engine,"Functional subsystem for numerical engine in data mathematical and structural primitives; orchestrates lower-level components, applies policy and emits results plus evidence.",SRC-JSONSCHEMA;SRC-RDF;SRC-ONNX;SRC-CSSVALUES,cross-standard,candidate,research-seed,True,
AXM-02-DATA-MATH-O-004-linear-algebra-engine,organ,02-data-math,Data mathematical and structural primitives,linear-algebra engine,"Functional subsystem for linear-algebra engine in data mathematical and structural primitives; orchestrates lower-level components, applies policy and emits results plus evidence.",SRC-JSONSCHEMA;SRC-RDF;SRC-ONNX;SRC-CSSVALUES,cross-standard,candidate,research-seed,True,
AXM-02-DATA-MATH-O-005-statistics-engine,organ,02-data-math,Data mathematical and structural primitives,statistics engine,"Functional subsystem for statistics engine in data mathematical and structural primitives; orchestrates lower-level components, applies policy and emits results plus evidence.",SRC-JSONSCHEMA;SRC-RDF;SRC-ONNX;SRC-CSSVALUES,cross-standard,candidate,research-seed,True,
AXM-02-DATA-MATH-O-006-unit-conversion-organ,organ,02-data-math,Data mathematical and structural primitives,unit-conversion organ,"Functional subsystem for unit-conversion organ in data mathematical and structural primitives; orchestrates lower-level components, applies policy and emits results plus evidence.",SRC-JSONSCHEMA;SRC-RDF;SRC-ONNX;SRC-CSSVALUES,cross-standard,candidate,research-seed,True,
AXM-02-DATA-MATH-O-007-schema-validator,organ,02-data-math,Data mathematical and structural primitives,schema validator,"Functional subsystem for schema validator in data mathematical and structural primitives; orchestrates lower-level components, applies policy and emits results plus evidence.",SRC-JSONSCHEMA;SRC-RDF;SRC-ONNX;SRC-CSSVALUES,cross-standard,candidate,research-seed,True,
AXM-02-DATA-MATH-O-008-query-engine,organ,02-data-math,Data mathematical and structural primitives,query engine,"Functional subsystem for query engine in data mathematical and structural primitives; orchestrates lower-level components, applies policy and emits results plus evidence.",SRC-JSONSCHEMA;SRC-RDF;SRC-ONNX;SRC-CSSVALUES,cross-standard,candidate,research-seed,True,
AXM-02-DATA-MATH-O-009-indexing-organ,organ,02-data-math,Data mathematical and structural primitives,indexing organ,"Functional subsystem for indexing organ in data mathematical and structural primitives; orchestrates lower-level components, applies policy and emits results plus evidence.",SRC-JSONSCHEMA;SRC-RDF;SRC-ONNX;SRC-CSSVALUES,cross-standard,candidate,research-seed,True,
AXM-02-DATA-MATH-O-010-data-transformation-organ,organ,02-data-math,Data mathematical and structural primitives,data-transformation organ,"Functional subsystem for data-transformation organ in data mathematical and structural primitives; orchestrates lower-level components, applies policy and emits results plus evidence.",SRC-JSONSCHEMA;SRC-RDF;SRC-ONNX;SRC-CSSVALUES,cross-standard,candidate,research-seed,True,
AXM-02-DATA-MATH-O-011-sampling-organ,organ,02-data-math,Data mathematical and structural primitives,sampling organ,"Functional subsystem for sampling organ in data mathematical and structural primitives; orchestrates lower-level components, applies policy and emits results plus evidence.",SRC-JSONSCHEMA;SRC-RDF;SRC-ONNX;SRC-CSSVALUES,cross-standard,candidate,research-seed,True,
AXM-02-DATA-MATH-O-012-uncertainty-propagation-organ,organ,02-data-math,Data mathematical and structural primitives,uncertainty propagation organ,"Functional subsystem for uncertainty propagation organ in data mathematical and structural primitives; orchestrates lower-level components, applies policy and emits results plus evidence.",SRC-JSONSCHEMA;SRC-RDF;SRC-ONNX;SRC-CSSVALUES,cross-standard,candidate,research-seed,True,
AXM-03-TIME-STATE-EVENT-A-001-clock-tick,atom,03-time-state-event,Time state event and workflow,clock tick,"Smallest independently addressable clock tick unit in time state event and workflow, intended to be typed, referenced, transformed or validated without requiring a whole finished asset.",SRC-SCXML;SRC-OTIO;SRC-WEBVTT;SRC-BPMN;SRC-OTEL,cross-standard,candidate,research-seed,True,
AXM-03-TIME-STATE-EVENT-A-002-timecode,atom,03-time-state-event,Time state event and workflow,timecode,"Smallest independently addressable timecode unit in time state event and workflow, intended to be typed, referenced, transformed or validated without requiring a whole finished asset.",SRC-SCXML;SRC-OTIO;SRC-WEBVTT;SRC-BPMN;SRC-OTEL,cross-standard,candidate,research-seed,True,
AXM-03-TIME-STATE-EVENT-A-003-frame-number,atom,03-time-state-event,Time state event and workflow,frame number,"Smallest independently addressable frame number unit in time state event and workflow, intended to be typed, referenced, transformed or validated without requiring a whole finished asset.",SRC-SCXML;SRC-OTIO;SRC-WEBVTT;SRC-BPMN;SRC-OTEL,cross-standard,candidate,research-seed,True,
AXM-03-TIME-STATE-EVENT-A-004-timestamp,atom,03-time-state-event,Time state event and workflow,timestamp,"Smallest independently addressable timestamp unit in time state event and workflow, intended to be typed, referenced, transformed or validated without requiring a whole finished asset.",SRC-SCXML;SRC-OTIO;SRC-WEBVTT;SRC-BPMN;SRC-OTEL,cross-standard,candidate,research-seed,True,
AXM-03-TIME-STATE-EVENT-A-005-duration,atom,03-time-state-event,Time state event and workflow,duration,"Smallest independently addressable duration unit in time state event and workflow, intended to be typed, referenced, transformed or validated without requiring a whole finished asset.",SRC-SCXML;SRC-OTIO;SRC-WEBVTT;SRC-BPMN;SRC-OTEL,cross-standard,candidate,research-seed,True,
AXM-03-TIME-STATE-EVENT-A-006-temporal-offset,atom,03-time-state-event,Time state event and workflow,temporal offset,"Smallest independently addressable temporal offset unit in time state event and workflow, intended to be typed, referenced, transformed or validated without requiring a whole finished asset.",SRC-SCXML;SRC-OTIO;SRC-WEBVTT;SRC-BPMN;SRC-OTEL,cross-standard,candidate,research-seed,True,
AXM-03-TIME-STATE-EVENT-A-007-rate,atom,03-time-state-event,Time state event and workflow,rate,"Smallest independently addressable rate unit in time state event and workflow, intended to be typed, referenced, transformed or validated without requiring a whole finished asset.",SRC-SCXML;SRC-OTIO;SRC-WEBVTT;SRC-BPMN;SRC-OTEL,cross-standard,candidate,research-seed,True,
AXM-03-TIME-STATE-EVENT-A-008-event,atom,03-time-state-event,Time state event and workflow,event,"Smallest independently addressable event unit in time state event and workflow, intended to be typed, referenced, transformed or validated without requiring a whole finished asset.",SRC-SCXML;SRC-OTIO;SRC-WEBVTT;SRC-BPMN;SRC-OTEL,cross-standard,candidate,research-seed,True,
AXM-03-TIME-STATE-EVENT-A-009-event-type,atom,03-time-state-event,Time state event and workflow,event type,"Smallest independently addressable event type unit in time state event and workflow, intended to be typed, referenced, transformed or validated without requiring a whole finished asset.",SRC-SCXML;SRC-OTIO;SRC-WEBVTT;SRC-BPMN;SRC-OTEL,cross-standard,candidate,research-seed,True,
AXM-03-TIME-STATE-EVENT-A-010-event-payload-field,atom,03-time-state-event,Time state event and workflow,event payload field,"Smallest independently addressable event payload field unit in time state event and workflow, intended to be typed, referenced, transformed or validated without requiring a whole finished asset.",SRC-SCXML;SRC-OTIO;SRC-WEBVTT;SRC-BPMN;SRC-OTEL,cross-standard,candidate,research-seed,True,
AXM-03-TIME-STATE-EVENT-A-011-state,atom,03-time-state-event,Time state event and workflow,state,"Smallest independently addressable state unit in time state event and workflow, intended to be typed, referenced, transformed or validated without requiring a whole finished asset.",SRC-SCXML;SRC-OTIO;SRC-WEBVTT;SRC-BPMN;SRC-OTEL,cross-standard,candidate,research-seed,True,
AXM-03-TIME-STATE-EVENT-A-012-state-variable,atom,03-time-state-event,Time state event and workflow,state variable,"Smallest independently addressable state variable unit in time state event and workflow, intended to be typed, referenced, transformed or validated without requiring a whole finished asset.",SRC-SCXML;SRC-OTIO;SRC-WEBVTT;SRC-BPMN;SRC-OTEL,cross-standard,candidate,research-seed,True,
AXM-03-TIME-STATE-EVENT-A-013-transition,atom,03-time-state-event,Time state event and workflow,transition,"Smallest independently addressable transition unit in time state event and workflow, intended to be typed, referenced, transformed or validated without requiring a whole finished asset.",SRC-SCXML;SRC-OTIO;SRC-WEBVTT;SRC-BPMN;SRC-OTEL,cross-standard,candidate,research-seed,True,
AXM-03-TIME-STATE-EVENT-A-014-condition,atom,03-time-state-event,Time state event and workflow,condition,"Smallest independently addressable condition unit in time state event and workflow, intended to be typed, referenced, transformed or validated without requiring a whole finished asset.",SRC-SCXML;SRC-OTIO;SRC-WEBVTT;SRC-BPMN;SRC-OTEL,cross-standard,candidate,research-seed,True,
AXM-03-TIME-STATE-EVENT-A-015-guard,atom,03-time-state-event,Time state event and workflow,guard,"Smallest independently addressable guard unit in time state event and workflow, intended to be typed, referenced, transformed or validated without requiring a whole finished asset.",SRC-SCXML;SRC-OTIO;SRC-WEBVTT;SRC-BPMN;SRC-OTEL,cross-standard,candidate,research-seed,True,
AXM-03-TIME-STATE-EVENT-A-016-action,atom,03-time-state-event,Time state event and workflow,action,"Smallest independently addressable action unit in time state event and workflow, intended to be typed, referenced, transformed or validated without requiring a whole finished asset.",SRC-SCXML;SRC-OTIO;SRC-WEBVTT;SRC-BPMN;SRC-OTEL,cross-standard,candidate,research-seed,True,
AXM-03-TIME-STATE-EVENT-A-017-trigger,atom,03-time-state-event,Time state event and workflow,trigger,"Smallest independently addressable trigger unit in time state event and workflow, intended to be typed, referenced, transformed or validated without requiring a whole finished asset.",SRC-SCXML;SRC-OTIO;SRC-WEBVTT;SRC-BPMN;SRC-OTEL,cross-standard,candidate,research-seed,True,
AXM-03-TIME-STATE-EVENT-A-018-signal,atom,03-time-state-event,Time state event and workflow,signal,"Smallest independently addressable signal unit in time state event and workflow, intended to be typed, referenced, transformed or validated without requiring a whole finished asset.",SRC-SCXML;SRC-OTIO;SRC-WEBVTT;SRC-BPMN;SRC-OTEL,cross-standard,candidate,research-seed,True,
AXM-03-TIME-STATE-EVENT-A-019-message,atom,03-time-state-event,Time state event and workflow,message,"Smallest independently addressable message unit in time state event and workflow, intended to be typed, referenced, transformed or validated without requiring a whole finished asset.",SRC-SCXML;SRC-OTIO;SRC-WEBVTT;SRC-BPMN;SRC-OTEL,cross-standard,candidate,research-seed,True,
AXM-03-TIME-STATE-EVENT-A-020-cue,atom,03-time-state-event,Time state event and workflow,cue,"Smallest independently addressable cue unit in time state event and workflow, intended to be typed, referenced, transformed or validated without requiring a whole finished asset.",SRC-SCXML;SRC-OTIO;SRC-WEBVTT;SRC-BPMN;SRC-OTEL,cross-standard,candidate,research-seed,True,
AXM-03-TIME-STATE-EVENT-A-021-marker,atom,03-time-state-event,Time state event and workflow,marker,"Smallest independently addressable marker unit in time state event and workflow, intended to be typed, referenced, transformed or validated without requiring a whole finished asset.",SRC-SCXML;SRC-OTIO;SRC-WEBVTT;SRC-BPMN;SRC-OTEL,cross-standard,candidate,research-seed,True,
AXM-03-TIME-STATE-EVENT-A-022-keyframe-time,atom,03-time-state-event,Time state event and workflow,keyframe time,"Smallest independently addressable keyframe time unit in time state event and workflow, intended to be typed, referenced, transformed or validated without requiring a whole finished asset.",SRC-SCXML;SRC-OTIO;SRC-WEBVTT;SRC-BPMN;SRC-OTEL,cross-standard,candidate,research-seed,True,
AXM-03-TIME-STATE-EVENT-A-023-synchronization-point,atom,03-time-state-event,Time state event and workflow,synchronization point,"Smallest independently addressable synchronization point unit in time state event and workflow, intended to be typed, referenced, transformed or validated without requiring a whole finished asset.",SRC-SCXML;SRC-OTIO;SRC-WEBVTT;SRC-BPMN;SRC-OTEL,cross-standard,candidate,research-seed,True,
AXM-03-TIME-STATE-EVENT-A-024-deadline,atom,03-time-state-event,Time state event and workflow,deadline,"Smallest independently addressable deadline unit in time state event and workflow, intended to be typed, referenced, transformed or validated without requiring a whole finished asset.",SRC-SCXML;SRC-OTIO;SRC-WEBVTT;SRC-BPMN;SRC-OTEL,cross-standard,candidate,research-seed,True,
AXM-03-TIME-STATE-EVENT-A-025-recurrence-rule,atom,03-time-state-event,Time state event and workflow,recurrence rule,"Smallest independently addressable recurrence rule unit in time state event and workflow, intended to be typed, referenced, transformed or validated without requiring a whole finished asset.",SRC-SCXML;SRC-OTIO;SRC-WEBVTT;SRC-BPMN;SRC-OTEL,cross-standard,candidate,research-seed,True,
AXM-03-TIME-STATE-EVENT-A-026-timeout,atom,03-time-state-event,Time state event and workflow,timeout,"Smallest independently addressable timeout unit in time state event and workflow, intended to be typed, referenced, transformed or validated without requiring a whole finished asset.",SRC-SCXML;SRC-OTIO;SRC-WEBVTT;SRC-BPMN;SRC-OTEL,cross-standard,candidate,research-seed,True,
AXM-03-TIME-STATE-EVENT-A-027-retry-count,atom,03-time-state-event,Time state event and workflow,retry count,"Smallest independently addressable retry count unit in time state event and workflow, intended to be typed, referenced, transformed or validated without requiring a whole finished asset.",SRC-SCXML;SRC-OTIO;SRC-WEBVTT;SRC-BPMN;SRC-OTEL,cross-standard,candidate,research-seed,True,
AXM-03-TIME-STATE-EVENT-A-028-sequence-number,atom,03-time-state-event,Time state event and workflow,sequence number,"Smallest independently addressable sequence number unit in time state event and workflow, intended to be typed, referenced, transformed or validated without requiring a whole finished asset.",SRC-SCXML;SRC-OTIO;SRC-WEBVTT;SRC-BPMN;SRC-OTEL,cross-standard,candidate,research-seed,True,
AXM-03-TIME-STATE-EVENT-A-029-correlation-identifier,atom,03-time-state-event,Time state event and workflow,correlation identifier,"Smallest independently addressable correlation identifier unit in time state event and workflow, intended to be typed, referenced, transformed or validated without requiring a whole finished asset.",SRC-SCXML;SRC-OTIO;SRC-WEBVTT;SRC-BPMN;SRC-OTEL,cross-standard,candidate,research-seed,True,
AXM-03-TIME-STATE-EVENT-A-030-workflow-token,atom,03-time-state-event,Time state event and workflow,workflow token,"Smallest independently addressable workflow token unit in time state event and workflow, intended to be typed, referenced, transformed or validated without requiring a whole finished asset.",SRC-SCXML;SRC-OTIO;SRC-WEBVTT;SRC-BPMN;SRC-OTEL,cross-standard,candidate,research-seed,True,
AXM-03-TIME-STATE-EVENT-A-031-success-criterion,atom,03-time-state-event,Time state event and workflow,success criterion,"Smallest independently addressable success criterion unit in time state event and workflow, intended to be typed, referenced, transformed or validated without requiring a whole finished asset.",SRC-SCXML;SRC-OTIO;SRC-WEBVTT;SRC-BPMN;SRC-OTEL,cross-standard,candidate,research-seed,True,
AXM-03-TIME-STATE-EVENT-A-032-failure-criterion,atom,03-time-state-event,Time state event and workflow,failure criterion,"Smallest independently addressable failure criterion unit in time state event and workflow, intended to be typed, referenced, transformed or validated without requiring a whole finished asset.",SRC-SCXML;SRC-OTIO;SRC-WEBVTT;SRC-BPMN;SRC-OTEL,cross-standard,candidate,research-seed,True,
AXM-03-TIME-STATE-EVENT-C-001-timeline,component,03-time-state-event,Time state event and workflow,timeline,"Reusable timeline assembly in time state event and workflow, with a bounded role and an interface that can be tested independently.",SRC-SCXML;SRC-OTIO;SRC-WEBVTT;SRC-BPMN;SRC-OTEL,cross-standard,candidate,research-seed,True,
AXM-03-TIME-STATE-EVENT-C-002-track,component,03-time-state-event,Time state event and workflow,track,"Reusable track assembly in time state event and workflow, with a bounded role and an interface that can be tested independently.",SRC-SCXML;SRC-OTIO;SRC-WEBVTT;SRC-BPMN;SRC-OTEL,cross-standard,candidate,research-seed,True,
AXM-03-TIME-STATE-EVENT-C-003-event-stream,component,03-time-state-event,Time state event and workflow,event stream,"Reusable event stream assembly in time state event and workflow, with a bounded role and an interface that can be tested independently.",SRC-SCXML;SRC-OTIO;SRC-WEBVTT;SRC-BPMN;SRC-OTEL,cross-standard,candidate,research-seed,True,
AXM-03-TIME-STATE-EVENT-C-004-state-machine,component,03-time-state-event,Time state event and workflow,state machine,"Reusable state machine assembly in time state event and workflow, with a bounded role and an interface that can be tested independently.",SRC-SCXML;SRC-OTIO;SRC-WEBVTT;SRC-BPMN;SRC-OTEL,cross-standard,candidate,research-seed,True,
AXM-03-TIME-STATE-EVENT-C-005-transition-table,component,03-time-state-event,Time state event and workflow,transition table,"Reusable transition table assembly in time state event and workflow, with a bounded role and an interface that can be tested independently.",SRC-SCXML;SRC-OTIO;SRC-WEBVTT;SRC-BPMN;SRC-OTEL,cross-standard,candidate,research-seed,True,
AXM-03-TIME-STATE-EVENT-C-006-scheduler-entry,component,03-time-state-event,Time state event and workflow,scheduler entry,"Reusable scheduler entry assembly in time state event and workflow, with a bounded role and an interface that can be tested independently.",SRC-SCXML;SRC-OTIO;SRC-WEBVTT;SRC-BPMN;SRC-OTEL,cross-standard,candidate,research-seed,True,
AXM-03-TIME-STATE-EVENT-C-007-cue-list,component,03-time-state-event,Time state event and workflow,cue list,"Reusable cue list assembly in time state event and workflow, with a bounded role and an interface that can be tested independently.",SRC-SCXML;SRC-OTIO;SRC-WEBVTT;SRC-BPMN;SRC-OTEL,cross-standard,candidate,research-seed,True,
AXM-03-TIME-STATE-EVENT-C-008-marker-list,component,03-time-state-event,Time state event and workflow,marker list,"Reusable marker list assembly in time state event and workflow, with a bounded role and an interface that can be tested independently.",SRC-SCXML;SRC-OTIO;SRC-WEBVTT;SRC-BPMN;SRC-OTEL,cross-standard,candidate,research-seed,True,
AXM-03-TIME-STATE-EVENT-C-009-clock-mapping,component,03-time-state-event,Time state event and workflow,clock mapping,"Reusable clock mapping assembly in time state event and workflow, with a bounded role and an interface that can be tested independently.",SRC-SCXML;SRC-OTIO;SRC-WEBVTT;SRC-BPMN;SRC-OTEL,cross-standard,candidate,research-seed,True,
AXM-03-TIME-STATE-EVENT-C-010-synchronization-map,component,03-time-state-event,Time state event and workflow,synchronization map,"Reusable synchronization map assembly in time state event and workflow, with a bounded role and an interface that can be tested independently.",SRC-SCXML;SRC-OTIO;SRC-WEBVTT;SRC-BPMN;SRC-OTEL,cross-standard,candidate,research-seed,True,
AXM-03-TIME-STATE-EVENT-C-011-recurrence-schedule,component,03-time-state-event,Time state event and workflow,recurrence schedule,"Reusable recurrence schedule assembly in time state event and workflow, with a bounded role and an interface that can be tested independently.",SRC-SCXML;SRC-OTIO;SRC-WEBVTT;SRC-BPMN;SRC-OTEL,cross-standard,candidate,research-seed,True,
AXM-03-TIME-STATE-EVENT-C-012-retry-policy,component,03-time-state-event,Time state event and workflow,retry policy,"Reusable retry policy assembly in time state event and workflow, with a bounded role and an interface that can be tested independently.",SRC-SCXML;SRC-OTIO;SRC-WEBVTT;SRC-BPMN;SRC-OTEL,cross-standard,candidate,research-seed,True,
AXM-03-TIME-STATE-EVENT-C-013-event-envelope,component,03-time-state-event,Time state event and workflow,event envelope,"Reusable event envelope assembly in time state event and workflow, with a bounded role and an interface that can be tested independently.",SRC-SCXML;SRC-OTIO;SRC-WEBVTT;SRC-BPMN;SRC-OTEL,cross-standard,candidate,research-seed,True,
AXM-03-TIME-STATE-EVENT-C-014-signal-bus,component,03-time-state-event,Time state event and workflow,signal bus,"Reusable signal bus assembly in time state event and workflow, with a bounded role and an interface that can be tested independently.",SRC-SCXML;SRC-OTIO;SRC-WEBVTT;SRC-BPMN;SRC-OTEL,cross-standard,candidate,research-seed,True,
AXM-03-TIME-STATE-EVENT-C-015-workflow-step,component,03-time-state-event,Time state event and workflow,workflow step,"Reusable workflow step assembly in time state event and workflow, with a bounded role and an interface that can be tested independently.",SRC-SCXML;SRC-OTIO;SRC-WEBVTT;SRC-BPMN;SRC-OTEL,cross-standard,candidate,research-seed,True,
AXM-03-TIME-STATE-EVENT-C-016-workflow,component,03-time-state-event,Time state event and workflow,workflow,"Reusable workflow assembly in time state event and workflow, with a bounded role and an interface that can be tested independently.",SRC-SCXML;SRC-OTIO;SRC-WEBVTT;SRC-BPMN;SRC-OTEL,cross-standard,candidate,research-seed,True,
AXM-03-TIME-STATE-EVENT-C-017-process-model,component,03-time-state-event,Time state event and workflow,process model,"Reusable process model assembly in time state event and workflow, with a bounded role and an interface that can be tested independently.",SRC-SCXML;SRC-OTIO;SRC-WEBVTT;SRC-BPMN;SRC-OTEL,cross-standard,candidate,research-seed,True,
AXM-03-TIME-STATE-EVENT-C-018-activity,component,03-time-state-event,Time state event and workflow,activity,"Reusable activity assembly in time state event and workflow, with a bounded role and an interface that can be tested independently.",SRC-SCXML;SRC-OTIO;SRC-WEBVTT;SRC-BPMN;SRC-OTEL,cross-standard,candidate,research-seed,True,
AXM-03-TIME-STATE-EVENT-C-019-gateway,component,03-time-state-event,Time state event and workflow,gateway,"Reusable gateway assembly in time state event and workflow, with a bounded role and an interface that can be tested independently.",SRC-SCXML;SRC-OTIO;SRC-WEBVTT;SRC-BPMN;SRC-OTEL,cross-standard,candidate,research-seed,True,
AXM-03-TIME-STATE-EVENT-C-020-event-subscription,component,03-time-state-event,Time state event and workflow,event subscription,"Reusable event subscription assembly in time state event and workflow, with a bounded role and an interface that can be tested independently.",SRC-SCXML;SRC-OTIO;SRC-WEBVTT;SRC-BPMN;SRC-OTEL,cross-standard,candidate,research-seed,True,
AXM-03-TIME-STATE-EVENT-O-001-timeline-engine,organ,03-time-state-event,Time state event and workflow,timeline engine,"Functional subsystem for timeline engine in time state event and workflow; orchestrates lower-level components, applies policy and emits results plus evidence.",SRC-SCXML;SRC-OTIO;SRC-WEBVTT;SRC-BPMN;SRC-OTEL,cross-standard,candidate,research-seed,True,
AXM-03-TIME-STATE-EVENT-O-002-scheduler,organ,03-time-state-event,Time state event and workflow,scheduler,"Functional subsystem for scheduler in time state event and workflow; orchestrates lower-level components, applies policy and emits results plus evidence.",SRC-SCXML;SRC-OTIO;SRC-WEBVTT;SRC-BPMN;SRC-OTEL,cross-standard,candidate,research-seed,True,
AXM-03-TIME-STATE-EVENT-O-003-event-router,organ,03-time-state-event,Time state event and workflow,event router,"Functional subsystem for event router in time state event and workflow; orchestrates lower-level components, applies policy and emits results plus evidence.",SRC-SCXML;SRC-OTIO;SRC-WEBVTT;SRC-BPMN;SRC-OTEL,cross-standard,candidate,research-seed,True,
AXM-03-TIME-STATE-EVENT-O-004-state-machine-runtime,organ,03-time-state-event,Time state event and workflow,state-machine runtime,"Functional subsystem for state-machine runtime in time state event and workflow; orchestrates lower-level components, applies policy and emits results plus evidence.",SRC-SCXML;SRC-OTIO;SRC-WEBVTT;SRC-BPMN;SRC-OTEL,cross-standard,candidate,research-seed,True,
AXM-03-TIME-STATE-EVENT-O-005-synchronization-organ,organ,03-time-state-event,Time state event and workflow,synchronization organ,"Functional subsystem for synchronization organ in time state event and workflow; orchestrates lower-level components, applies policy and emits results plus evidence.",SRC-SCXML;SRC-OTIO;SRC-WEBVTT;SRC-BPMN;SRC-OTEL,cross-standard,candidate,research-seed,True,
AXM-03-TIME-STATE-EVENT-O-006-retry-and-recovery-organ,organ,03-time-state-event,Time state event and workflow,retry and recovery organ,"Functional subsystem for retry and recovery organ in time state event and workflow; orchestrates lower-level components, applies policy and emits results plus evidence.",SRC-SCXML;SRC-OTIO;SRC-WEBVTT;SRC-BPMN;SRC-OTEL,cross-standard,candidate,research-seed,True,
AXM-03-TIME-STATE-EVENT-O-007-workflow-engine,organ,03-time-state-event,Time state event and workflow,workflow engine,"Functional subsystem for workflow engine in time state event and workflow; orchestrates lower-level components, applies policy and emits results plus evidence.",SRC-SCXML;SRC-OTIO;SRC-WEBVTT;SRC-BPMN;SRC-OTEL,cross-standard,candidate,research-seed,True,
AXM-03-TIME-STATE-EVENT-O-008-temporal-validator,organ,03-time-state-event,Time state event and workflow,temporal validator,"Functional subsystem for temporal validator in time state event and workflow; orchestrates lower-level components, applies policy and emits results plus evidence.",SRC-SCXML;SRC-OTIO;SRC-WEBVTT;SRC-BPMN;SRC-OTEL,cross-standard,candidate,research-seed,True,
AXM-03-TIME-STATE-EVENT-O-009-process-orchestrator,organ,03-time-state-event,Time state event and workflow,process orchestrator,"Functional subsystem for process orchestrator in time state event and workflow; orchestrates lower-level components, applies policy and emits results plus evidence.",SRC-SCXML;SRC-OTIO;SRC-WEBVTT;SRC-BPMN;SRC-OTEL,cross-standard,candidate,research-seed,True,
AXM-03-TIME-STATE-EVENT-O-010-event-store-organ,organ,03-time-state-event,Time state event and workflow,event-store organ,"Functional subsystem for event-store organ in time state event and workflow; orchestrates lower-level components, applies policy and emits results plus evidence.",SRC-SCXML;SRC-OTIO;SRC-WEBVTT;SRC-BPMN;SRC-OTEL,cross-standard,candidate,research-seed,True,
AXM-04-TEXT-LANGUAGE-A-001-unicode-code-point,atom,04-text-language,Text language typography speech notation and localization,Unicode code point,"Smallest independently addressable Unicode code point unit in text language typography speech notation and localization, intended to be typed, referenced, transformed or validated without requiring a whole finished asset.",SRC-OPENTYPE;SRC-LDML;SRC-HTML;SRC-EPUB;SRC-WEBVTT;SRC-TOKENIZERS,cross-standard,candidate,research-seed,True,
AXM-04-TEXT-LANGUAGE-A-002-grapheme-cluster,atom,04-text-language,Text language typography speech notation and localization,grapheme cluster,"Smallest independently addressable grapheme cluster unit in text language typography speech notation and localization, intended to be typed, referenced, transformed or validated without requiring a whole finished asset.",SRC-OPENTYPE;SRC-LDML;SRC-HTML;SRC-EPUB;SRC-WEBVTT;SRC-TOKENIZERS,cross-standard,candidate,research-seed,True,
AXM-04-TEXT-LANGUAGE-A-003-glyph-identifier,atom,04-text-language,Text language typography speech notation and localization,glyph identifier,"Smallest independently addressable glyph identifier unit in text language typography speech notation and localization, intended to be typed, referenced, transformed or validated without requiring a whole finished asset.",SRC-OPENTYPE;SRC-LDML;SRC-HTML;SRC-EPUB;SRC-WEBVTT;SRC-TOKENIZERS,cross-standard,candidate,research-seed,True,
AXM-04-TEXT-LANGUAGE-A-004-character,atom,04-text-language,Text language typography speech notation and localization,character,"Smallest independently addressable character unit in text language typography speech notation and localization, intended to be typed, referenced, transformed or validated without requiring a whole finished asset.",SRC-OPENTYPE;SRC-LDML;SRC-HTML;SRC-EPUB;SRC-WEBVTT;SRC-TOKENIZERS,cross-standard,candidate,research-seed,True,
AXM-04-TEXT-LANGUAGE-A-005-whitespace,atom,04-text-language,Text language typography speech notation and localization,whitespace,"Smallest independently addressable whitespace unit in text language typography speech notation and localization, intended to be typed, referenced, transformed or validated without requiring a whole finished asset.",SRC-OPENTYPE;SRC-LDML;SRC-HTML;SRC-EPUB;SRC-WEBVTT;SRC-TOKENIZERS,cross-standard,candidate,research-seed,True,
AXM-04-TEXT-LANGUAGE-A-006-line-break,atom,04-text-language,Text language typography speech notation and localization,line break,"Smallest independently addressable line break unit in text language typography speech notation and localization, intended to be typed, referenced, transformed or validated without requiring a whole finished asset.",SRC-OPENTYPE;SRC-LDML;SRC-HTML;SRC-EPUB;SRC-WEBVTT;SRC-TOKENIZERS,cross-standard,candidate,research-seed,True,
AXM-04-TEXT-LANGUAGE-A-007-word-token,atom,04-text-language,Text language typography speech notation and localization,word token,"Smallest independently addressable word token unit in text language typography speech notation and localization, intended to be typed, referenced, transformed or validated without requiring a whole finished asset.",SRC-OPENTYPE;SRC-LDML;SRC-HTML;SRC-EPUB;SRC-WEBVTT;SRC-TOKENIZERS,cross-standard,candidate,research-seed,True,
AXM-04-TEXT-LANGUAGE-A-008-subword-token,atom,04-text-language,Text language typography speech notation and localization,subword token,"Smallest independently addressable subword token unit in text language typography speech notation and localization, intended to be typed, referenced, transformed or validated without requiring a whole finished asset.",SRC-OPENTYPE;SRC-LDML;SRC-HTML;SRC-EPUB;SRC-WEBVTT;SRC-TOKENIZERS,cross-standard,candidate,research-seed,True,
AXM-04-TEXT-LANGUAGE-A-009-sentence-boundary,atom,04-text-language,Text language typography speech notation and localization,sentence boundary,"Smallest independently addressable sentence boundary unit in text language typography speech notation and localization, intended to be typed, referenced, transformed or validated without requiring a whole finished asset.",SRC-OPENTYPE;SRC-LDML;SRC-HTML;SRC-EPUB;SRC-WEBVTT;SRC-TOKENIZERS,cross-standard,candidate,research-seed,True,
AXM-04-TEXT-LANGUAGE-A-010-paragraph-break,atom,04-text-language,Text language typography speech notation and localization,paragraph break,"Smallest independently addressable paragraph break unit in text language typography speech notation and localization, intended to be typed, referenced, transformed or validated without requiring a whole finished asset.",SRC-OPENTYPE;SRC-LDML;SRC-HTML;SRC-EPUB;SRC-WEBVTT;SRC-TOKENIZERS,cross-standard,candidate,research-seed,True,
AXM-04-TEXT-LANGUAGE-A-011-punctuation-mark,atom,04-text-language,Text language typography speech notation and localization,punctuation mark,"Smallest independently addressable punctuation mark unit in text language typography speech notation and localization, intended to be typed, referenced, transformed or validated without requiring a whole finished asset.",SRC-OPENTYPE;SRC-LDML;SRC-HTML;SRC-EPUB;SRC-WEBVTT;SRC-TOKENIZERS,cross-standard,candidate,research-seed,True,
AXM-04-TEXT-LANGUAGE-A-012-phoneme,atom,04-text-language,Text language typography speech notation and localization,phoneme,"Smallest independently addressable phoneme unit in text language typography speech notation and localization, intended to be typed, referenced, transformed or validated without requiring a whole finished asset.",SRC-OPENTYPE;SRC-LDML;SRC-HTML;SRC-EPUB;SRC-WEBVTT;SRC-TOKENIZERS,cross-standard,candidate,research-seed,True,
AXM-04-TEXT-LANGUAGE-A-013-morpheme,atom,04-text-language,Text language typography speech notation and localization,morpheme,"Smallest independently addressable morpheme unit in text language typography speech notation and localization, intended to be typed, referenced, transformed or validated without requiring a whole finished asset.",SRC-OPENTYPE;SRC-LDML;SRC-HTML;SRC-EPUB;SRC-WEBVTT;SRC-TOKENIZERS,cross-standard,candidate,research-seed,True,
AXM-04-TEXT-LANGUAGE-A-014-language-tag,atom,04-text-language,Text language typography speech notation and localization,language tag,"Smallest independently addressable language tag unit in text language typography speech notation and localization, intended to be typed, referenced, transformed or validated without requiring a whole finished asset.",SRC-OPENTYPE;SRC-LDML;SRC-HTML;SRC-EPUB;SRC-WEBVTT;SRC-TOKENIZERS,cross-standard,candidate,research-seed,True,
AXM-04-TEXT-LANGUAGE-A-015-locale-tag,atom,04-text-language,Text language typography speech notation and localization,locale tag,"Smallest independently addressable locale tag unit in text language typography speech notation and localization, intended to be typed, referenced, transformed or validated without requiring a whole finished asset.",SRC-OPENTYPE;SRC-LDML;SRC-HTML;SRC-EPUB;SRC-WEBVTT;SRC-TOKENIZERS,cross-standard,candidate,research-seed,True,
AXM-04-TEXT-LANGUAGE-A-016-script-tag,atom,04-text-language,Text language typography speech notation and localization,script tag,"Smallest independently addressable script tag unit in text language typography speech notation and localization, intended to be typed, referenced, transformed or validated without requiring a whole finished asset.",SRC-OPENTYPE;SRC-LDML;SRC-HTML;SRC-EPUB;SRC-WEBVTT;SRC-TOKENIZERS,cross-standard,candidate,research-seed,True,
AXM-04-TEXT-LANGUAGE-A-017-directionality-value,atom,04-text-language,Text language typography speech notation and localization,directionality value,"Smallest independently addressable directionality value unit in text language typography speech notation and localization, intended to be typed, referenced, transformed or validated without requiring a whole finished asset.",SRC-OPENTYPE;SRC-LDML;SRC-HTML;SRC-EPUB;SRC-WEBVTT;SRC-TOKENIZERS,cross-standard,candidate,research-seed,True,
AXM-04-TEXT-LANGUAGE-A-018-plural-category,atom,04-text-language,Text language typography speech notation and localization,plural category,"Smallest independently addressable plural category unit in text language typography speech notation and localization, intended to be typed, referenced, transformed or validated without requiring a whole finished asset.",SRC-OPENTYPE;SRC-LDML;SRC-HTML;SRC-EPUB;SRC-WEBVTT;SRC-TOKENIZERS,cross-standard,candidate,research-seed,True,
AXM-04-TEXT-LANGUAGE-A-019-grammatical-gender,atom,04-text-language,Text language typography speech notation and localization,grammatical gender,"Smallest independently addressable grammatical gender unit in text language typography speech notation and localization, intended to be typed, referenced, transformed or validated without requiring a whole finished asset.",SRC-OPENTYPE;SRC-LDML;SRC-HTML;SRC-EPUB;SRC-WEBVTT;SRC-TOKENIZERS,cross-standard,candidate,research-seed,True,
AXM-04-TEXT-LANGUAGE-A-020-grammatical-case,atom,04-text-language,Text language typography speech notation and localization,grammatical case,"Smallest independently addressable grammatical case unit in text language typography speech notation and localization, intended to be typed, referenced, transformed or validated without requiring a whole finished asset.",SRC-OPENTYPE;SRC-LDML;SRC-HTML;SRC-EPUB;SRC-WEBVTT;SRC-TOKENIZERS,cross-standard,candidate,research-seed,True,
AXM-04-TEXT-LANGUAGE-A-021-grammatical-number,atom,04-text-language,Text language typography speech notation and localization,grammatical number,"Smallest independently addressable grammatical number unit in text language typography speech notation and localization, intended to be typed, referenced, transformed or validated without requiring a whole finished asset.",SRC-OPENTYPE;SRC-LDML;SRC-HTML;SRC-EPUB;SRC-WEBVTT;SRC-TOKENIZERS,cross-standard,candidate,research-seed,True,
AXM-04-TEXT-LANGUAGE-A-022-message-variable,atom,04-text-language,Text language typography speech notation and localization,message variable,"Smallest independently addressable message variable unit in text language typography speech notation and localization, intended to be typed, referenced, transformed or validated without requiring a whole finished asset.",SRC-OPENTYPE;SRC-LDML;SRC-HTML;SRC-EPUB;SRC-WEBVTT;SRC-TOKENIZERS,cross-standard,candidate,research-seed,True,
AXM-04-TEXT-LANGUAGE-A-023-translation-key,atom,04-text-language,Text language typography speech notation and localization,translation key,"Smallest independently addressable translation key unit in text language typography speech notation and localization, intended to be typed, referenced, transformed or validated without requiring a whole finished asset.",SRC-OPENTYPE;SRC-LDML;SRC-HTML;SRC-EPUB;SRC-WEBVTT;SRC-TOKENIZERS,cross-standard,candidate,research-seed,True,
AXM-04-TEXT-LANGUAGE-A-024-font-family-reference,atom,04-text-language,Text language typography speech notation and localization,font family reference,"Smallest independently addressable font family reference unit in text language typography speech notation and localization, intended to be typed, referenced, transformed or validated without requiring a whole finished asset.",SRC-OPENTYPE;SRC-LDML;SRC-HTML;SRC-EPUB;SRC-WEBVTT;SRC-TOKENIZERS,cross-standard,candidate,research-seed,True,
AXM-04-TEXT-LANGUAGE-A-025-font-weight,atom,04-text-language,Text language typography speech notation and localization,font weight,"Smallest independently addressable font weight unit in text language typography speech notation and localization, intended to be typed, referenced, transformed or validated without requiring a whole finished asset.",SRC-OPENTYPE;SRC-LDML;SRC-HTML;SRC-EPUB;SRC-WEBVTT;SRC-TOKENIZERS,cross-standard,candidate,research-seed,True,
AXM-04-TEXT-LANGUAGE-A-026-font-width,atom,04-text-language,Text language typography speech notation and localization,font width,"Smallest independently addressable font width unit in text language typography speech notation and localization, intended to be typed, referenced, transformed or validated without requiring a whole finished asset.",SRC-OPENTYPE;SRC-LDML;SRC-HTML;SRC-EPUB;SRC-WEBVTT;SRC-TOKENIZERS,cross-standard,candidate,research-seed,True,
AXM-04-TEXT-LANGUAGE-A-027-font-style,atom,04-text-language,Text language typography speech notation and localization,font style,"Smallest independently addressable font style unit in text language typography speech notation and localization, intended to be typed, referenced, transformed or validated without requiring a whole finished asset.",SRC-OPENTYPE;SRC-LDML;SRC-HTML;SRC-EPUB;SRC-WEBVTT;SRC-TOKENIZERS,cross-standard,candidate,research-seed,True,
AXM-04-TEXT-LANGUAGE-A-028-font-size,atom,04-text-language,Text language typography speech notation and localization,font size,"Smallest independently addressable font size unit in text language typography speech notation and localization, intended to be typed, referenced, transformed or validated without requiring a whole finished asset.",SRC-OPENTYPE;SRC-LDML;SRC-HTML;SRC-EPUB;SRC-WEBVTT;SRC-TOKENIZERS,cross-standard,candidate,research-seed,True,
AXM-04-TEXT-LANGUAGE-A-029-kerning-pair,atom,04-text-language,Text language typography speech notation and localization,kerning pair,"Smallest independently addressable kerning pair unit in text language typography speech notation and localization, intended to be typed, referenced, transformed or validated without requiring a whole finished asset.",SRC-OPENTYPE;SRC-LDML;SRC-HTML;SRC-EPUB;SRC-WEBVTT;SRC-TOKENIZERS,cross-standard,candidate,research-seed,True,
AXM-04-TEXT-LANGUAGE-A-030-baseline,atom,04-text-language,Text language typography speech notation and localization,baseline,"Smallest independently addressable baseline unit in text language typography speech notation and localization, intended to be typed, referenced, transformed or validated without requiring a whole finished asset.",SRC-OPENTYPE;SRC-LDML;SRC-HTML;SRC-EPUB;SRC-WEBVTT;SRC-TOKENIZERS,cross-standard,candidate,research-seed,True,
AXM-04-TEXT-LANGUAGE-A-031-line-height,atom,04-text-language,Text language typography speech notation and localization,line height,"Smallest independently addressable line height unit in text language typography speech notation and localization, intended to be typed, referenced, transformed or validated without requiring a whole finished asset.",SRC-OPENTYPE;SRC-LDML;SRC-HTML;SRC-EPUB;SRC-WEBVTT;SRC-TOKENIZERS,cross-standard,candidate,research-seed,True,
AXM-04-TEXT-LANGUAGE-A-032-letter-spacing,atom,04-text-language,Text language typography speech notation and localization,letter spacing,"Smallest independently addressable letter spacing unit in text language typography speech notation and localization, intended to be typed, referenced, transformed or validated without requiring a whole finished asset.",SRC-OPENTYPE;SRC-LDML;SRC-HTML;SRC-EPUB;SRC-WEBVTT;SRC-TOKENIZERS,cross-standard,candidate,research-seed,True,
AXM-04-TEXT-LANGUAGE-A-033-word-spacing,atom,04-text-language,Text language typography speech notation and localization,word spacing,"Smallest independently addressable word spacing unit in text language typography speech notation and localization, intended to be typed, referenced, transformed or validated without requiring a whole finished asset.",SRC-OPENTYPE;SRC-LDML;SRC-HTML;SRC-EPUB;SRC-WEBVTT;SRC-TOKENIZERS,cross-standard,candidate,research-seed,True,
AXM-04-TEXT-LANGUAGE-A-034-hyphenation-opportunity,atom,04-text-language,Text language typography speech notation and localization,hyphenation opportunity,"Smallest independently addressable hyphenation opportunity unit in text language typography speech notation and localization, intended to be typed, referenced, transformed or validated without requiring a whole finished asset.",SRC-OPENTYPE;SRC-LDML;SRC-HTML;SRC-EPUB;SRC-WEBVTT;SRC-TOKENIZERS,cross-standard,candidate,research-seed,True,
AXM-04-TEXT-LANGUAGE-A-035-pronunciation-token,atom,04-text-language,Text language typography speech notation and localization,pronunciation token,"Smallest independently addressable pronunciation token unit in text language typography speech notation and localization, intended to be typed, referenced, transformed or validated without requiring a whole finished asset.",SRC-OPENTYPE;SRC-LDML;SRC-HTML;SRC-EPUB;SRC-WEBVTT;SRC-TOKENIZERS,cross-standard,candidate,research-seed,True,
AXM-04-TEXT-LANGUAGE-A-036-ruby-annotation,atom,04-text-language,Text language typography speech notation and localization,ruby annotation,"Smallest independently addressable ruby annotation unit in text language typography speech notation and localization, intended to be typed, referenced, transformed or validated without requiring a whole finished asset.",SRC-OPENTYPE;SRC-LDML;SRC-HTML;SRC-EPUB;SRC-WEBVTT;SRC-TOKENIZERS,cross-standard,candidate,research-seed,True,
AXM-04-TEXT-LANGUAGE-A-037-emphasis-marker,atom,04-text-language,Text language typography speech notation and localization,emphasis marker,"Smallest independently addressable emphasis marker unit in text language typography speech notation and localization, intended to be typed, referenced, transformed or validated without requiring a whole finished asset.",SRC-OPENTYPE;SRC-LDML;SRC-HTML;SRC-EPUB;SRC-WEBVTT;SRC-TOKENIZERS,cross-standard,candidate,research-seed,True,
AXM-04-TEXT-LANGUAGE-A-038-semantic-text-role,atom,04-text-language,Text language typography speech notation and localization,semantic text role,"Smallest independently addressable semantic text role unit in text language typography speech notation and localization, intended to be typed, referenced, transformed or validated without requiring a whole finished asset.",SRC-OPENTYPE;SRC-LDML;SRC-HTML;SRC-EPUB;SRC-WEBVTT;SRC-TOKENIZERS,cross-standard,candidate,research-seed,True,
AXM-04-TEXT-LANGUAGE-A-039-variation-axis-coordinate,atom,04-text-language,Text language typography speech notation and localization,variation-axis coordinate,"Smallest independently addressable variation-axis coordinate unit in text language typography speech notation and localization, intended to be typed, referenced, transformed or validated without requiring a whole finished asset.",SRC-OPENTYPE;SRC-LDML;SRC-HTML;SRC-EPUB;SRC-WEBVTT;SRC-TOKENIZERS,cross-standard,candidate,research-seed,True,
AXM-04-TEXT-LANGUAGE-A-040-glyph-outline-point,atom,04-text-language,Text language typography speech notation and localization,glyph outline point,"Smallest independently addressable glyph outline point unit in text language typography speech notation and localization, intended to be typed, referenced, transformed or validated without requiring a whole finished asset.",SRC-OPENTYPE;SRC-LDML;SRC-HTML;SRC-EPUB;SRC-WEBVTT;SRC-TOKENIZERS,cross-standard,candidate,research-seed,True,
AXM-04-TEXT-LANGUAGE-C-001-text-run,component,04-text-language,Text language typography speech notation and localization,text run,"Reusable text run assembly in text language typography speech notation and localization, with a bounded role and an interface that can be tested independently.",SRC-OPENTYPE;SRC-LDML;SRC-HTML;SRC-EPUB;SRC-WEBVTT;SRC-TOKENIZERS,cross-standard,candidate,research-seed,True,
AXM-04-TEXT-LANGUAGE-C-002-styled-span,component,04-text-language,Text language typography speech notation and localization,styled span,"Reusable styled span assembly in text language typography speech notation and localization, with a bounded role and an interface that can be tested independently.",SRC-OPENTYPE;SRC-LDML;SRC-HTML;SRC-EPUB;SRC-WEBVTT;SRC-TOKENIZERS,cross-standard,candidate,research-seed,True,
AXM-04-TEXT-LANGUAGE-C-003-paragraph,component,04-text-language,Text language typography speech notation and localization,paragraph,"Reusable paragraph assembly in text language typography speech notation and localization, with a bounded role and an interface that can be tested independently.",SRC-OPENTYPE;SRC-LDML;SRC-HTML;SRC-EPUB;SRC-WEBVTT;SRC-TOKENIZERS,cross-standard,candidate,research-seed,True,
AXM-04-TEXT-LANGUAGE-C-004-heading,component,04-text-language,Text language typography speech notation and localization,heading,"Reusable heading assembly in text language typography speech notation and localization, with a bounded role and an interface that can be tested independently.",SRC-OPENTYPE;SRC-LDML;SRC-HTML;SRC-EPUB;SRC-WEBVTT;SRC-TOKENIZERS,cross-standard,candidate,research-seed,True,
AXM-04-TEXT-LANGUAGE-C-005-list-item,component,04-text-language,Text language typography speech notation and localization,list item,"Reusable list item assembly in text language typography speech notation and localization, with a bounded role and an interface that can be tested independently.",SRC-OPENTYPE;SRC-LDML;SRC-HTML;SRC-EPUB;SRC-WEBVTT;SRC-TOKENIZERS,cross-standard,candidate,research-seed,True,
AXM-04-TEXT-LANGUAGE-C-006-rich-text-block,component,04-text-language,Text language typography speech notation and localization,rich-text block,"Reusable rich-text block assembly in text language typography speech notation and localization, with a bounded role and an interface that can be tested independently.",SRC-OPENTYPE;SRC-LDML;SRC-HTML;SRC-EPUB;SRC-WEBVTT;SRC-TOKENIZERS,cross-standard,candidate,research-seed,True,
AXM-04-TEXT-LANGUAGE-C-007-glyph-run,component,04-text-language,Text language typography speech notation and localization,glyph run,"Reusable glyph run assembly in text language typography speech notation and localization, with a bounded role and an interface that can be tested independently.",SRC-OPENTYPE;SRC-LDML;SRC-HTML;SRC-EPUB;SRC-WEBVTT;SRC-TOKENIZERS,cross-standard,candidate,research-seed,True,
AXM-04-TEXT-LANGUAGE-C-008-font-face,component,04-text-language,Text language typography speech notation and localization,font face,"Reusable font face assembly in text language typography speech notation and localization, with a bounded role and an interface that can be tested independently.",SRC-OPENTYPE;SRC-LDML;SRC-HTML;SRC-EPUB;SRC-WEBVTT;SRC-TOKENIZERS,cross-standard,candidate,research-seed,True,
AXM-04-TEXT-LANGUAGE-C-009-font-family,component,04-text-language,Text language typography speech notation and localization,font family,"Reusable font family assembly in text language typography speech notation and localization, with a bounded role and an interface that can be tested independently.",SRC-OPENTYPE;SRC-LDML;SRC-HTML;SRC-EPUB;SRC-WEBVTT;SRC-TOKENIZERS,cross-standard,candidate,research-seed,True,
AXM-04-TEXT-LANGUAGE-C-010-variable-font-instance,component,04-text-language,Text language typography speech notation and localization,variable-font instance,"Reusable variable-font instance assembly in text language typography speech notation and localization, with a bounded role and an interface that can be tested independently.",SRC-OPENTYPE;SRC-LDML;SRC-HTML;SRC-EPUB;SRC-WEBVTT;SRC-TOKENIZERS,cross-standard,candidate,research-seed,True,
AXM-04-TEXT-LANGUAGE-C-011-message-template,component,04-text-language,Text language typography speech notation and localization,message template,"Reusable message template assembly in text language typography speech notation and localization, with a bounded role and an interface that can be tested independently.",SRC-OPENTYPE;SRC-LDML;SRC-HTML;SRC-EPUB;SRC-WEBVTT;SRC-TOKENIZERS,cross-standard,candidate,research-seed,True,
AXM-04-TEXT-LANGUAGE-C-012-localization-string,component,04-text-language,Text language typography speech notation and localization,localization string,"Reusable localization string assembly in text language typography speech notation and localization, with a bounded role and an interface that can be tested independently.",SRC-OPENTYPE;SRC-LDML;SRC-HTML;SRC-EPUB;SRC-WEBVTT;SRC-TOKENIZERS,cross-standard,candidate,research-seed,True,
AXM-04-TEXT-LANGUAGE-C-013-translation-unit,component,04-text-language,Text language typography speech notation and localization,translation unit,"Reusable translation unit assembly in text language typography speech notation and localization, with a bounded role and an interface that can be tested independently.",SRC-OPENTYPE;SRC-LDML;SRC-HTML;SRC-EPUB;SRC-WEBVTT;SRC-TOKENIZERS,cross-standard,candidate,research-seed,True,
AXM-04-TEXT-LANGUAGE-C-014-term-base,component,04-text-language,Text language typography speech notation and localization,term base,"Reusable term base assembly in text language typography speech notation and localization, with a bounded role and an interface that can be tested independently.",SRC-OPENTYPE;SRC-LDML;SRC-HTML;SRC-EPUB;SRC-WEBVTT;SRC-TOKENIZERS,cross-standard,candidate,research-seed,True,
AXM-04-TEXT-LANGUAGE-C-015-glossary-entry,component,04-text-language,Text language typography speech notation and localization,glossary entry,"Reusable glossary entry assembly in text language typography speech notation and localization, with a bounded role and an interface that can be tested independently.",SRC-OPENTYPE;SRC-LDML;SRC-HTML;SRC-EPUB;SRC-WEBVTT;SRC-TOKENIZERS,cross-standard,candidate,research-seed,True,
AXM-04-TEXT-LANGUAGE-C-016-lexical-dictionary,component,04-text-language,Text language typography speech notation and localization,lexical dictionary,"Reusable lexical dictionary assembly in text language typography speech notation and localization, with a bounded role and an interface that can be tested independently.",SRC-OPENTYPE;SRC-LDML;SRC-HTML;SRC-EPUB;SRC-WEBVTT;SRC-TOKENIZERS,cross-standard,candidate,research-seed,True,
AXM-04-TEXT-LANGUAGE-C-017-bidirectional-text-segment,component,04-text-language,Text language typography speech notation and localization,bidirectional text segment,"Reusable bidirectional text segment assembly in text language typography speech notation and localization, with a bounded role and an interface that can be tested independently.",SRC-OPENTYPE;SRC-LDML;SRC-HTML;SRC-EPUB;SRC-WEBVTT;SRC-TOKENIZERS,cross-standard,candidate,research-seed,True,
AXM-04-TEXT-LANGUAGE-C-018-line-box,component,04-text-language,Text language typography speech notation and localization,line box,"Reusable line box assembly in text language typography speech notation and localization, with a bounded role and an interface that can be tested independently.",SRC-OPENTYPE;SRC-LDML;SRC-HTML;SRC-EPUB;SRC-WEBVTT;SRC-TOKENIZERS,cross-standard,candidate,research-seed,True,
AXM-04-TEXT-LANGUAGE-C-019-text-layout,component,04-text-language,Text language typography speech notation and localization,text layout,"Reusable text layout assembly in text language typography speech notation and localization, with a bounded role and an interface that can be tested independently.",SRC-OPENTYPE;SRC-LDML;SRC-HTML;SRC-EPUB;SRC-WEBVTT;SRC-TOKENIZERS,cross-standard,candidate,research-seed,True,
AXM-04-TEXT-LANGUAGE-C-020-subtitle-cue,component,04-text-language,Text language typography speech notation and localization,subtitle cue,"Reusable subtitle cue assembly in text language typography speech notation and localization, with a bounded role and an interface that can be tested independently.",SRC-OPENTYPE;SRC-LDML;SRC-HTML;SRC-EPUB;SRC-WEBVTT;SRC-TOKENIZERS,cross-standard,candidate,research-seed,True,
AXM-04-TEXT-LANGUAGE-C-021-transcript-segment,component,04-text-language,Text language typography speech notation and localization,transcript segment,"Reusable transcript segment assembly in text language typography speech notation and localization, with a bounded role and an interface that can be tested independently.",SRC-OPENTYPE;SRC-LDML;SRC-HTML;SRC-EPUB;SRC-WEBVTT;SRC-TOKENIZERS,cross-standard,candidate,research-seed,True,
AXM-04-TEXT-LANGUAGE-C-022-pronunciation-lexicon,component,04-text-language,Text language typography speech notation and localization,pronunciation lexicon,"Reusable pronunciation lexicon assembly in text language typography speech notation and localization, with a bounded role and an interface that can be tested independently.",SRC-OPENTYPE;SRC-LDML;SRC-HTML;SRC-EPUB;SRC-WEBVTT;SRC-TOKENIZERS,cross-standard,candidate,research-seed,True,
AXM-04-TEXT-LANGUAGE-C-023-spellcheck-dictionary,component,04-text-language,Text language typography speech notation and localization,spellcheck dictionary,"Reusable spellcheck dictionary assembly in text language typography speech notation and localization, with a bounded role and an interface that can be tested independently.",SRC-OPENTYPE;SRC-LDML;SRC-HTML;SRC-EPUB;SRC-WEBVTT;SRC-TOKENIZERS,cross-standard,candidate,research-seed,True,
AXM-04-TEXT-LANGUAGE-C-024-hyphenation-dictionary,component,04-text-language,Text language typography speech notation and localization,hyphenation dictionary,"Reusable hyphenation dictionary assembly in text language typography speech notation and localization, with a bounded role and an interface that can be tested independently.",SRC-OPENTYPE;SRC-LDML;SRC-HTML;SRC-EPUB;SRC-WEBVTT;SRC-TOKENIZERS,cross-standard,candidate,research-seed,True,
AXM-04-TEXT-LANGUAGE-C-025-font-feature-set,component,04-text-language,Text language typography speech notation and localization,font feature set,"Reusable font feature set assembly in text language typography speech notation and localization, with a bounded role and an interface that can be tested independently.",SRC-OPENTYPE;SRC-LDML;SRC-HTML;SRC-EPUB;SRC-WEBVTT;SRC-TOKENIZERS,cross-standard,candidate,research-seed,True,
AXM-04-TEXT-LANGUAGE-O-001-tokenizer,organ,04-text-language,Text language typography speech notation and localization,tokenizer,"Functional subsystem for tokenizer in text language typography speech notation and localization; orchestrates lower-level components, applies policy and emits results plus evidence.",SRC-OPENTYPE;SRC-LDML;SRC-HTML;SRC-EPUB;SRC-WEBVTT;SRC-TOKENIZERS,cross-standard,candidate,research-seed,True,
AXM-04-TEXT-LANGUAGE-O-002-text-parser,organ,04-text-language,Text language typography speech notation and localization,text parser,"Functional subsystem for text parser in text language typography speech notation and localization; orchestrates lower-level components, applies policy and emits results plus evidence.",SRC-OPENTYPE;SRC-LDML;SRC-HTML;SRC-EPUB;SRC-WEBVTT;SRC-TOKENIZERS,cross-standard,candidate,research-seed,True,
AXM-04-TEXT-LANGUAGE-O-003-text-shaping-engine,organ,04-text-language,Text language typography speech notation and localization,text shaping engine,"Functional subsystem for text shaping engine in text language typography speech notation and localization; orchestrates lower-level components, applies policy and emits results plus evidence.",SRC-OPENTYPE;SRC-LDML;SRC-HTML;SRC-EPUB;SRC-WEBVTT;SRC-TOKENIZERS,cross-standard,candidate,research-seed,True,
AXM-04-TEXT-LANGUAGE-O-004-line-layout-engine,organ,04-text-language,Text language typography speech notation and localization,line-layout engine,"Functional subsystem for line-layout engine in text language typography speech notation and localization; orchestrates lower-level components, applies policy and emits results plus evidence.",SRC-OPENTYPE;SRC-LDML;SRC-HTML;SRC-EPUB;SRC-WEBVTT;SRC-TOKENIZERS,cross-standard,candidate,research-seed,True,
AXM-04-TEXT-LANGUAGE-O-005-font-manager,organ,04-text-language,Text language typography speech notation and localization,font manager,"Functional subsystem for font manager in text language typography speech notation and localization; orchestrates lower-level components, applies policy and emits results plus evidence.",SRC-OPENTYPE;SRC-LDML;SRC-HTML;SRC-EPUB;SRC-WEBVTT;SRC-TOKENIZERS,cross-standard,candidate,research-seed,True,
AXM-04-TEXT-LANGUAGE-O-006-localization-engine,organ,04-text-language,Text language typography speech notation and localization,localization engine,"Functional subsystem for localization engine in text language typography speech notation and localization; orchestrates lower-level components, applies policy and emits results plus evidence.",SRC-OPENTYPE;SRC-LDML;SRC-HTML;SRC-EPUB;SRC-WEBVTT;SRC-TOKENIZERS,cross-standard,candidate,research-seed,True,
AXM-04-TEXT-LANGUAGE-O-007-message-formatter,organ,04-text-language,Text language typography speech notation and localization,message formatter,"Functional subsystem for message formatter in text language typography speech notation and localization; orchestrates lower-level components, applies policy and emits results plus evidence.",SRC-OPENTYPE;SRC-LDML;SRC-HTML;SRC-EPUB;SRC-WEBVTT;SRC-TOKENIZERS,cross-standard,candidate,research-seed,True,
AXM-04-TEXT-LANGUAGE-O-008-spell-and-grammar-checker,organ,04-text-language,Text language typography speech notation and localization,spell and grammar checker,"Functional subsystem for spell and grammar checker in text language typography speech notation and localization; orchestrates lower-level components, applies policy and emits results plus evidence.",SRC-OPENTYPE;SRC-LDML;SRC-HTML;SRC-EPUB;SRC-WEBVTT;SRC-TOKENIZERS,cross-standard,candidate,research-seed,True,
AXM-04-TEXT-LANGUAGE-O-009-transcription-organ,organ,04-text-language,Text language typography speech notation and localization,transcription organ,"Functional subsystem for transcription organ in text language typography speech notation and localization; orchestrates lower-level components, applies policy and emits results plus evidence.",SRC-OPENTYPE;SRC-LDML;SRC-HTML;SRC-EPUB;SRC-WEBVTT;SRC-TOKENIZERS,cross-standard,candidate,research-seed,True,
AXM-04-TEXT-LANGUAGE-O-010-text-to-speech-organ,organ,04-text-language,Text language typography speech notation and localization,text-to-speech organ,"Functional subsystem for text-to-speech organ in text language typography speech notation and localization; orchestrates lower-level components, applies policy and emits results plus evidence.",SRC-OPENTYPE;SRC-LDML;SRC-HTML;SRC-EPUB;SRC-WEBVTT;SRC-TOKENIZERS,cross-standard,candidate,research-seed,True,
AXM-04-TEXT-LANGUAGE-O-011-speech-to-text-organ,organ,04-text-language,Text language typography speech notation and localization,speech-to-text organ,"Functional subsystem for speech-to-text organ in text language typography speech notation and localization; orchestrates lower-level components, applies policy and emits results plus evidence.",SRC-OPENTYPE;SRC-LDML;SRC-HTML;SRC-EPUB;SRC-WEBVTT;SRC-TOKENIZERS,cross-standard,candidate,research-seed,True,
AXM-04-TEXT-LANGUAGE-O-012-terminology-manager,organ,04-text-language,Text language typography speech notation and localization,terminology manager,"Functional subsystem for terminology manager in text language typography speech notation and localization; orchestrates lower-level components, applies policy and emits results plus evidence.",SRC-OPENTYPE;SRC-LDML;SRC-HTML;SRC-EPUB;SRC-WEBVTT;SRC-TOKENIZERS,cross-standard,candidate,research-seed,True,
AXM-04-TEXT-LANGUAGE-O-013-subtitle-formatter,organ,04-text-language,Text language typography speech notation and localization,subtitle formatter,"Functional subsystem for subtitle formatter in text language typography speech notation and localization; orchestrates lower-level components, applies policy and emits results plus evidence.",SRC-OPENTYPE;SRC-LDML;SRC-HTML;SRC-EPUB;SRC-WEBVTT;SRC-TOKENIZERS,cross-standard,candidate,research-seed,True,
AXM-04-TEXT-LANGUAGE-O-014-font-subsetting-organ,organ,04-text-language,Text language typography speech notation and localization,font-subsetting organ,"Functional subsystem for font-subsetting organ in text language typography speech notation and localization; orchestrates lower-level components, applies policy and emits results plus evidence.",SRC-OPENTYPE;SRC-LDML;SRC-HTML;SRC-EPUB;SRC-WEBVTT;SRC-TOKENIZERS,cross-standard,candidate,research-seed,True,
AXM-05-CODE-GRAMMAR-A-001-source-character,atom,05-code-grammar,Code grammar and executable program structure,source character,"Smallest independently addressable source character unit in code grammar and executable program structure, intended to be typed, referenced, transformed or validated without requiring a whole finished asset.",SRC-TREESITTER;SRC-WASM;SRC-GIT;SRC-JSONSCHEMA,cross-standard,candidate,research-seed,True,
AXM-05-CODE-GRAMMAR-A-002-token,atom,05-code-grammar,Code grammar and executable program structure,token,"Smallest independently addressable token unit in code grammar and executable program structure, intended to be typed, referenced, transformed or validated without requiring a whole finished asset.",SRC-TREESITTER;SRC-WASM;SRC-GIT;SRC-JSONSCHEMA,cross-standard,candidate,research-seed,True,
AXM-05-CODE-GRAMMAR-A-003-keyword,atom,05-code-grammar,Code grammar and executable program structure,keyword,"Smallest independently addressable keyword unit in code grammar and executable program structure, intended to be typed, referenced, transformed or validated without requiring a whole finished asset.",SRC-TREESITTER;SRC-WASM;SRC-GIT;SRC-JSONSCHEMA,cross-standard,candidate,research-seed,True,
AXM-05-CODE-GRAMMAR-A-004-identifier-token,atom,05-code-grammar,Code grammar and executable program structure,identifier token,"Smallest independently addressable identifier token unit in code grammar and executable program structure, intended to be typed, referenced, transformed or validated without requiring a whole finished asset.",SRC-TREESITTER;SRC-WASM;SRC-GIT;SRC-JSONSCHEMA,cross-standard,candidate,research-seed,True,
AXM-05-CODE-GRAMMAR-A-005-literal,atom,05-code-grammar,Code grammar and executable program structure,literal,"Smallest independently addressable literal unit in code grammar and executable program structure, intended to be typed, referenced, transformed or validated without requiring a whole finished asset.",SRC-TREESITTER;SRC-WASM;SRC-GIT;SRC-JSONSCHEMA,cross-standard,candidate,research-seed,True,
AXM-05-CODE-GRAMMAR-A-006-operator-token,atom,05-code-grammar,Code grammar and executable program structure,operator token,"Smallest independently addressable operator token unit in code grammar and executable program structure, intended to be typed, referenced, transformed or validated without requiring a whole finished asset.",SRC-TREESITTER;SRC-WASM;SRC-GIT;SRC-JSONSCHEMA,cross-standard,candidate,research-seed,True,
AXM-05-CODE-GRAMMAR-A-007-delimiter,atom,05-code-grammar,Code grammar and executable program structure,delimiter,"Smallest independently addressable delimiter unit in code grammar and executable program structure, intended to be typed, referenced, transformed or validated without requiring a whole finished asset.",SRC-TREESITTER;SRC-WASM;SRC-GIT;SRC-JSONSCHEMA,cross-standard,candidate,research-seed,True,
AXM-05-CODE-GRAMMAR-A-008-comment,atom,05-code-grammar,Code grammar and executable program structure,comment,"Smallest independently addressable comment unit in code grammar and executable program structure, intended to be typed, referenced, transformed or validated without requiring a whole finished asset.",SRC-TREESITTER;SRC-WASM;SRC-GIT;SRC-JSONSCHEMA,cross-standard,candidate,research-seed,True,
AXM-05-CODE-GRAMMAR-A-009-whitespace-trivia,atom,05-code-grammar,Code grammar and executable program structure,whitespace trivia,"Smallest independently addressable whitespace trivia unit in code grammar and executable program structure, intended to be typed, referenced, transformed or validated without requiring a whole finished asset.",SRC-TREESITTER;SRC-WASM;SRC-GIT;SRC-JSONSCHEMA,cross-standard,candidate,research-seed,True,
AXM-05-CODE-GRAMMAR-A-010-grammar-terminal,atom,05-code-grammar,Code grammar and executable program structure,grammar terminal,"Smallest independently addressable grammar terminal unit in code grammar and executable program structure, intended to be typed, referenced, transformed or validated without requiring a whole finished asset.",SRC-TREESITTER;SRC-WASM;SRC-GIT;SRC-JSONSCHEMA,cross-standard,candidate,research-seed,True,
AXM-05-CODE-GRAMMAR-A-011-grammar-nonterminal,atom,05-code-grammar,Code grammar and executable program structure,grammar nonterminal,"Smallest independently addressable grammar nonterminal unit in code grammar and executable program structure, intended to be typed, referenced, transformed or validated without requiring a whole finished asset.",SRC-TREESITTER;SRC-WASM;SRC-GIT;SRC-JSONSCHEMA,cross-standard,candidate,research-seed,True,
AXM-05-CODE-GRAMMAR-A-012-production-rule,atom,05-code-grammar,Code grammar and executable program structure,production rule,"Smallest independently addressable production rule unit in code grammar and executable program structure, intended to be typed, referenced, transformed or validated without requiring a whole finished asset.",SRC-TREESITTER;SRC-WASM;SRC-GIT;SRC-JSONSCHEMA,cross-standard,candidate,research-seed,True,
AXM-05-CODE-GRAMMAR-A-013-precedence-rule,atom,05-code-grammar,Code grammar and executable program structure,precedence rule,"Smallest independently addressable precedence rule unit in code grammar and executable program structure, intended to be typed, referenced, transformed or validated without requiring a whole finished asset.",SRC-TREESITTER;SRC-WASM;SRC-GIT;SRC-JSONSCHEMA,cross-standard,candidate,research-seed,True,
AXM-05-CODE-GRAMMAR-A-014-associativity-rule,atom,05-code-grammar,Code grammar and executable program structure,associativity rule,"Smallest independently addressable associativity rule unit in code grammar and executable program structure, intended to be typed, referenced, transformed or validated without requiring a whole finished asset.",SRC-TREESITTER;SRC-WASM;SRC-GIT;SRC-JSONSCHEMA,cross-standard,candidate,research-seed,True,
AXM-05-CODE-GRAMMAR-A-015-parse-node,atom,05-code-grammar,Code grammar and executable program structure,parse node,"Smallest independently addressable parse node unit in code grammar and executable program structure, intended to be typed, referenced, transformed or validated without requiring a whole finished asset.",SRC-TREESITTER;SRC-WASM;SRC-GIT;SRC-JSONSCHEMA,cross-standard,candidate,research-seed,True,
AXM-05-CODE-GRAMMAR-A-016-abstract-syntax-node,atom,05-code-grammar,Code grammar and executable program structure,abstract-syntax node,"Smallest independently addressable abstract-syntax node unit in code grammar and executable program structure, intended to be typed, referenced, transformed or validated without requiring a whole finished asset.",SRC-TREESITTER;SRC-WASM;SRC-GIT;SRC-JSONSCHEMA,cross-standard,candidate,research-seed,True,
AXM-05-CODE-GRAMMAR-A-017-concrete-syntax-node,atom,05-code-grammar,Code grammar and executable program structure,concrete-syntax node,"Smallest independently addressable concrete-syntax node unit in code grammar and executable program structure, intended to be typed, referenced, transformed or validated without requiring a whole finished asset.",SRC-TREESITTER;SRC-WASM;SRC-GIT;SRC-JSONSCHEMA,cross-standard,candidate,research-seed,True,
AXM-05-CODE-GRAMMAR-A-018-symbol,atom,05-code-grammar,Code grammar and executable program structure,symbol,"Smallest independently addressable symbol unit in code grammar and executable program structure, intended to be typed, referenced, transformed or validated without requiring a whole finished asset.",SRC-TREESITTER;SRC-WASM;SRC-GIT;SRC-JSONSCHEMA,cross-standard,candidate,research-seed,True,
AXM-05-CODE-GRAMMAR-A-019-scope,atom,05-code-grammar,Code grammar and executable program structure,scope,"Smallest independently addressable scope unit in code grammar and executable program structure, intended to be typed, referenced, transformed or validated without requiring a whole finished asset.",SRC-TREESITTER;SRC-WASM;SRC-GIT;SRC-JSONSCHEMA,cross-standard,candidate,research-seed,True,
AXM-05-CODE-GRAMMAR-A-020-binding,atom,05-code-grammar,Code grammar and executable program structure,binding,"Smallest independently addressable binding unit in code grammar and executable program structure, intended to be typed, referenced, transformed or validated without requiring a whole finished asset.",SRC-TREESITTER;SRC-WASM;SRC-GIT;SRC-JSONSCHEMA,cross-standard,candidate,research-seed,True,
AXM-05-CODE-GRAMMAR-A-021-type,atom,05-code-grammar,Code grammar and executable program structure,type,"Smallest independently addressable type unit in code grammar and executable program structure, intended to be typed, referenced, transformed or validated without requiring a whole finished asset.",SRC-TREESITTER;SRC-WASM;SRC-GIT;SRC-JSONSCHEMA,cross-standard,candidate,research-seed,True,
AXM-05-CODE-GRAMMAR-A-022-type-parameter,atom,05-code-grammar,Code grammar and executable program structure,type parameter,"Smallest independently addressable type parameter unit in code grammar and executable program structure, intended to be typed, referenced, transformed or validated without requiring a whole finished asset.",SRC-TREESITTER;SRC-WASM;SRC-GIT;SRC-JSONSCHEMA,cross-standard,candidate,research-seed,True,
AXM-05-CODE-GRAMMAR-A-023-function-parameter,atom,05-code-grammar,Code grammar and executable program structure,function parameter,"Smallest independently addressable function parameter unit in code grammar and executable program structure, intended to be typed, referenced, transformed or validated without requiring a whole finished asset.",SRC-TREESITTER;SRC-WASM;SRC-GIT;SRC-JSONSCHEMA,cross-standard,candidate,research-seed,True,
AXM-05-CODE-GRAMMAR-A-024-argument,atom,05-code-grammar,Code grammar and executable program structure,argument,"Smallest independently addressable argument unit in code grammar and executable program structure, intended to be typed, referenced, transformed or validated without requiring a whole finished asset.",SRC-TREESITTER;SRC-WASM;SRC-GIT;SRC-JSONSCHEMA,cross-standard,candidate,research-seed,True,
AXM-05-CODE-GRAMMAR-A-025-expression,atom,05-code-grammar,Code grammar and executable program structure,expression,"Smallest independently addressable expression unit in code grammar and executable program structure, intended to be typed, referenced, transformed or validated without requiring a whole finished asset.",SRC-TREESITTER;SRC-WASM;SRC-GIT;SRC-JSONSCHEMA,cross-standard,candidate,research-seed,True,
AXM-05-CODE-GRAMMAR-A-026-statement,atom,05-code-grammar,Code grammar and executable program structure,statement,"Smallest independently addressable statement unit in code grammar and executable program structure, intended to be typed, referenced, transformed or validated without requiring a whole finished asset.",SRC-TREESITTER;SRC-WASM;SRC-GIT;SRC-JSONSCHEMA,cross-standard,candidate,research-seed,True,
AXM-05-CODE-GRAMMAR-A-027-declaration,atom,05-code-grammar,Code grammar and executable program structure,declaration,"Smallest independently addressable declaration unit in code grammar and executable program structure, intended to be typed, referenced, transformed or validated without requiring a whole finished asset.",SRC-TREESITTER;SRC-WASM;SRC-GIT;SRC-JSONSCHEMA,cross-standard,candidate,research-seed,True,
AXM-05-CODE-GRAMMAR-A-028-annotation,atom,05-code-grammar,Code grammar and executable program structure,annotation,"Smallest independently addressable annotation unit in code grammar and executable program structure, intended to be typed, referenced, transformed or validated without requiring a whole finished asset.",SRC-TREESITTER;SRC-WASM;SRC-GIT;SRC-JSONSCHEMA,cross-standard,candidate,research-seed,True,
AXM-05-CODE-GRAMMAR-A-029-attribute,atom,05-code-grammar,Code grammar and executable program structure,attribute,"Smallest independently addressable attribute unit in code grammar and executable program structure, intended to be typed, referenced, transformed or validated without requiring a whole finished asset.",SRC-TREESITTER;SRC-WASM;SRC-GIT;SRC-JSONSCHEMA,cross-standard,candidate,research-seed,True,
AXM-05-CODE-GRAMMAR-A-030-import,atom,05-code-grammar,Code grammar and executable program structure,import,"Smallest independently addressable import unit in code grammar and executable program structure, intended to be typed, referenced, transformed or validated without requiring a whole finished asset.",SRC-TREESITTER;SRC-WASM;SRC-GIT;SRC-JSONSCHEMA,cross-standard,candidate,research-seed,True,
AXM-05-CODE-GRAMMAR-A-031-export,atom,05-code-grammar,Code grammar and executable program structure,export,"Smallest independently addressable export unit in code grammar and executable program structure, intended to be typed, referenced, transformed or validated without requiring a whole finished asset.",SRC-TREESITTER;SRC-WASM;SRC-GIT;SRC-JSONSCHEMA,cross-standard,candidate,research-seed,True,
AXM-05-CODE-GRAMMAR-A-032-module-path,atom,05-code-grammar,Code grammar and executable program structure,module path,"Smallest independently addressable module path unit in code grammar and executable program structure, intended to be typed, referenced, transformed or validated without requiring a whole finished asset.",SRC-TREESITTER;SRC-WASM;SRC-GIT;SRC-JSONSCHEMA,cross-standard,candidate,research-seed,True,
AXM-05-CODE-GRAMMAR-A-033-instruction,atom,05-code-grammar,Code grammar and executable program structure,instruction,"Smallest independently addressable instruction unit in code grammar and executable program structure, intended to be typed, referenced, transformed or validated without requiring a whole finished asset.",SRC-TREESITTER;SRC-WASM;SRC-GIT;SRC-JSONSCHEMA,cross-standard,candidate,research-seed,True,
AXM-05-CODE-GRAMMAR-A-034-opcode,atom,05-code-grammar,Code grammar and executable program structure,opcode,"Smallest independently addressable opcode unit in code grammar and executable program structure, intended to be typed, referenced, transformed or validated without requiring a whole finished asset.",SRC-TREESITTER;SRC-WASM;SRC-GIT;SRC-JSONSCHEMA,cross-standard,candidate,research-seed,True,
AXM-05-CODE-GRAMMAR-A-035-operand,atom,05-code-grammar,Code grammar and executable program structure,operand,"Smallest independently addressable operand unit in code grammar and executable program structure, intended to be typed, referenced, transformed or validated without requiring a whole finished asset.",SRC-TREESITTER;SRC-WASM;SRC-GIT;SRC-JSONSCHEMA,cross-standard,candidate,research-seed,True,
AXM-05-CODE-GRAMMAR-A-036-basic-block,atom,05-code-grammar,Code grammar and executable program structure,basic block,"Smallest independently addressable basic block unit in code grammar and executable program structure, intended to be typed, referenced, transformed or validated without requiring a whole finished asset.",SRC-TREESITTER;SRC-WASM;SRC-GIT;SRC-JSONSCHEMA,cross-standard,candidate,research-seed,True,
AXM-05-CODE-GRAMMAR-A-037-branch-target,atom,05-code-grammar,Code grammar and executable program structure,branch target,"Smallest independently addressable branch target unit in code grammar and executable program structure, intended to be typed, referenced, transformed or validated without requiring a whole finished asset.",SRC-TREESITTER;SRC-WASM;SRC-GIT;SRC-JSONSCHEMA,cross-standard,candidate,research-seed,True,
AXM-05-CODE-GRAMMAR-A-038-source-span,atom,05-code-grammar,Code grammar and executable program structure,source span,"Smallest independently addressable source span unit in code grammar and executable program structure, intended to be typed, referenced, transformed or validated without requiring a whole finished asset.",SRC-TREESITTER;SRC-WASM;SRC-GIT;SRC-JSONSCHEMA,cross-standard,candidate,research-seed,True,
AXM-05-CODE-GRAMMAR-A-039-diagnostic-code,atom,05-code-grammar,Code grammar and executable program structure,diagnostic code,"Smallest independently addressable diagnostic code unit in code grammar and executable program structure, intended to be typed, referenced, transformed or validated without requiring a whole finished asset.",SRC-TREESITTER;SRC-WASM;SRC-GIT;SRC-JSONSCHEMA,cross-standard,candidate,research-seed,True,
AXM-05-CODE-GRAMMAR-A-040-compiler-flag,atom,05-code-grammar,Code grammar and executable program structure,compiler flag,"Smallest independently addressable compiler flag unit in code grammar and executable program structure, intended to be typed, referenced, transformed or validated without requiring a whole finished asset.",SRC-TREESITTER;SRC-WASM;SRC-GIT;SRC-JSONSCHEMA,cross-standard,candidate,research-seed,True,
AXM-05-CODE-GRAMMAR-A-041-memory-address,atom,05-code-grammar,Code grammar and executable program structure,memory address,"Smallest independently addressable memory address unit in code grammar and executable program structure, intended to be typed, referenced, transformed or validated without requiring a whole finished asset.",SRC-TREESITTER;SRC-WASM;SRC-GIT;SRC-JSONSCHEMA,cross-standard,candidate,research-seed,True,
AXM-05-CODE-GRAMMAR-A-042-local-variable,atom,05-code-grammar,Code grammar and executable program structure,local variable,"Smallest independently addressable local variable unit in code grammar and executable program structure, intended to be typed, referenced, transformed or validated without requiring a whole finished asset.",SRC-TREESITTER;SRC-WASM;SRC-GIT;SRC-JSONSCHEMA,cross-standard,candidate,research-seed,True,
AXM-05-CODE-GRAMMAR-A-043-global-variable,atom,05-code-grammar,Code grammar and executable program structure,global variable,"Smallest independently addressable global variable unit in code grammar and executable program structure, intended to be typed, referenced, transformed or validated without requiring a whole finished asset.",SRC-TREESITTER;SRC-WASM;SRC-GIT;SRC-JSONSCHEMA,cross-standard,candidate,research-seed,True,
AXM-05-CODE-GRAMMAR-A-044-constant,atom,05-code-grammar,Code grammar and executable program structure,constant,"Smallest independently addressable constant unit in code grammar and executable program structure, intended to be typed, referenced, transformed or validated without requiring a whole finished asset.",SRC-TREESITTER;SRC-WASM;SRC-GIT;SRC-JSONSCHEMA,cross-standard,candidate,research-seed,True,
AXM-05-CODE-GRAMMAR-A-045-function-reference,atom,05-code-grammar,Code grammar and executable program structure,function reference,"Smallest independently addressable function reference unit in code grammar and executable program structure, intended to be typed, referenced, transformed or validated without requiring a whole finished asset.",SRC-TREESITTER;SRC-WASM;SRC-GIT;SRC-JSONSCHEMA,cross-standard,candidate,research-seed,True,
AXM-05-CODE-GRAMMAR-A-046-table-reference,atom,05-code-grammar,Code grammar and executable program structure,table reference,"Smallest independently addressable table reference unit in code grammar and executable program structure, intended to be typed, referenced, transformed or validated without requiring a whole finished asset.",SRC-TREESITTER;SRC-WASM;SRC-GIT;SRC-JSONSCHEMA,cross-standard,candidate,research-seed,True,
AXM-05-CODE-GRAMMAR-C-001-grammar-definition,component,05-code-grammar,Code grammar and executable program structure,grammar definition,"Reusable grammar definition assembly in code grammar and executable program structure, with a bounded role and an interface that can be tested independently.",SRC-TREESITTER;SRC-WASM;SRC-GIT;SRC-JSONSCHEMA,cross-standard,candidate,research-seed,True,
AXM-05-CODE-GRAMMAR-C-002-lexer,component,05-code-grammar,Code grammar and executable program structure,lexer,"Reusable lexer assembly in code grammar and executable program structure, with a bounded role and an interface that can be tested independently.",SRC-TREESITTER;SRC-WASM;SRC-GIT;SRC-JSONSCHEMA,cross-standard,candidate,research-seed,True,
AXM-05-CODE-GRAMMAR-C-003-parser-table,component,05-code-grammar,Code grammar and executable program structure,parser table,"Reusable parser table assembly in code grammar and executable program structure, with a bounded role and an interface that can be tested independently.",SRC-TREESITTER;SRC-WASM;SRC-GIT;SRC-JSONSCHEMA,cross-standard,candidate,research-seed,True,
AXM-05-CODE-GRAMMAR-C-004-concrete-syntax-tree,component,05-code-grammar,Code grammar and executable program structure,concrete syntax tree,"Reusable concrete syntax tree assembly in code grammar and executable program structure, with a bounded role and an interface that can be tested independently.",SRC-TREESITTER;SRC-WASM;SRC-GIT;SRC-JSONSCHEMA,cross-standard,candidate,research-seed,True,
AXM-05-CODE-GRAMMAR-C-005-abstract-syntax-tree,component,05-code-grammar,Code grammar and executable program structure,abstract syntax tree,"Reusable abstract syntax tree assembly in code grammar and executable program structure, with a bounded role and an interface that can be tested independently.",SRC-TREESITTER;SRC-WASM;SRC-GIT;SRC-JSONSCHEMA,cross-standard,candidate,research-seed,True,
AXM-05-CODE-GRAMMAR-C-006-symbol-table,component,05-code-grammar,Code grammar and executable program structure,symbol table,"Reusable symbol table assembly in code grammar and executable program structure, with a bounded role and an interface that can be tested independently.",SRC-TREESITTER;SRC-WASM;SRC-GIT;SRC-JSONSCHEMA,cross-standard,candidate,research-seed,True,
AXM-05-CODE-GRAMMAR-C-007-type-graph,component,05-code-grammar,Code grammar and executable program structure,type graph,"Reusable type graph assembly in code grammar and executable program structure, with a bounded role and an interface that can be tested independently.",SRC-TREESITTER;SRC-WASM;SRC-GIT;SRC-JSONSCHEMA,cross-standard,candidate,research-seed,True,
AXM-05-CODE-GRAMMAR-C-008-control-flow-graph,component,05-code-grammar,Code grammar and executable program structure,control-flow graph,"Reusable control-flow graph assembly in code grammar and executable program structure, with a bounded role and an interface that can be tested independently.",SRC-TREESITTER;SRC-WASM;SRC-GIT;SRC-JSONSCHEMA,cross-standard,candidate,research-seed,True,
AXM-05-CODE-GRAMMAR-C-009-data-flow-graph,component,05-code-grammar,Code grammar and executable program structure,data-flow graph,"Reusable data-flow graph assembly in code grammar and executable program structure, with a bounded role and an interface that can be tested independently.",SRC-TREESITTER;SRC-WASM;SRC-GIT;SRC-JSONSCHEMA,cross-standard,candidate,research-seed,True,
AXM-05-CODE-GRAMMAR-C-010-intermediate-representation-module,component,05-code-grammar,Code grammar and executable program structure,intermediate-representation module,"Reusable intermediate-representation module assembly in code grammar and executable program structure, with a bounded role and an interface that can be tested independently.",SRC-TREESITTER;SRC-WASM;SRC-GIT;SRC-JSONSCHEMA,cross-standard,candidate,research-seed,True,
AXM-05-CODE-GRAMMAR-C-011-function,component,05-code-grammar,Code grammar and executable program structure,function,"Reusable function assembly in code grammar and executable program structure, with a bounded role and an interface that can be tested independently.",SRC-TREESITTER;SRC-WASM;SRC-GIT;SRC-JSONSCHEMA,cross-standard,candidate,research-seed,True,
AXM-05-CODE-GRAMMAR-C-012-class,component,05-code-grammar,Code grammar and executable program structure,class,"Reusable class assembly in code grammar and executable program structure, with a bounded role and an interface that can be tested independently.",SRC-TREESITTER;SRC-WASM;SRC-GIT;SRC-JSONSCHEMA,cross-standard,candidate,research-seed,True,
AXM-05-CODE-GRAMMAR-C-013-interface,component,05-code-grammar,Code grammar and executable program structure,interface,"Reusable interface assembly in code grammar and executable program structure, with a bounded role and an interface that can be tested independently.",SRC-TREESITTER;SRC-WASM;SRC-GIT;SRC-JSONSCHEMA,cross-standard,candidate,research-seed,True,
AXM-05-CODE-GRAMMAR-C-014-trait,component,05-code-grammar,Code grammar and executable program structure,trait,"Reusable trait assembly in code grammar and executable program structure, with a bounded role and an interface that can be tested independently.",SRC-TREESITTER;SRC-WASM;SRC-GIT;SRC-JSONSCHEMA,cross-standard,candidate,research-seed,True,
AXM-05-CODE-GRAMMAR-C-015-module,component,05-code-grammar,Code grammar and executable program structure,module,"Reusable module assembly in code grammar and executable program structure, with a bounded role and an interface that can be tested independently.",SRC-TREESITTER;SRC-WASM;SRC-GIT;SRC-JSONSCHEMA,cross-standard,candidate,research-seed,True,
AXM-05-CODE-GRAMMAR-C-016-package,component,05-code-grammar,Code grammar and executable program structure,package,"Reusable package assembly in code grammar and executable program structure, with a bounded role and an interface that can be tested independently.",SRC-TREESITTER;SRC-WASM;SRC-GIT;SRC-JSONSCHEMA,cross-standard,candidate,research-seed,True,
AXM-05-CODE-GRAMMAR-C-017-library,component,05-code-grammar,Code grammar and executable program structure,library,"Reusable library assembly in code grammar and executable program structure, with a bounded role and an interface that can be tested independently.",SRC-TREESITTER;SRC-WASM;SRC-GIT;SRC-JSONSCHEMA,cross-standard,candidate,research-seed,True,
AXM-05-CODE-GRAMMAR-C-018-executable-unit,component,05-code-grammar,Code grammar and executable program structure,executable unit,"Reusable executable unit assembly in code grammar and executable program structure, with a bounded role and an interface that can be tested independently.",SRC-TREESITTER;SRC-WASM;SRC-GIT;SRC-JSONSCHEMA,cross-standard,candidate,research-seed,True,
AXM-05-CODE-GRAMMAR-C-019-script,component,05-code-grammar,Code grammar and executable program structure,script,"Reusable script assembly in code grammar and executable program structure, with a bounded role and an interface that can be tested independently.",SRC-TREESITTER;SRC-WASM;SRC-GIT;SRC-JSONSCHEMA,cross-standard,candidate,research-seed,True,
AXM-05-CODE-GRAMMAR-C-020-macro,component,05-code-grammar,Code grammar and executable program structure,macro,"Reusable macro assembly in code grammar and executable program structure, with a bounded role and an interface that can be tested independently.",SRC-TREESITTER;SRC-WASM;SRC-GIT;SRC-JSONSCHEMA,cross-standard,candidate,research-seed,True,
AXM-05-CODE-GRAMMAR-C-021-query-pattern,component,05-code-grammar,Code grammar and executable program structure,query pattern,"Reusable query pattern assembly in code grammar and executable program structure, with a bounded role and an interface that can be tested independently.",SRC-TREESITTER;SRC-WASM;SRC-GIT;SRC-JSONSCHEMA,cross-standard,candidate,research-seed,True,
AXM-05-CODE-GRAMMAR-C-022-code-template,component,05-code-grammar,Code grammar and executable program structure,code template,"Reusable code template assembly in code grammar and executable program structure, with a bounded role and an interface that can be tested independently.",SRC-TREESITTER;SRC-WASM;SRC-GIT;SRC-JSONSCHEMA,cross-standard,candidate,research-seed,True,
AXM-05-CODE-GRAMMAR-C-023-source-map,component,05-code-grammar,Code grammar and executable program structure,source map,"Reusable source map assembly in code grammar and executable program structure, with a bounded role and an interface that can be tested independently.",SRC-TREESITTER;SRC-WASM;SRC-GIT;SRC-JSONSCHEMA,cross-standard,candidate,research-seed,True,
AXM-05-CODE-GRAMMAR-C-024-diagnostic-report,component,05-code-grammar,Code grammar and executable program structure,diagnostic report,"Reusable diagnostic report assembly in code grammar and executable program structure, with a bounded role and an interface that can be tested independently.",SRC-TREESITTER;SRC-WASM;SRC-GIT;SRC-JSONSCHEMA,cross-standard,candidate,research-seed,True,
AXM-05-CODE-GRAMMAR-C-025-dependency-graph,component,05-code-grammar,Code grammar and executable program structure,dependency graph,"Reusable dependency graph assembly in code grammar and executable program structure, with a bounded role and an interface that can be tested independently.",SRC-TREESITTER;SRC-WASM;SRC-GIT;SRC-JSONSCHEMA,cross-standard,candidate,research-seed,True,
AXM-05-CODE-GRAMMAR-C-026-foreign-function-interface,component,05-code-grammar,Code grammar and executable program structure,foreign-function interface,"Reusable foreign-function interface assembly in code grammar and executable program structure, with a bounded role and an interface that can be tested independently.",SRC-TREESITTER;SRC-WASM;SRC-GIT;SRC-JSONSCHEMA,cross-standard,candidate,research-seed,True,
AXM-05-CODE-GRAMMAR-C-027-bytecode-module,component,05-code-grammar,Code grammar and executable program structure,bytecode module,"Reusable bytecode module assembly in code grammar and executable program structure, with a bounded role and an interface that can be tested independently.",SRC-TREESITTER;SRC-WASM;SRC-GIT;SRC-JSONSCHEMA,cross-standard,candidate,research-seed,True,
AXM-05-CODE-GRAMMAR-C-028-webassembly-module,component,05-code-grammar,Code grammar and executable program structure,WebAssembly module,"Reusable WebAssembly module assembly in code grammar and executable program structure, with a bounded role and an interface that can be tested independently.",SRC-TREESITTER;SRC-WASM;SRC-GIT;SRC-JSONSCHEMA,cross-standard,candidate,research-seed,True,
AXM-05-CODE-GRAMMAR-C-029-code-patch,component,05-code-grammar,Code grammar and executable program structure,code patch,"Reusable code patch assembly in code grammar and executable program structure, with a bounded role and an interface that can be tested independently.",SRC-TREESITTER;SRC-WASM;SRC-GIT;SRC-JSONSCHEMA,cross-standard,candidate,research-seed,True,
AXM-05-CODE-GRAMMAR-C-030-refactoring-rule,component,05-code-grammar,Code grammar and executable program structure,refactoring rule,"Reusable refactoring rule assembly in code grammar and executable program structure, with a bounded role and an interface that can be tested independently.",SRC-TREESITTER;SRC-WASM;SRC-GIT;SRC-JSONSCHEMA,cross-standard,candidate,research-seed,True,
AXM-05-CODE-GRAMMAR-O-001-grammar-compiler,organ,05-code-grammar,Code grammar and executable program structure,grammar compiler,"Functional subsystem for grammar compiler in code grammar and executable program structure; orchestrates lower-level components, applies policy and emits results plus evidence.",SRC-TREESITTER;SRC-WASM;SRC-GIT;SRC-JSONSCHEMA,cross-standard,candidate,research-seed,True,
AXM-05-CODE-GRAMMAR-O-002-parser-runtime,organ,05-code-grammar,Code grammar and executable program structure,parser runtime,"Functional subsystem for parser runtime in code grammar and executable program structure; orchestrates lower-level components, applies policy and emits results plus evidence.",SRC-TREESITTER;SRC-WASM;SRC-GIT;SRC-JSONSCHEMA,cross-standard,candidate,research-seed,True,
AXM-05-CODE-GRAMMAR-O-003-semantic-analyzer,organ,05-code-grammar,Code grammar and executable program structure,semantic analyzer,"Functional subsystem for semantic analyzer in code grammar and executable program structure; orchestrates lower-level components, applies policy and emits results plus evidence.",SRC-TREESITTER;SRC-WASM;SRC-GIT;SRC-JSONSCHEMA,cross-standard,candidate,research-seed,True,
AXM-05-CODE-GRAMMAR-O-004-type-checker,organ,05-code-grammar,Code grammar and executable program structure,type checker,"Functional subsystem for type checker in code grammar and executable program structure; orchestrates lower-level components, applies policy and emits results plus evidence.",SRC-TREESITTER;SRC-WASM;SRC-GIT;SRC-JSONSCHEMA,cross-standard,candidate,research-seed,True,
AXM-05-CODE-GRAMMAR-O-005-linter,organ,05-code-grammar,Code grammar and executable program structure,linter,"Functional subsystem for linter in code grammar and executable program structure; orchestrates lower-level components, applies policy and emits results plus evidence.",SRC-TREESITTER;SRC-WASM;SRC-GIT;SRC-JSONSCHEMA,cross-standard,candidate,research-seed,True,
AXM-05-CODE-GRAMMAR-O-006-formatter,organ,05-code-grammar,Code grammar and executable program structure,formatter,"Functional subsystem for formatter in code grammar and executable program structure; orchestrates lower-level components, applies policy and emits results plus evidence.",SRC-TREESITTER;SRC-WASM;SRC-GIT;SRC-JSONSCHEMA,cross-standard,candidate,research-seed,True,
AXM-05-CODE-GRAMMAR-O-007-transpiler,organ,05-code-grammar,Code grammar and executable program structure,transpiler,"Functional subsystem for transpiler in code grammar and executable program structure; orchestrates lower-level components, applies policy and emits results plus evidence.",SRC-TREESITTER;SRC-WASM;SRC-GIT;SRC-JSONSCHEMA,cross-standard,candidate,research-seed,True,
AXM-05-CODE-GRAMMAR-O-008-compiler,organ,05-code-grammar,Code grammar and executable program structure,compiler,"Functional subsystem for compiler in code grammar and executable program structure; orchestrates lower-level components, applies policy and emits results plus evidence.",SRC-TREESITTER;SRC-WASM;SRC-GIT;SRC-JSONSCHEMA,cross-standard,candidate,research-seed,True,
AXM-05-CODE-GRAMMAR-O-009-interpreter,organ,05-code-grammar,Code grammar and executable program structure,interpreter,"Functional subsystem for interpreter in code grammar and executable program structure; orchestrates lower-level components, applies policy and emits results plus evidence.",SRC-TREESITTER;SRC-WASM;SRC-GIT;SRC-JSONSCHEMA,cross-standard,candidate,research-seed,True,
AXM-05-CODE-GRAMMAR-O-010-linker,organ,05-code-grammar,Code grammar and executable program structure,linker,"Functional subsystem for linker in code grammar and executable program structure; orchestrates lower-level components, applies policy and emits results plus evidence.",SRC-TREESITTER;SRC-WASM;SRC-GIT;SRC-JSONSCHEMA,cross-standard,candidate,research-seed,True,
AXM-05-CODE-GRAMMAR-O-011-code-generator,organ,05-code-grammar,Code grammar and executable program structure,code generator,"Functional subsystem for code generator in code grammar and executable program structure; orchestrates lower-level components, applies policy and emits results plus evidence.",SRC-TREESITTER;SRC-WASM;SRC-GIT;SRC-JSONSCHEMA,cross-standard,candidate,research-seed,True,
AXM-05-CODE-GRAMMAR-O-012-refactoring-engine,organ,05-code-grammar,Code grammar and executable program structure,refactoring engine,"Functional subsystem for refactoring engine in code grammar and executable program structure; orchestrates lower-level components, applies policy and emits results plus evidence.",SRC-TREESITTER;SRC-WASM;SRC-GIT;SRC-JSONSCHEMA,cross-standard,candidate,research-seed,True,
AXM-05-CODE-GRAMMAR-O-013-static-analyzer,organ,05-code-grammar,Code grammar and executable program structure,static analyzer,"Functional subsystem for static analyzer in code grammar and executable program structure; orchestrates lower-level components, applies policy and emits results plus evidence.",SRC-TREESITTER;SRC-WASM;SRC-GIT;SRC-JSONSCHEMA,cross-standard,candidate,research-seed,True,
AXM-05-CODE-GRAMMAR-O-014-language-server,organ,05-code-grammar,Code grammar and executable program structure,language server,"Functional subsystem for language server in code grammar and executable program structure; orchestrates lower-level components, applies policy and emits results plus evidence.",SRC-TREESITTER;SRC-WASM;SRC-GIT;SRC-JSONSCHEMA,cross-standard,candidate,research-seed,True,
AXM-05-CODE-GRAMMAR-O-015-documentation-generator,organ,05-code-grammar,Code grammar and executable program structure,documentation generator,"Functional subsystem for documentation generator in code grammar and executable program structure; orchestrates lower-level components, applies policy and emits results plus evidence.",SRC-TREESITTER;SRC-WASM;SRC-GIT;SRC-JSONSCHEMA,cross-standard,candidate,research-seed,True,
AXM-05-CODE-GRAMMAR-O-016-code-execution-sandbox,organ,05-code-grammar,Code grammar and executable program structure,code-execution sandbox,"Functional subsystem for code-execution sandbox in code grammar and executable program structure; orchestrates lower-level components, applies policy and emits results plus evidence.",SRC-TREESITTER;SRC-WASM;SRC-GIT;SRC-JSONSCHEMA,cross-standard,candidate,research-seed,True,
AXM-05-CODE-GRAMMAR-O-017-binary-optimizer,organ,05-code-grammar,Code grammar and executable program structure,binary optimizer,"Functional subsystem for binary optimizer in code grammar and executable program structure; orchestrates lower-level components, applies policy and emits results plus evidence.",SRC-TREESITTER;SRC-WASM;SRC-GIT;SRC-JSONSCHEMA,cross-standard,candidate,research-seed,True,
AXM-05-CODE-GRAMMAR-O-018-source-to-source-transformer,organ,05-code-grammar,Code grammar and executable program structure,source-to-source transformer,"Functional subsystem for source-to-source transformer in code grammar and executable program structure; orchestrates lower-level components, applies policy and emits results plus evidence.",SRC-TREESITTER;SRC-WASM;SRC-GIT;SRC-JSONSCHEMA,cross-standard,candidate,research-seed,True,
AXM-06-BUILD-PACKAGE-A-001-artifact-digest,atom,06-build-package,Build packaging deployment release and distribution,artifact digest,"Smallest independently addressable artifact digest unit in build packaging deployment release and distribution, intended to be typed, referenced, transformed or validated without requiring a whole finished asset.",SRC-OCI;SRC-NPM;SRC-SLSA;SRC-SPDX;SRC-CYCLONEDX,cross-standard,candidate,research-seed,True,
AXM-06-BUILD-PACKAGE-A-002-file-entry,atom,06-build-package,Build packaging deployment release and distribution,file entry,"Smallest independently addressable file entry unit in build packaging deployment release and distribution, intended to be typed, referenced, transformed or validated without requiring a whole finished asset.",SRC-OCI;SRC-NPM;SRC-SLSA;SRC-SPDX;SRC-CYCLONEDX,cross-standard,candidate,research-seed,True,
AXM-06-BUILD-PACKAGE-A-003-directory-entry,atom,06-build-package,Build packaging deployment release and distribution,directory entry,"Smallest independently addressable directory entry unit in build packaging deployment release and distribution, intended to be typed, referenced, transformed or validated without requiring a whole finished asset.",SRC-OCI;SRC-NPM;SRC-SLSA;SRC-SPDX;SRC-CYCLONEDX,cross-standard,candidate,research-seed,True,
AXM-06-BUILD-PACKAGE-A-004-filesystem-layer-entry,atom,06-build-package,Build packaging deployment release and distribution,filesystem layer entry,"Smallest independently addressable filesystem layer entry unit in build packaging deployment release and distribution, intended to be typed, referenced, transformed or validated without requiring a whole finished asset.",SRC-OCI;SRC-NPM;SRC-SLSA;SRC-SPDX;SRC-CYCLONEDX,cross-standard,candidate,research-seed,True,
AXM-06-BUILD-PACKAGE-A-005-platform-tuple,atom,06-build-package,Build packaging deployment release and distribution,platform tuple,"Smallest independently addressable platform tuple unit in build packaging deployment release and distribution, intended to be typed, referenced, transformed or validated without requiring a whole finished asset.",SRC-OCI;SRC-NPM;SRC-SLSA;SRC-SPDX;SRC-CYCLONEDX,cross-standard,candidate,research-seed,True,
AXM-06-BUILD-PACKAGE-A-006-architecture-tag,atom,06-build-package,Build packaging deployment release and distribution,architecture tag,"Smallest independently addressable architecture tag unit in build packaging deployment release and distribution, intended to be typed, referenced, transformed or validated without requiring a whole finished asset.",SRC-OCI;SRC-NPM;SRC-SLSA;SRC-SPDX;SRC-CYCLONEDX,cross-standard,candidate,research-seed,True,
AXM-06-BUILD-PACKAGE-A-007-operating-system-tag,atom,06-build-package,Build packaging deployment release and distribution,operating-system tag,"Smallest independently addressable operating-system tag unit in build packaging deployment release and distribution, intended to be typed, referenced, transformed or validated without requiring a whole finished asset.",SRC-OCI;SRC-NPM;SRC-SLSA;SRC-SPDX;SRC-CYCLONEDX,cross-standard,candidate,research-seed,True,
AXM-06-BUILD-PACKAGE-A-008-dependency-constraint,atom,06-build-package,Build packaging deployment release and distribution,dependency constraint,"Smallest independently addressable dependency constraint unit in build packaging deployment release and distribution, intended to be typed, referenced, transformed or validated without requiring a whole finished asset.",SRC-OCI;SRC-NPM;SRC-SLSA;SRC-SPDX;SRC-CYCLONEDX,cross-standard,candidate,research-seed,True,
AXM-06-BUILD-PACKAGE-A-009-package-name,atom,06-build-package,Build packaging deployment release and distribution,package name,"Smallest independently addressable package name unit in build packaging deployment release and distribution, intended to be typed, referenced, transformed or validated without requiring a whole finished asset.",SRC-OCI;SRC-NPM;SRC-SLSA;SRC-SPDX;SRC-CYCLONEDX,cross-standard,candidate,research-seed,True,
AXM-06-BUILD-PACKAGE-A-010-package-version,atom,06-build-package,Build packaging deployment release and distribution,package version,"Smallest independently addressable package version unit in build packaging deployment release and distribution, intended to be typed, referenced, transformed or validated without requiring a whole finished asset.",SRC-OCI;SRC-NPM;SRC-SLSA;SRC-SPDX;SRC-CYCLONEDX,cross-standard,candidate,research-seed,True,
AXM-06-BUILD-PACKAGE-A-011-script-hook,atom,06-build-package,Build packaging deployment release and distribution,script hook,"Smallest independently addressable script hook unit in build packaging deployment release and distribution, intended to be typed, referenced, transformed or validated without requiring a whole finished asset.",SRC-OCI;SRC-NPM;SRC-SLSA;SRC-SPDX;SRC-CYCLONEDX,cross-standard,candidate,research-seed,True,
AXM-06-BUILD-PACKAGE-A-012-environment-variable,atom,06-build-package,Build packaging deployment release and distribution,environment variable,"Smallest independently addressable environment variable unit in build packaging deployment release and distribution, intended to be typed, referenced, transformed or validated without requiring a whole finished asset.",SRC-OCI;SRC-NPM;SRC-SLSA;SRC-SPDX;SRC-CYCLONEDX,cross-standard,candidate,research-seed,True,
AXM-06-BUILD-PACKAGE-A-013-build-argument,atom,06-build-package,Build packaging deployment release and distribution,build argument,"Smallest independently addressable build argument unit in build packaging deployment release and distribution, intended to be typed, referenced, transformed or validated without requiring a whole finished asset.",SRC-OCI;SRC-NPM;SRC-SLSA;SRC-SPDX;SRC-CYCLONEDX,cross-standard,candidate,research-seed,True,
AXM-06-BUILD-PACKAGE-A-014-secret-reference,atom,06-build-package,Build packaging deployment release and distribution,secret reference,"Smallest independently addressable secret reference unit in build packaging deployment release and distribution, intended to be typed, referenced, transformed or validated without requiring a whole finished asset.",SRC-OCI;SRC-NPM;SRC-SLSA;SRC-SPDX;SRC-CYCLONEDX,cross-standard,candidate,research-seed,True,
AXM-06-BUILD-PACKAGE-A-015-mount-point,atom,06-build-package,Build packaging deployment release and distribution,mount point,"Smallest independently addressable mount point unit in build packaging deployment release and distribution, intended to be typed, referenced, transformed or validated without requiring a whole finished asset.",SRC-OCI;SRC-NPM;SRC-SLSA;SRC-SPDX;SRC-CYCLONEDX,cross-standard,candidate,research-seed,True,
AXM-06-BUILD-PACKAGE-A-016-port-declaration,atom,06-build-package,Build packaging deployment release and distribution,port declaration,"Smallest independently addressable port declaration unit in build packaging deployment release and distribution, intended to be typed, referenced, transformed or validated without requiring a whole finished asset.",SRC-OCI;SRC-NPM;SRC-SLSA;SRC-SPDX;SRC-CYCLONEDX,cross-standard,candidate,research-seed,True,
AXM-06-BUILD-PACKAGE-A-017-command,atom,06-build-package,Build packaging deployment release and distribution,command,"Smallest independently addressable command unit in build packaging deployment release and distribution, intended to be typed, referenced, transformed or validated without requiring a whole finished asset.",SRC-OCI;SRC-NPM;SRC-SLSA;SRC-SPDX;SRC-CYCLONEDX,cross-standard,candidate,research-seed,True,
AXM-06-BUILD-PACKAGE-A-018-entrypoint,atom,06-build-package,Build packaging deployment release and distribution,entrypoint,"Smallest independently addressable entrypoint unit in build packaging deployment release and distribution, intended to be typed, referenced, transformed or validated without requiring a whole finished asset.",SRC-OCI;SRC-NPM;SRC-SLSA;SRC-SPDX;SRC-CYCLONEDX,cross-standard,candidate,research-seed,True,
AXM-06-BUILD-PACKAGE-A-019-cache-key,atom,06-build-package,Build packaging deployment release and distribution,cache key,"Smallest independently addressable cache key unit in build packaging deployment release and distribution, intended to be typed, referenced, transformed or validated without requiring a whole finished asset.",SRC-OCI;SRC-NPM;SRC-SLSA;SRC-SPDX;SRC-CYCLONEDX,cross-standard,candidate,research-seed,True,
AXM-06-BUILD-PACKAGE-A-020-target-name,atom,06-build-package,Build packaging deployment release and distribution,target name,"Smallest independently addressable target name unit in build packaging deployment release and distribution, intended to be typed, referenced, transformed or validated without requiring a whole finished asset.",SRC-OCI;SRC-NPM;SRC-SLSA;SRC-SPDX;SRC-CYCLONEDX,cross-standard,candidate,research-seed,True,
AXM-06-BUILD-PACKAGE-A-021-build-step,atom,06-build-package,Build packaging deployment release and distribution,build step,"Smallest independently addressable build step unit in build packaging deployment release and distribution, intended to be typed, referenced, transformed or validated without requiring a whole finished asset.",SRC-OCI;SRC-NPM;SRC-SLSA;SRC-SPDX;SRC-CYCLONEDX,cross-standard,candidate,research-seed,True,
AXM-06-BUILD-PACKAGE-A-022-output-path,atom,06-build-package,Build packaging deployment release and distribution,output path,"Smallest independently addressable output path unit in build packaging deployment release and distribution, intended to be typed, referenced, transformed or validated without requiring a whole finished asset.",SRC-OCI;SRC-NPM;SRC-SLSA;SRC-SPDX;SRC-CYCLONEDX,cross-standard,candidate,research-seed,True,
AXM-06-BUILD-PACKAGE-A-023-release-channel,atom,06-build-package,Build packaging deployment release and distribution,release channel,"Smallest independently addressable release channel unit in build packaging deployment release and distribution, intended to be typed, referenced, transformed or validated without requiring a whole finished asset.",SRC-OCI;SRC-NPM;SRC-SLSA;SRC-SPDX;SRC-CYCLONEDX,cross-standard,candidate,research-seed,True,
AXM-06-BUILD-PACKAGE-A-024-install-scope,atom,06-build-package,Build packaging deployment release and distribution,install scope,"Smallest independently addressable install scope unit in build packaging deployment release and distribution, intended to be typed, referenced, transformed or validated without requiring a whole finished asset.",SRC-OCI;SRC-NPM;SRC-SLSA;SRC-SPDX;SRC-CYCLONEDX,cross-standard,candidate,research-seed,True,
AXM-06-BUILD-PACKAGE-A-025-permission-bit,atom,06-build-package,Build packaging deployment release and distribution,permission bit,"Smallest independently addressable permission bit unit in build packaging deployment release and distribution, intended to be typed, referenced, transformed or validated without requiring a whole finished asset.",SRC-OCI;SRC-NPM;SRC-SLSA;SRC-SPDX;SRC-CYCLONEDX,cross-standard,candidate,research-seed,True,
AXM-06-BUILD-PACKAGE-A-026-compression-method,atom,06-build-package,Build packaging deployment release and distribution,compression method,"Smallest independently addressable compression method unit in build packaging deployment release and distribution, intended to be typed, referenced, transformed or validated without requiring a whole finished asset.",SRC-OCI;SRC-NPM;SRC-SLSA;SRC-SPDX;SRC-CYCLONEDX,cross-standard,candidate,research-seed,True,
AXM-06-BUILD-PACKAGE-A-027-content-media-type,atom,06-build-package,Build packaging deployment release and distribution,content media type,"Smallest independently addressable content media type unit in build packaging deployment release and distribution, intended to be typed, referenced, transformed or validated without requiring a whole finished asset.",SRC-OCI;SRC-NPM;SRC-SLSA;SRC-SPDX;SRC-CYCLONEDX,cross-standard,candidate,research-seed,True,
AXM-06-BUILD-PACKAGE-A-028-descriptor-reference,atom,06-build-package,Build packaging deployment release and distribution,descriptor reference,"Smallest independently addressable descriptor reference unit in build packaging deployment release and distribution, intended to be typed, referenced, transformed or validated without requiring a whole finished asset.",SRC-OCI;SRC-NPM;SRC-SLSA;SRC-SPDX;SRC-CYCLONEDX,cross-standard,candidate,research-seed,True,
AXM-06-BUILD-PACKAGE-A-029-layer-diff-identifier,atom,06-build-package,Build packaging deployment release and distribution,layer diff identifier,"Smallest independently addressable layer diff identifier unit in build packaging deployment release and distribution, intended to be typed, referenced, transformed or validated without requiring a whole finished asset.",SRC-OCI;SRC-NPM;SRC-SLSA;SRC-SPDX;SRC-CYCLONEDX,cross-standard,candidate,research-seed,True,
AXM-06-BUILD-PACKAGE-A-030-update-sequence,atom,06-build-package,Build packaging deployment release and distribution,update sequence,"Smallest independently addressable update sequence unit in build packaging deployment release and distribution, intended to be typed, referenced, transformed or validated without requiring a whole finished asset.",SRC-OCI;SRC-NPM;SRC-SLSA;SRC-SPDX;SRC-CYCLONEDX,cross-standard,candidate,research-seed,True,
AXM-06-BUILD-PACKAGE-C-001-package-manifest,component,06-build-package,Build packaging deployment release and distribution,package manifest,"Reusable package manifest assembly in build packaging deployment release and distribution, with a bounded role and an interface that can be tested independently.",SRC-OCI;SRC-NPM;SRC-SLSA;SRC-SPDX;SRC-CYCLONEDX,cross-standard,candidate,research-seed,True,
AXM-06-BUILD-PACKAGE-C-002-lockfile,component,06-build-package,Build packaging deployment release and distribution,lockfile,"Reusable lockfile assembly in build packaging deployment release and distribution, with a bounded role and an interface that can be tested independently.",SRC-OCI;SRC-NPM;SRC-SLSA;SRC-SPDX;SRC-CYCLONEDX,cross-standard,candidate,research-seed,True,
AXM-06-BUILD-PACKAGE-C-003-build-manifest,component,06-build-package,Build packaging deployment release and distribution,build manifest,"Reusable build manifest assembly in build packaging deployment release and distribution, with a bounded role and an interface that can be tested independently.",SRC-OCI;SRC-NPM;SRC-SLSA;SRC-SPDX;SRC-CYCLONEDX,cross-standard,candidate,research-seed,True,
AXM-06-BUILD-PACKAGE-C-004-image-manifest,component,06-build-package,Build packaging deployment release and distribution,image manifest,"Reusable image manifest assembly in build packaging deployment release and distribution, with a bounded role and an interface that can be tested independently.",SRC-OCI;SRC-NPM;SRC-SLSA;SRC-SPDX;SRC-CYCLONEDX,cross-standard,candidate,research-seed,True,
AXM-06-BUILD-PACKAGE-C-005-image-config,component,06-build-package,Build packaging deployment release and distribution,image config,"Reusable image config assembly in build packaging deployment release and distribution, with a bounded role and an interface that can be tested independently.",SRC-OCI;SRC-NPM;SRC-SLSA;SRC-SPDX;SRC-CYCLONEDX,cross-standard,candidate,research-seed,True,
AXM-06-BUILD-PACKAGE-C-006-filesystem-layer,component,06-build-package,Build packaging deployment release and distribution,filesystem layer,"Reusable filesystem layer assembly in build packaging deployment release and distribution, with a bounded role and an interface that can be tested independently.",SRC-OCI;SRC-NPM;SRC-SLSA;SRC-SPDX;SRC-CYCLONEDX,cross-standard,candidate,research-seed,True,
AXM-06-BUILD-PACKAGE-C-007-package-archive,component,06-build-package,Build packaging deployment release and distribution,package archive,"Reusable package archive assembly in build packaging deployment release and distribution, with a bounded role and an interface that can be tested independently.",SRC-OCI;SRC-NPM;SRC-SLSA;SRC-SPDX;SRC-CYCLONEDX,cross-standard,candidate,research-seed,True,
AXM-06-BUILD-PACKAGE-C-008-installer-bundle,component,06-build-package,Build packaging deployment release and distribution,installer bundle,"Reusable installer bundle assembly in build packaging deployment release and distribution, with a bounded role and an interface that can be tested independently.",SRC-OCI;SRC-NPM;SRC-SLSA;SRC-SPDX;SRC-CYCLONEDX,cross-standard,candidate,research-seed,True,
AXM-06-BUILD-PACKAGE-C-009-binary-distribution,component,06-build-package,Build packaging deployment release and distribution,binary distribution,"Reusable binary distribution assembly in build packaging deployment release and distribution, with a bounded role and an interface that can be tested independently.",SRC-OCI;SRC-NPM;SRC-SLSA;SRC-SPDX;SRC-CYCLONEDX,cross-standard,candidate,research-seed,True,
AXM-06-BUILD-PACKAGE-C-010-source-distribution,component,06-build-package,Build packaging deployment release and distribution,source distribution,"Reusable source distribution assembly in build packaging deployment release and distribution, with a bounded role and an interface that can be tested independently.",SRC-OCI;SRC-NPM;SRC-SLSA;SRC-SPDX;SRC-CYCLONEDX,cross-standard,candidate,research-seed,True,
AXM-06-BUILD-PACKAGE-C-011-dependency-tree,component,06-build-package,Build packaging deployment release and distribution,dependency tree,"Reusable dependency tree assembly in build packaging deployment release and distribution, with a bounded role and an interface that can be tested independently.",SRC-OCI;SRC-NPM;SRC-SLSA;SRC-SPDX;SRC-CYCLONEDX,cross-standard,candidate,research-seed,True,
AXM-06-BUILD-PACKAGE-C-012-build-recipe,component,06-build-package,Build packaging deployment release and distribution,build recipe,"Reusable build recipe assembly in build packaging deployment release and distribution, with a bounded role and an interface that can be tested independently.",SRC-OCI;SRC-NPM;SRC-SLSA;SRC-SPDX;SRC-CYCLONEDX,cross-standard,candidate,research-seed,True,
AXM-06-BUILD-PACKAGE-C-013-build-graph,component,06-build-package,Build packaging deployment release and distribution,build graph,"Reusable build graph assembly in build packaging deployment release and distribution, with a bounded role and an interface that can be tested independently.",SRC-OCI;SRC-NPM;SRC-SLSA;SRC-SPDX;SRC-CYCLONEDX,cross-standard,candidate,research-seed,True,
AXM-06-BUILD-PACKAGE-C-014-release-manifest,component,06-build-package,Build packaging deployment release and distribution,release manifest,"Reusable release manifest assembly in build packaging deployment release and distribution, with a bounded role and an interface that can be tested independently.",SRC-OCI;SRC-NPM;SRC-SLSA;SRC-SPDX;SRC-CYCLONEDX,cross-standard,candidate,research-seed,True,
AXM-06-BUILD-PACKAGE-C-015-environment-specification,component,06-build-package,Build packaging deployment release and distribution,environment specification,"Reusable environment specification assembly in build packaging deployment release and distribution, with a bounded role and an interface that can be tested independently.",SRC-OCI;SRC-NPM;SRC-SLSA;SRC-SPDX;SRC-CYCLONEDX,cross-standard,candidate,research-seed,True,
AXM-06-BUILD-PACKAGE-C-016-deployment-descriptor,component,06-build-package,Build packaging deployment release and distribution,deployment descriptor,"Reusable deployment descriptor assembly in build packaging deployment release and distribution, with a bounded role and an interface that can be tested independently.",SRC-OCI;SRC-NPM;SRC-SLSA;SRC-SPDX;SRC-CYCLONEDX,cross-standard,candidate,research-seed,True,
AXM-06-BUILD-PACKAGE-C-017-service-definition,component,06-build-package,Build packaging deployment release and distribution,service definition,"Reusable service definition assembly in build packaging deployment release and distribution, with a bounded role and an interface that can be tested independently.",SRC-OCI;SRC-NPM;SRC-SLSA;SRC-SPDX;SRC-CYCLONEDX,cross-standard,candidate,research-seed,True,
AXM-06-BUILD-PACKAGE-C-018-container-image,component,06-build-package,Build packaging deployment release and distribution,container image,"Reusable container image assembly in build packaging deployment release and distribution, with a bounded role and an interface that can be tested independently.",SRC-OCI;SRC-NPM;SRC-SLSA;SRC-SPDX;SRC-CYCLONEDX,cross-standard,candidate,research-seed,True,
AXM-06-BUILD-PACKAGE-C-019-image-index,component,06-build-package,Build packaging deployment release and distribution,image index,"Reusable image index assembly in build packaging deployment release and distribution, with a bounded role and an interface that can be tested independently.",SRC-OCI;SRC-NPM;SRC-SLSA;SRC-SPDX;SRC-CYCLONEDX,cross-standard,candidate,research-seed,True,
AXM-06-BUILD-PACKAGE-C-020-cache-record,component,06-build-package,Build packaging deployment release and distribution,cache record,"Reusable cache record assembly in build packaging deployment release and distribution, with a bounded role and an interface that can be tested independently.",SRC-OCI;SRC-NPM;SRC-SLSA;SRC-SPDX;SRC-CYCLONEDX,cross-standard,candidate,research-seed,True,
AXM-06-BUILD-PACKAGE-C-021-update-package,component,06-build-package,Build packaging deployment release and distribution,update package,"Reusable update package assembly in build packaging deployment release and distribution, with a bounded role and an interface that can be tested independently.",SRC-OCI;SRC-NPM;SRC-SLSA;SRC-SPDX;SRC-CYCLONEDX,cross-standard,candidate,research-seed,True,
AXM-06-BUILD-PACKAGE-C-022-artifact-repository-record,component,06-build-package,Build packaging deployment release and distribution,artifact repository record,"Reusable artifact repository record assembly in build packaging deployment release and distribution, with a bounded role and an interface that can be tested independently.",SRC-OCI;SRC-NPM;SRC-SLSA;SRC-SPDX;SRC-CYCLONEDX,cross-standard,candidate,research-seed,True,
AXM-06-BUILD-PACKAGE-C-023-installation-receipt,component,06-build-package,Build packaging deployment release and distribution,installation receipt,"Reusable installation receipt assembly in build packaging deployment release and distribution, with a bounded role and an interface that can be tested independently.",SRC-OCI;SRC-NPM;SRC-SLSA;SRC-SPDX;SRC-CYCLONEDX,cross-standard,candidate,research-seed,True,
AXM-06-BUILD-PACKAGE-C-024-runtime-bundle,component,06-build-package,Build packaging deployment release and distribution,runtime bundle,"Reusable runtime bundle assembly in build packaging deployment release and distribution, with a bounded role and an interface that can be tested independently.",SRC-OCI;SRC-NPM;SRC-SLSA;SRC-SPDX;SRC-CYCLONEDX,cross-standard,candidate,research-seed,True,
AXM-06-BUILD-PACKAGE-O-001-dependency-resolver,organ,06-build-package,Build packaging deployment release and distribution,dependency resolver,"Functional subsystem for dependency resolver in build packaging deployment release and distribution; orchestrates lower-level components, applies policy and emits results plus evidence.",SRC-OCI;SRC-NPM;SRC-SLSA;SRC-SPDX;SRC-CYCLONEDX,cross-standard,candidate,research-seed,True,
AXM-06-BUILD-PACKAGE-O-002-build-orchestrator,organ,06-build-package,Build packaging deployment release and distribution,build orchestrator,"Functional subsystem for build orchestrator in build packaging deployment release and distribution; orchestrates lower-level components, applies policy and emits results plus evidence.",SRC-OCI;SRC-NPM;SRC-SLSA;SRC-SPDX;SRC-CYCLONEDX,cross-standard,candidate,research-seed,True,
AXM-06-BUILD-PACKAGE-O-003-package-manager,organ,06-build-package,Build packaging deployment release and distribution,package manager,"Functional subsystem for package manager in build packaging deployment release and distribution; orchestrates lower-level components, applies policy and emits results plus evidence.",SRC-OCI;SRC-NPM;SRC-SLSA;SRC-SPDX;SRC-CYCLONEDX,cross-standard,candidate,research-seed,True,
AXM-06-BUILD-PACKAGE-O-004-artifact-builder,organ,06-build-package,Build packaging deployment release and distribution,artifact builder,"Functional subsystem for artifact builder in build packaging deployment release and distribution; orchestrates lower-level components, applies policy and emits results plus evidence.",SRC-OCI;SRC-NPM;SRC-SLSA;SRC-SPDX;SRC-CYCLONEDX,cross-standard,candidate,research-seed,True,
AXM-06-BUILD-PACKAGE-O-005-container-builder,organ,06-build-package,Build packaging deployment release and distribution,container builder,"Functional subsystem for container builder in build packaging deployment release and distribution; orchestrates lower-level components, applies policy and emits results plus evidence.",SRC-OCI;SRC-NPM;SRC-SLSA;SRC-SPDX;SRC-CYCLONEDX,cross-standard,candidate,research-seed,True,
AXM-06-BUILD-PACKAGE-O-006-installer-generator,organ,06-build-package,Build packaging deployment release and distribution,installer generator,"Functional subsystem for installer generator in build packaging deployment release and distribution; orchestrates lower-level components, applies policy and emits results plus evidence.",SRC-OCI;SRC-NPM;SRC-SLSA;SRC-SPDX;SRC-CYCLONEDX,cross-standard,candidate,research-seed,True,
AXM-06-BUILD-PACKAGE-O-007-deployment-orchestrator,organ,06-build-package,Build packaging deployment release and distribution,deployment orchestrator,"Functional subsystem for deployment orchestrator in build packaging deployment release and distribution; orchestrates lower-level components, applies policy and emits results plus evidence.",SRC-OCI;SRC-NPM;SRC-SLSA;SRC-SPDX;SRC-CYCLONEDX,cross-standard,candidate,research-seed,True,
AXM-06-BUILD-PACKAGE-O-008-release-manager,organ,06-build-package,Build packaging deployment release and distribution,release manager,"Functional subsystem for release manager in build packaging deployment release and distribution; orchestrates lower-level components, applies policy and emits results plus evidence.",SRC-OCI;SRC-NPM;SRC-SLSA;SRC-SPDX;SRC-CYCLONEDX,cross-standard,candidate,research-seed,True,
AXM-06-BUILD-PACKAGE-O-009-updater,organ,06-build-package,Build packaging deployment release and distribution,updater,"Functional subsystem for updater in build packaging deployment release and distribution; orchestrates lower-level components, applies policy and emits results plus evidence.",SRC-OCI;SRC-NPM;SRC-SLSA;SRC-SPDX;SRC-CYCLONEDX,cross-standard,candidate,research-seed,True,
AXM-06-BUILD-PACKAGE-O-010-reproducible-build-verifier,organ,06-build-package,Build packaging deployment release and distribution,reproducible-build verifier,"Functional subsystem for reproducible-build verifier in build packaging deployment release and distribution; orchestrates lower-level components, applies policy and emits results plus evidence.",SRC-OCI;SRC-NPM;SRC-SLSA;SRC-SPDX;SRC-CYCLONEDX,cross-standard,candidate,research-seed,True,
AXM-06-BUILD-PACKAGE-O-011-cache-manager,organ,06-build-package,Build packaging deployment release and distribution,cache manager,"Functional subsystem for cache manager in build packaging deployment release and distribution; orchestrates lower-level components, applies policy and emits results plus evidence.",SRC-OCI;SRC-NPM;SRC-SLSA;SRC-SPDX;SRC-CYCLONEDX,cross-standard,candidate,research-seed,True,
AXM-06-BUILD-PACKAGE-O-012-distribution-publisher,organ,06-build-package,Build packaging deployment release and distribution,distribution publisher,"Functional subsystem for distribution publisher in build packaging deployment release and distribution; orchestrates lower-level components, applies policy and emits results plus evidence.",SRC-OCI;SRC-NPM;SRC-SLSA;SRC-SPDX;SRC-CYCLONEDX,cross-standard,candidate,research-seed,True,
AXM-06-BUILD-PACKAGE-O-013-environment-provisioner,organ,06-build-package,Build packaging deployment release and distribution,environment provisioner,"Functional subsystem for environment provisioner in build packaging deployment release and distribution; orchestrates lower-level components, applies policy and emits results plus evidence.",SRC-OCI;SRC-NPM;SRC-SLSA;SRC-SPDX;SRC-CYCLONEDX,cross-standard,candidate,research-seed,True,
AXM-06-BUILD-PACKAGE-O-014-artifact-signer,organ,06-build-package,Build packaging deployment release and distribution,artifact signer,"Functional subsystem for artifact signer in build packaging deployment release and distribution; orchestrates lower-level components, applies policy and emits results plus evidence.",SRC-OCI;SRC-NPM;SRC-SLSA;SRC-SPDX;SRC-CYCLONEDX,cross-standard,candidate,research-seed,True,
AXM-07-API-NETWORK-A-001-endpoint-path,atom,07-api-network,APIs networking messaging and protocols,endpoint path,"Smallest independently addressable endpoint path unit in apis networking messaging and protocols, intended to be typed, referenced, transformed or validated without requiring a whole finished asset.",SRC-OPENAPI;SRC-ASYNCAPI;SRC-ARAZZO;SRC-MCP;SRC-OAUTH,cross-standard,candidate,research-seed,True,
AXM-07-API-NETWORK-A-002-operation-identifier,atom,07-api-network,APIs networking messaging and protocols,operation identifier,"Smallest independently addressable operation identifier unit in apis networking messaging and protocols, intended to be typed, referenced, transformed or validated without requiring a whole finished asset.",SRC-OPENAPI;SRC-ASYNCAPI;SRC-ARAZZO;SRC-MCP;SRC-OAUTH,cross-standard,candidate,research-seed,True,
AXM-07-API-NETWORK-A-003-method,atom,07-api-network,APIs networking messaging and protocols,method,"Smallest independently addressable method unit in apis networking messaging and protocols, intended to be typed, referenced, transformed or validated without requiring a whole finished asset.",SRC-OPENAPI;SRC-ASYNCAPI;SRC-ARAZZO;SRC-MCP;SRC-OAUTH,cross-standard,candidate,research-seed,True,
AXM-07-API-NETWORK-A-004-status-code,atom,07-api-network,APIs networking messaging and protocols,status code,"Smallest independently addressable status code unit in apis networking messaging and protocols, intended to be typed, referenced, transformed or validated without requiring a whole finished asset.",SRC-OPENAPI;SRC-ASYNCAPI;SRC-ARAZZO;SRC-MCP;SRC-OAUTH,cross-standard,candidate,research-seed,True,
AXM-07-API-NETWORK-A-005-header,atom,07-api-network,APIs networking messaging and protocols,header,"Smallest independently addressable header unit in apis networking messaging and protocols, intended to be typed, referenced, transformed or validated without requiring a whole finished asset.",SRC-OPENAPI;SRC-ASYNCAPI;SRC-ARAZZO;SRC-MCP;SRC-OAUTH,cross-standard,candidate,research-seed,True,
AXM-07-API-NETWORK-A-006-query-parameter,atom,07-api-network,APIs networking messaging and protocols,query parameter,"Smallest independently addressable query parameter unit in apis networking messaging and protocols, intended to be typed, referenced, transformed or validated without requiring a whole finished asset.",SRC-OPENAPI;SRC-ASYNCAPI;SRC-ARAZZO;SRC-MCP;SRC-OAUTH,cross-standard,candidate,research-seed,True,
AXM-07-API-NETWORK-A-007-path-parameter,atom,07-api-network,APIs networking messaging and protocols,path parameter,"Smallest independently addressable path parameter unit in apis networking messaging and protocols, intended to be typed, referenced, transformed or validated without requiring a whole finished asset.",SRC-OPENAPI;SRC-ASYNCAPI;SRC-ARAZZO;SRC-MCP;SRC-OAUTH,cross-standard,candidate,research-seed,True,
AXM-07-API-NETWORK-A-008-cookie-parameter,atom,07-api-network,APIs networking messaging and protocols,cookie parameter,"Smallest independently addressable cookie parameter unit in apis networking messaging and protocols, intended to be typed, referenced, transformed or validated without requiring a whole finished asset.",SRC-OPENAPI;SRC-ASYNCAPI;SRC-ARAZZO;SRC-MCP;SRC-OAUTH,cross-standard,candidate,research-seed,True,
AXM-07-API-NETWORK-A-009-media-type,atom,07-api-network,APIs networking messaging and protocols,media type,"Smallest independently addressable media type unit in apis networking messaging and protocols, intended to be typed, referenced, transformed or validated without requiring a whole finished asset.",SRC-OPENAPI;SRC-ASYNCAPI;SRC-ARAZZO;SRC-MCP;SRC-OAUTH,cross-standard,candidate,research-seed,True,
AXM-07-API-NETWORK-A-010-schema-reference,atom,07-api-network,APIs networking messaging and protocols,schema reference,"Smallest independently addressable schema reference unit in apis networking messaging and protocols, intended to be typed, referenced, transformed or validated without requiring a whole finished asset.",SRC-OPENAPI;SRC-ASYNCAPI;SRC-ARAZZO;SRC-MCP;SRC-OAUTH,cross-standard,candidate,research-seed,True,
AXM-07-API-NETWORK-A-011-request-field,atom,07-api-network,APIs networking messaging and protocols,request field,"Smallest independently addressable request field unit in apis networking messaging and protocols, intended to be typed, referenced, transformed or validated without requiring a whole finished asset.",SRC-OPENAPI;SRC-ASYNCAPI;SRC-ARAZZO;SRC-MCP;SRC-OAUTH,cross-standard,candidate,research-seed,True,
AXM-07-API-NETWORK-A-012-response-field,atom,07-api-network,APIs networking messaging and protocols,response field,"Smallest independently addressable response field unit in apis networking messaging and protocols, intended to be typed, referenced, transformed or validated without requiring a whole finished asset.",SRC-OPENAPI;SRC-ASYNCAPI;SRC-ARAZZO;SRC-MCP;SRC-OAUTH,cross-standard,candidate,research-seed,True,
AXM-07-API-NETWORK-A-013-server-url,atom,07-api-network,APIs networking messaging and protocols,server URL,"Smallest independently addressable server URL unit in apis networking messaging and protocols, intended to be typed, referenced, transformed or validated without requiring a whole finished asset.",SRC-OPENAPI;SRC-ASYNCAPI;SRC-ARAZZO;SRC-MCP;SRC-OAUTH,cross-standard,candidate,research-seed,True,
AXM-07-API-NETWORK-A-014-protocol-name,atom,07-api-network,APIs networking messaging and protocols,protocol name,"Smallest independently addressable protocol name unit in apis networking messaging and protocols, intended to be typed, referenced, transformed or validated without requiring a whole finished asset.",SRC-OPENAPI;SRC-ASYNCAPI;SRC-ARAZZO;SRC-MCP;SRC-OAUTH,cross-standard,candidate,research-seed,True,
AXM-07-API-NETWORK-A-015-channel-address,atom,07-api-network,APIs networking messaging and protocols,channel address,"Smallest independently addressable channel address unit in apis networking messaging and protocols, intended to be typed, referenced, transformed or validated without requiring a whole finished asset.",SRC-OPENAPI;SRC-ASYNCAPI;SRC-ARAZZO;SRC-MCP;SRC-OAUTH,cross-standard,candidate,research-seed,True,
AXM-07-API-NETWORK-A-016-topic,atom,07-api-network,APIs networking messaging and protocols,topic,"Smallest independently addressable topic unit in apis networking messaging and protocols, intended to be typed, referenced, transformed or validated without requiring a whole finished asset.",SRC-OPENAPI;SRC-ASYNCAPI;SRC-ARAZZO;SRC-MCP;SRC-OAUTH,cross-standard,candidate,research-seed,True,
AXM-07-API-NETWORK-A-017-message-key,atom,07-api-network,APIs networking messaging and protocols,message key,"Smallest independently addressable message key unit in apis networking messaging and protocols, intended to be typed, referenced, transformed or validated without requiring a whole finished asset.",SRC-OPENAPI;SRC-ASYNCAPI;SRC-ARAZZO;SRC-MCP;SRC-OAUTH,cross-standard,candidate,research-seed,True,
AXM-07-API-NETWORK-A-018-message-header,atom,07-api-network,APIs networking messaging and protocols,message header,"Smallest independently addressable message header unit in apis networking messaging and protocols, intended to be typed, referenced, transformed or validated without requiring a whole finished asset.",SRC-OPENAPI;SRC-ASYNCAPI;SRC-ARAZZO;SRC-MCP;SRC-OAUTH,cross-standard,candidate,research-seed,True,
AXM-07-API-NETWORK-A-019-message-payload-field,atom,07-api-network,APIs networking messaging and protocols,message payload field,"Smallest independently addressable message payload field unit in apis networking messaging and protocols, intended to be typed, referenced, transformed or validated without requiring a whole finished asset.",SRC-OPENAPI;SRC-ASYNCAPI;SRC-ARAZZO;SRC-MCP;SRC-OAUTH,cross-standard,candidate,research-seed,True,
AXM-07-API-NETWORK-A-020-correlation-identifier,atom,07-api-network,APIs networking messaging and protocols,correlation identifier,"Smallest independently addressable correlation identifier unit in apis networking messaging and protocols, intended to be typed, referenced, transformed or validated without requiring a whole finished asset.",SRC-OPENAPI;SRC-ASYNCAPI;SRC-ARAZZO;SRC-MCP;SRC-OAUTH,cross-standard,candidate,research-seed,True,
AXM-07-API-NETWORK-A-021-subscription,atom,07-api-network,APIs networking messaging and protocols,subscription,"Smallest independently addressable subscription unit in apis networking messaging and protocols, intended to be typed, referenced, transformed or validated without requiring a whole finished asset.",SRC-OPENAPI;SRC-ASYNCAPI;SRC-ARAZZO;SRC-MCP;SRC-OAUTH,cross-standard,candidate,research-seed,True,
AXM-07-API-NETWORK-A-022-callback-reference,atom,07-api-network,APIs networking messaging and protocols,callback reference,"Smallest independently addressable callback reference unit in apis networking messaging and protocols, intended to be typed, referenced, transformed or validated without requiring a whole finished asset.",SRC-OPENAPI;SRC-ASYNCAPI;SRC-ARAZZO;SRC-MCP;SRC-OAUTH,cross-standard,candidate,research-seed,True,
AXM-07-API-NETWORK-A-023-webhook-reference,atom,07-api-network,APIs networking messaging and protocols,webhook reference,"Smallest independently addressable webhook reference unit in apis networking messaging and protocols, intended to be typed, referenced, transformed or validated without requiring a whole finished asset.",SRC-OPENAPI;SRC-ASYNCAPI;SRC-ARAZZO;SRC-MCP;SRC-OAUTH,cross-standard,candidate,research-seed,True,
AXM-07-API-NETWORK-A-024-retry-header,atom,07-api-network,APIs networking messaging and protocols,retry header,"Smallest independently addressable retry header unit in apis networking messaging and protocols, intended to be typed, referenced, transformed or validated without requiring a whole finished asset.",SRC-OPENAPI;SRC-ASYNCAPI;SRC-ARAZZO;SRC-MCP;SRC-OAUTH,cross-standard,candidate,research-seed,True,
AXM-07-API-NETWORK-A-025-pagination-cursor,atom,07-api-network,APIs networking messaging and protocols,pagination cursor,"Smallest independently addressable pagination cursor unit in apis networking messaging and protocols, intended to be typed, referenced, transformed or validated without requiring a whole finished asset.",SRC-OPENAPI;SRC-ASYNCAPI;SRC-ARAZZO;SRC-MCP;SRC-OAUTH,cross-standard,candidate,research-seed,True,
AXM-07-API-NETWORK-A-026-rate-limit-value,atom,07-api-network,APIs networking messaging and protocols,rate-limit value,"Smallest independently addressable rate-limit value unit in apis networking messaging and protocols, intended to be typed, referenced, transformed or validated without requiring a whole finished asset.",SRC-OPENAPI;SRC-ASYNCAPI;SRC-ARAZZO;SRC-MCP;SRC-OAUTH,cross-standard,candidate,research-seed,True,
AXM-07-API-NETWORK-A-027-socket-address,atom,07-api-network,APIs networking messaging and protocols,socket address,"Smallest independently addressable socket address unit in apis networking messaging and protocols, intended to be typed, referenced, transformed or validated without requiring a whole finished asset.",SRC-OPENAPI;SRC-ASYNCAPI;SRC-ARAZZO;SRC-MCP;SRC-OAUTH,cross-standard,candidate,research-seed,True,
AXM-07-API-NETWORK-A-028-port-number,atom,07-api-network,APIs networking messaging and protocols,port number,"Smallest independently addressable port number unit in apis networking messaging and protocols, intended to be typed, referenced, transformed or validated without requiring a whole finished asset.",SRC-OPENAPI;SRC-ASYNCAPI;SRC-ARAZZO;SRC-MCP;SRC-OAUTH,cross-standard,candidate,research-seed,True,
AXM-07-API-NETWORK-A-029-connection-state,atom,07-api-network,APIs networking messaging and protocols,connection state,"Smallest independently addressable connection state unit in apis networking messaging and protocols, intended to be typed, referenced, transformed or validated without requiring a whole finished asset.",SRC-OPENAPI;SRC-ASYNCAPI;SRC-ARAZZO;SRC-MCP;SRC-OAUTH,cross-standard,candidate,research-seed,True,
AXM-07-API-NETWORK-A-030-stream-identifier,atom,07-api-network,APIs networking messaging and protocols,stream identifier,"Smallest independently addressable stream identifier unit in apis networking messaging and protocols, intended to be typed, referenced, transformed or validated without requiring a whole finished asset.",SRC-OPENAPI;SRC-ASYNCAPI;SRC-ARAZZO;SRC-MCP;SRC-OAUTH,cross-standard,candidate,research-seed,True,
AXM-07-API-NETWORK-A-031-frame-type,atom,07-api-network,APIs networking messaging and protocols,frame type,"Smallest independently addressable frame type unit in apis networking messaging and protocols, intended to be typed, referenced, transformed or validated without requiring a whole finished asset.",SRC-OPENAPI;SRC-ASYNCAPI;SRC-ARAZZO;SRC-MCP;SRC-OAUTH,cross-standard,candidate,research-seed,True,
AXM-07-API-NETWORK-A-032-tool-argument-field,atom,07-api-network,APIs networking messaging and protocols,tool argument field,"Smallest independently addressable tool argument field unit in apis networking messaging and protocols, intended to be typed, referenced, transformed or validated without requiring a whole finished asset.",SRC-OPENAPI;SRC-ASYNCAPI;SRC-ARAZZO;SRC-MCP;SRC-OAUTH,cross-standard,candidate,research-seed,True,
AXM-07-API-NETWORK-A-033-resource-uri,atom,07-api-network,APIs networking messaging and protocols,resource URI,"Smallest independently addressable resource URI unit in apis networking messaging and protocols, intended to be typed, referenced, transformed or validated without requiring a whole finished asset.",SRC-OPENAPI;SRC-ASYNCAPI;SRC-ARAZZO;SRC-MCP;SRC-OAUTH,cross-standard,candidate,research-seed,True,
AXM-07-API-NETWORK-A-034-capability-declaration,atom,07-api-network,APIs networking messaging and protocols,capability declaration,"Smallest independently addressable capability declaration unit in apis networking messaging and protocols, intended to be typed, referenced, transformed or validated without requiring a whole finished asset.",SRC-OPENAPI;SRC-ASYNCAPI;SRC-ARAZZO;SRC-MCP;SRC-OAUTH,cross-standard,candidate,research-seed,True,
AXM-07-API-NETWORK-C-001-api-operation,component,07-api-network,APIs networking messaging and protocols,API operation,"Reusable API operation assembly in apis networking messaging and protocols, with a bounded role and an interface that can be tested independently.",SRC-OPENAPI;SRC-ASYNCAPI;SRC-ARAZZO;SRC-MCP;SRC-OAUTH,cross-standard,candidate,research-seed,True,
AXM-07-API-NETWORK-C-002-request-schema,component,07-api-network,APIs networking messaging and protocols,request schema,"Reusable request schema assembly in apis networking messaging and protocols, with a bounded role and an interface that can be tested independently.",SRC-OPENAPI;SRC-ASYNCAPI;SRC-ARAZZO;SRC-MCP;SRC-OAUTH,cross-standard,candidate,research-seed,True,
AXM-07-API-NETWORK-C-003-response-schema,component,07-api-network,APIs networking messaging and protocols,response schema,"Reusable response schema assembly in apis networking messaging and protocols, with a bounded role and an interface that can be tested independently.",SRC-OPENAPI;SRC-ASYNCAPI;SRC-ARAZZO;SRC-MCP;SRC-OAUTH,cross-standard,candidate,research-seed,True,
AXM-07-API-NETWORK-C-004-endpoint,component,07-api-network,APIs networking messaging and protocols,endpoint,"Reusable endpoint assembly in apis networking messaging and protocols, with a bounded role and an interface that can be tested independently.",SRC-OPENAPI;SRC-ASYNCAPI;SRC-ARAZZO;SRC-MCP;SRC-OAUTH,cross-standard,candidate,research-seed,True,
AXM-07-API-NETWORK-C-005-path-item,component,07-api-network,APIs networking messaging and protocols,path item,"Reusable path item assembly in apis networking messaging and protocols, with a bounded role and an interface that can be tested independently.",SRC-OPENAPI;SRC-ASYNCAPI;SRC-ARAZZO;SRC-MCP;SRC-OAUTH,cross-standard,candidate,research-seed,True,
AXM-07-API-NETWORK-C-006-server-definition,component,07-api-network,APIs networking messaging and protocols,server definition,"Reusable server definition assembly in apis networking messaging and protocols, with a bounded role and an interface that can be tested independently.",SRC-OPENAPI;SRC-ASYNCAPI;SRC-ARAZZO;SRC-MCP;SRC-OAUTH,cross-standard,candidate,research-seed,True,
AXM-07-API-NETWORK-C-007-security-scheme,component,07-api-network,APIs networking messaging and protocols,security scheme,"Reusable security scheme assembly in apis networking messaging and protocols, with a bounded role and an interface that can be tested independently.",SRC-OPENAPI;SRC-ASYNCAPI;SRC-ARAZZO;SRC-MCP;SRC-OAUTH,cross-standard,candidate,research-seed,True,
AXM-07-API-NETWORK-C-008-message-schema,component,07-api-network,APIs networking messaging and protocols,message schema,"Reusable message schema assembly in apis networking messaging and protocols, with a bounded role and an interface that can be tested independently.",SRC-OPENAPI;SRC-ASYNCAPI;SRC-ARAZZO;SRC-MCP;SRC-OAUTH,cross-standard,candidate,research-seed,True,
AXM-07-API-NETWORK-C-009-channel,component,07-api-network,APIs networking messaging and protocols,channel,"Reusable channel assembly in apis networking messaging and protocols, with a bounded role and an interface that can be tested independently.",SRC-OPENAPI;SRC-ASYNCAPI;SRC-ARAZZO;SRC-MCP;SRC-OAUTH,cross-standard,candidate,research-seed,True,
AXM-07-API-NETWORK-C-010-operation-binding,component,07-api-network,APIs networking messaging and protocols,operation binding,"Reusable operation binding assembly in apis networking messaging and protocols, with a bounded role and an interface that can be tested independently.",SRC-OPENAPI;SRC-ASYNCAPI;SRC-ARAZZO;SRC-MCP;SRC-OAUTH,cross-standard,candidate,research-seed,True,
AXM-07-API-NETWORK-C-011-protocol-binding,component,07-api-network,APIs networking messaging and protocols,protocol binding,"Reusable protocol binding assembly in apis networking messaging and protocols, with a bounded role and an interface that can be tested independently.",SRC-OPENAPI;SRC-ASYNCAPI;SRC-ARAZZO;SRC-MCP;SRC-OAUTH,cross-standard,candidate,research-seed,True,
AXM-07-API-NETWORK-C-012-event-envelope,component,07-api-network,APIs networking messaging and protocols,event envelope,"Reusable event envelope assembly in apis networking messaging and protocols, with a bounded role and an interface that can be tested independently.",SRC-OPENAPI;SRC-ASYNCAPI;SRC-ARAZZO;SRC-MCP;SRC-OAUTH,cross-standard,candidate,research-seed,True,
AXM-07-API-NETWORK-C-013-webhook,component,07-api-network,APIs networking messaging and protocols,webhook,"Reusable webhook assembly in apis networking messaging and protocols, with a bounded role and an interface that can be tested independently.",SRC-OPENAPI;SRC-ASYNCAPI;SRC-ARAZZO;SRC-MCP;SRC-OAUTH,cross-standard,candidate,research-seed,True,
AXM-07-API-NETWORK-C-014-callback,component,07-api-network,APIs networking messaging and protocols,callback,"Reusable callback assembly in apis networking messaging and protocols, with a bounded role and an interface that can be tested independently.",SRC-OPENAPI;SRC-ASYNCAPI;SRC-ARAZZO;SRC-MCP;SRC-OAUTH,cross-standard,candidate,research-seed,True,
AXM-07-API-NETWORK-C-015-workflow,component,07-api-network,APIs networking messaging and protocols,workflow,"Reusable workflow assembly in apis networking messaging and protocols, with a bounded role and an interface that can be tested independently.",SRC-OPENAPI;SRC-ASYNCAPI;SRC-ARAZZO;SRC-MCP;SRC-OAUTH,cross-standard,candidate,research-seed,True,
AXM-07-API-NETWORK-C-016-api-document,component,07-api-network,APIs networking messaging and protocols,API document,"Reusable API document assembly in apis networking messaging and protocols, with a bounded role and an interface that can be tested independently.",SRC-OPENAPI;SRC-ASYNCAPI;SRC-ARAZZO;SRC-MCP;SRC-OAUTH,cross-standard,candidate,research-seed,True,
AXM-07-API-NETWORK-C-017-service-contract,component,07-api-network,APIs networking messaging and protocols,service contract,"Reusable service contract assembly in apis networking messaging and protocols, with a bounded role and an interface that can be tested independently.",SRC-OPENAPI;SRC-ASYNCAPI;SRC-ARAZZO;SRC-MCP;SRC-OAUTH,cross-standard,candidate,research-seed,True,
AXM-07-API-NETWORK-C-018-client-stub,component,07-api-network,APIs networking messaging and protocols,client stub,"Reusable client stub assembly in apis networking messaging and protocols, with a bounded role and an interface that can be tested independently.",SRC-OPENAPI;SRC-ASYNCAPI;SRC-ARAZZO;SRC-MCP;SRC-OAUTH,cross-standard,candidate,research-seed,True,
AXM-07-API-NETWORK-C-019-server-stub,component,07-api-network,APIs networking messaging and protocols,server stub,"Reusable server stub assembly in apis networking messaging and protocols, with a bounded role and an interface that can be tested independently.",SRC-OPENAPI;SRC-ASYNCAPI;SRC-ARAZZO;SRC-MCP;SRC-OAUTH,cross-standard,candidate,research-seed,True,
AXM-07-API-NETWORK-C-020-gateway-route,component,07-api-network,APIs networking messaging and protocols,gateway route,"Reusable gateway route assembly in apis networking messaging and protocols, with a bounded role and an interface that can be tested independently.",SRC-OPENAPI;SRC-ASYNCAPI;SRC-ARAZZO;SRC-MCP;SRC-OAUTH,cross-standard,candidate,research-seed,True,
AXM-07-API-NETWORK-C-021-subscription-definition,component,07-api-network,APIs networking messaging and protocols,subscription definition,"Reusable subscription definition assembly in apis networking messaging and protocols, with a bounded role and an interface that can be tested independently.",SRC-OPENAPI;SRC-ASYNCAPI;SRC-ARAZZO;SRC-MCP;SRC-OAUTH,cross-standard,candidate,research-seed,True,
AXM-07-API-NETWORK-C-022-stream,component,07-api-network,APIs networking messaging and protocols,stream,"Reusable stream assembly in apis networking messaging and protocols, with a bounded role and an interface that can be tested independently.",SRC-OPENAPI;SRC-ASYNCAPI;SRC-ARAZZO;SRC-MCP;SRC-OAUTH,cross-standard,candidate,research-seed,True,
AXM-07-API-NETWORK-C-023-connection-profile,component,07-api-network,APIs networking messaging and protocols,connection profile,"Reusable connection profile assembly in apis networking messaging and protocols, with a bounded role and an interface that can be tested independently.",SRC-OPENAPI;SRC-ASYNCAPI;SRC-ARAZZO;SRC-MCP;SRC-OAUTH,cross-standard,candidate,research-seed,True,
AXM-07-API-NETWORK-C-024-tool-definition,component,07-api-network,APIs networking messaging and protocols,tool definition,"Reusable tool definition assembly in apis networking messaging and protocols, with a bounded role and an interface that can be tested independently.",SRC-OPENAPI;SRC-ASYNCAPI;SRC-ARAZZO;SRC-MCP;SRC-OAUTH,cross-standard,candidate,research-seed,True,
AXM-07-API-NETWORK-C-025-resource-definition,component,07-api-network,APIs networking messaging and protocols,resource definition,"Reusable resource definition assembly in apis networking messaging and protocols, with a bounded role and an interface that can be tested independently.",SRC-OPENAPI;SRC-ASYNCAPI;SRC-ARAZZO;SRC-MCP;SRC-OAUTH,cross-standard,candidate,research-seed,True,
AXM-07-API-NETWORK-C-026-prompt-definition,component,07-api-network,APIs networking messaging and protocols,prompt definition,"Reusable prompt definition assembly in apis networking messaging and protocols, with a bounded role and an interface that can be tested independently.",SRC-OPENAPI;SRC-ASYNCAPI;SRC-ARAZZO;SRC-MCP;SRC-OAUTH,cross-standard,candidate,research-seed,True,
AXM-07-API-NETWORK-O-001-api-gateway,organ,07-api-network,APIs networking messaging and protocols,API gateway,"Functional subsystem for API gateway in apis networking messaging and protocols; orchestrates lower-level components, applies policy and emits results plus evidence.",SRC-OPENAPI;SRC-ASYNCAPI;SRC-ARAZZO;SRC-MCP;SRC-OAUTH,cross-standard,candidate,research-seed,True,
AXM-07-API-NETWORK-O-002-client-generator,organ,07-api-network,APIs networking messaging and protocols,client generator,"Functional subsystem for client generator in apis networking messaging and protocols; orchestrates lower-level components, applies policy and emits results plus evidence.",SRC-OPENAPI;SRC-ASYNCAPI;SRC-ARAZZO;SRC-MCP;SRC-OAUTH,cross-standard,candidate,research-seed,True,
AXM-07-API-NETWORK-O-003-server-generator,organ,07-api-network,APIs networking messaging and protocols,server generator,"Functional subsystem for server generator in apis networking messaging and protocols; orchestrates lower-level components, applies policy and emits results plus evidence.",SRC-OPENAPI;SRC-ASYNCAPI;SRC-ARAZZO;SRC-MCP;SRC-OAUTH,cross-standard,candidate,research-seed,True,
AXM-07-API-NETWORK-O-004-message-broker-adapter,organ,07-api-network,APIs networking messaging and protocols,message-broker adapter,"Functional subsystem for message-broker adapter in apis networking messaging and protocols; orchestrates lower-level components, applies policy and emits results plus evidence.",SRC-OPENAPI;SRC-ASYNCAPI;SRC-ARAZZO;SRC-MCP;SRC-OAUTH,cross-standard,candidate,research-seed,True,
AXM-07-API-NETWORK-O-005-protocol-translator,organ,07-api-network,APIs networking messaging and protocols,protocol translator,"Functional subsystem for protocol translator in apis networking messaging and protocols; orchestrates lower-level components, applies policy and emits results plus evidence.",SRC-OPENAPI;SRC-ASYNCAPI;SRC-ARAZZO;SRC-MCP;SRC-OAUTH,cross-standard,candidate,research-seed,True,
AXM-07-API-NETWORK-O-006-schema-registry,organ,07-api-network,APIs networking messaging and protocols,schema registry,"Functional subsystem for schema registry in apis networking messaging and protocols; orchestrates lower-level components, applies policy and emits results plus evidence.",SRC-OPENAPI;SRC-ASYNCAPI;SRC-ARAZZO;SRC-MCP;SRC-OAUTH,cross-standard,candidate,research-seed,True,
AXM-07-API-NETWORK-O-007-request-validator,organ,07-api-network,APIs networking messaging and protocols,request validator,"Functional subsystem for request validator in apis networking messaging and protocols; orchestrates lower-level components, applies policy and emits results plus evidence.",SRC-OPENAPI;SRC-ASYNCAPI;SRC-ARAZZO;SRC-MCP;SRC-OAUTH,cross-standard,candidate,research-seed,True,
AXM-07-API-NETWORK-O-008-response-validator,organ,07-api-network,APIs networking messaging and protocols,response validator,"Functional subsystem for response validator in apis networking messaging and protocols; orchestrates lower-level components, applies policy and emits results plus evidence.",SRC-OPENAPI;SRC-ASYNCAPI;SRC-ARAZZO;SRC-MCP;SRC-OAUTH,cross-standard,candidate,research-seed,True,
AXM-07-API-NETWORK-O-009-workflow-runner,organ,07-api-network,APIs networking messaging and protocols,workflow runner,"Functional subsystem for workflow runner in apis networking messaging and protocols; orchestrates lower-level components, applies policy and emits results plus evidence.",SRC-OPENAPI;SRC-ASYNCAPI;SRC-ARAZZO;SRC-MCP;SRC-OAUTH,cross-standard,candidate,research-seed,True,
AXM-07-API-NETWORK-O-010-service-discovery-organ,organ,07-api-network,APIs networking messaging and protocols,service-discovery organ,"Functional subsystem for service-discovery organ in apis networking messaging and protocols; orchestrates lower-level components, applies policy and emits results plus evidence.",SRC-OPENAPI;SRC-ASYNCAPI;SRC-ARAZZO;SRC-MCP;SRC-OAUTH,cross-standard,candidate,research-seed,True,
AXM-07-API-NETWORK-O-011-connection-manager,organ,07-api-network,APIs networking messaging and protocols,connection manager,"Functional subsystem for connection manager in apis networking messaging and protocols; orchestrates lower-level components, applies policy and emits results plus evidence.",SRC-OPENAPI;SRC-ASYNCAPI;SRC-ARAZZO;SRC-MCP;SRC-OAUTH,cross-standard,candidate,research-seed,True,
AXM-07-API-NETWORK-O-012-retry-and-backoff-organ,organ,07-api-network,APIs networking messaging and protocols,retry and backoff organ,"Functional subsystem for retry and backoff organ in apis networking messaging and protocols; orchestrates lower-level components, applies policy and emits results plus evidence.",SRC-OPENAPI;SRC-ASYNCAPI;SRC-ARAZZO;SRC-MCP;SRC-OAUTH,cross-standard,candidate,research-seed,True,
AXM-07-API-NETWORK-O-013-stream-processor,organ,07-api-network,APIs networking messaging and protocols,stream processor,"Functional subsystem for stream processor in apis networking messaging and protocols; orchestrates lower-level components, applies policy and emits results plus evidence.",SRC-OPENAPI;SRC-ASYNCAPI;SRC-ARAZZO;SRC-MCP;SRC-OAUTH,cross-standard,candidate,research-seed,True,
AXM-07-API-NETWORK-O-014-tool-gateway,organ,07-api-network,APIs networking messaging and protocols,tool gateway,"Functional subsystem for tool gateway in apis networking messaging and protocols; orchestrates lower-level components, applies policy and emits results plus evidence.",SRC-OPENAPI;SRC-ASYNCAPI;SRC-ARAZZO;SRC-MCP;SRC-OAUTH,cross-standard,candidate,research-seed,True,
AXM-07-API-NETWORK-O-015-resource-server,organ,07-api-network,APIs networking messaging and protocols,resource server,"Functional subsystem for resource server in apis networking messaging and protocols; orchestrates lower-level components, applies policy and emits results plus evidence.",SRC-OPENAPI;SRC-ASYNCAPI;SRC-ARAZZO;SRC-MCP;SRC-OAUTH,cross-standard,candidate,research-seed,True,
AXM-08-STORAGE-DATABASE-A-001-database-identifier,atom,08-storage-database,Storage databases search and retrieval,database identifier,"Smallest independently addressable database identifier unit in storage databases search and retrieval, intended to be typed, referenced, transformed or validated without requiring a whole finished asset.",SRC-POSTGRES;SRC-RDF;SRC-JSONSCHEMA;SRC-OTEL,cross-standard,candidate,research-seed,True,
AXM-08-STORAGE-DATABASE-A-002-schema-identifier,atom,08-storage-database,Storage databases search and retrieval,schema identifier,"Smallest independently addressable schema identifier unit in storage databases search and retrieval, intended to be typed, referenced, transformed or validated without requiring a whole finished asset.",SRC-POSTGRES;SRC-RDF;SRC-JSONSCHEMA;SRC-OTEL,cross-standard,candidate,research-seed,True,
AXM-08-STORAGE-DATABASE-A-003-table-identifier,atom,08-storage-database,Storage databases search and retrieval,table identifier,"Smallest independently addressable table identifier unit in storage databases search and retrieval, intended to be typed, referenced, transformed or validated without requiring a whole finished asset.",SRC-POSTGRES;SRC-RDF;SRC-JSONSCHEMA;SRC-OTEL,cross-standard,candidate,research-seed,True,
AXM-08-STORAGE-DATABASE-A-004-column,atom,08-storage-database,Storage databases search and retrieval,column,"Smallest independently addressable column unit in storage databases search and retrieval, intended to be typed, referenced, transformed or validated without requiring a whole finished asset.",SRC-POSTGRES;SRC-RDF;SRC-JSONSCHEMA;SRC-OTEL,cross-standard,candidate,research-seed,True,
AXM-08-STORAGE-DATABASE-A-005-row,atom,08-storage-database,Storage databases search and retrieval,row,"Smallest independently addressable row unit in storage databases search and retrieval, intended to be typed, referenced, transformed or validated without requiring a whole finished asset.",SRC-POSTGRES;SRC-RDF;SRC-JSONSCHEMA;SRC-OTEL,cross-standard,candidate,research-seed,True,
AXM-08-STORAGE-DATABASE-A-006-cell,atom,08-storage-database,Storage databases search and retrieval,cell,"Smallest independently addressable cell unit in storage databases search and retrieval, intended to be typed, referenced, transformed or validated without requiring a whole finished asset.",SRC-POSTGRES;SRC-RDF;SRC-JSONSCHEMA;SRC-OTEL,cross-standard,candidate,research-seed,True,
AXM-08-STORAGE-DATABASE-A-007-data-type,atom,08-storage-database,Storage databases search and retrieval,data type,"Smallest independently addressable data type unit in storage databases search and retrieval, intended to be typed, referenced, transformed or validated without requiring a whole finished asset.",SRC-POSTGRES;SRC-RDF;SRC-JSONSCHEMA;SRC-OTEL,cross-standard,candidate,research-seed,True,
AXM-08-STORAGE-DATABASE-A-008-primary-key-value,atom,08-storage-database,Storage databases search and retrieval,primary-key value,"Smallest independently addressable primary-key value unit in storage databases search and retrieval, intended to be typed, referenced, transformed or validated without requiring a whole finished asset.",SRC-POSTGRES;SRC-RDF;SRC-JSONSCHEMA;SRC-OTEL,cross-standard,candidate,research-seed,True,
AXM-08-STORAGE-DATABASE-A-009-foreign-key-value,atom,08-storage-database,Storage databases search and retrieval,foreign-key value,"Smallest independently addressable foreign-key value unit in storage databases search and retrieval, intended to be typed, referenced, transformed or validated without requiring a whole finished asset.",SRC-POSTGRES;SRC-RDF;SRC-JSONSCHEMA;SRC-OTEL,cross-standard,candidate,research-seed,True,
AXM-08-STORAGE-DATABASE-A-010-index-key,atom,08-storage-database,Storage databases search and retrieval,index key,"Smallest independently addressable index key unit in storage databases search and retrieval, intended to be typed, referenced, transformed or validated without requiring a whole finished asset.",SRC-POSTGRES;SRC-RDF;SRC-JSONSCHEMA;SRC-OTEL,cross-standard,candidate,research-seed,True,
AXM-08-STORAGE-DATABASE-A-011-constraint,atom,08-storage-database,Storage databases search and retrieval,constraint,"Smallest independently addressable constraint unit in storage databases search and retrieval, intended to be typed, referenced, transformed or validated without requiring a whole finished asset.",SRC-POSTGRES;SRC-RDF;SRC-JSONSCHEMA;SRC-OTEL,cross-standard,candidate,research-seed,True,
AXM-08-STORAGE-DATABASE-A-012-null-marker,atom,08-storage-database,Storage databases search and retrieval,null marker,"Smallest independently addressable null marker unit in storage databases search and retrieval, intended to be typed, referenced, transformed or validated without requiring a whole finished asset.",SRC-POSTGRES;SRC-RDF;SRC-JSONSCHEMA;SRC-OTEL,cross-standard,candidate,research-seed,True,
AXM-08-STORAGE-DATABASE-A-013-transaction-identifier,atom,08-storage-database,Storage databases search and retrieval,transaction identifier,"Smallest independently addressable transaction identifier unit in storage databases search and retrieval, intended to be typed, referenced, transformed or validated without requiring a whole finished asset.",SRC-POSTGRES;SRC-RDF;SRC-JSONSCHEMA;SRC-OTEL,cross-standard,candidate,research-seed,True,
AXM-08-STORAGE-DATABASE-A-014-log-sequence-number,atom,08-storage-database,Storage databases search and retrieval,log sequence number,"Smallest independently addressable log sequence number unit in storage databases search and retrieval, intended to be typed, referenced, transformed or validated without requiring a whole finished asset.",SRC-POSTGRES;SRC-RDF;SRC-JSONSCHEMA;SRC-OTEL,cross-standard,candidate,research-seed,True,
AXM-08-STORAGE-DATABASE-A-015-partition-key,atom,08-storage-database,Storage databases search and retrieval,partition key,"Smallest independently addressable partition key unit in storage databases search and retrieval, intended to be typed, referenced, transformed or validated without requiring a whole finished asset.",SRC-POSTGRES;SRC-RDF;SRC-JSONSCHEMA;SRC-OTEL,cross-standard,candidate,research-seed,True,
AXM-08-STORAGE-DATABASE-A-016-shard-key,atom,08-storage-database,Storage databases search and retrieval,shard key,"Smallest independently addressable shard key unit in storage databases search and retrieval, intended to be typed, referenced, transformed or validated without requiring a whole finished asset.",SRC-POSTGRES;SRC-RDF;SRC-JSONSCHEMA;SRC-OTEL,cross-standard,candidate,research-seed,True,
AXM-08-STORAGE-DATABASE-A-017-document-field,atom,08-storage-database,Storage databases search and retrieval,document field,"Smallest independently addressable document field unit in storage databases search and retrieval, intended to be typed, referenced, transformed or validated without requiring a whole finished asset.",SRC-POSTGRES;SRC-RDF;SRC-JSONSCHEMA;SRC-OTEL,cross-standard,candidate,research-seed,True,
AXM-08-STORAGE-DATABASE-A-018-graph-node-identifier,atom,08-storage-database,Storage databases search and retrieval,graph node identifier,"Smallest independently addressable graph node identifier unit in storage databases search and retrieval, intended to be typed, referenced, transformed or validated without requiring a whole finished asset.",SRC-POSTGRES;SRC-RDF;SRC-JSONSCHEMA;SRC-OTEL,cross-standard,candidate,research-seed,True,
AXM-08-STORAGE-DATABASE-A-019-graph-edge-identifier,atom,08-storage-database,Storage databases search and retrieval,graph edge identifier,"Smallest independently addressable graph edge identifier unit in storage databases search and retrieval, intended to be typed, referenced, transformed or validated without requiring a whole finished asset.",SRC-POSTGRES;SRC-RDF;SRC-JSONSCHEMA;SRC-OTEL,cross-standard,candidate,research-seed,True,
AXM-08-STORAGE-DATABASE-A-020-triple-subject,atom,08-storage-database,Storage databases search and retrieval,triple subject,"Smallest independently addressable triple subject unit in storage databases search and retrieval, intended to be typed, referenced, transformed or validated without requiring a whole finished asset.",SRC-POSTGRES;SRC-RDF;SRC-JSONSCHEMA;SRC-OTEL,cross-standard,candidate,research-seed,True,
AXM-08-STORAGE-DATABASE-A-021-triple-predicate,atom,08-storage-database,Storage databases search and retrieval,triple predicate,"Smallest independently addressable triple predicate unit in storage databases search and retrieval, intended to be typed, referenced, transformed or validated without requiring a whole finished asset.",SRC-POSTGRES;SRC-RDF;SRC-JSONSCHEMA;SRC-OTEL,cross-standard,candidate,research-seed,True,
AXM-08-STORAGE-DATABASE-A-022-triple-object,atom,08-storage-database,Storage databases search and retrieval,triple object,"Smallest independently addressable triple object unit in storage databases search and retrieval, intended to be typed, referenced, transformed or validated without requiring a whole finished asset.",SRC-POSTGRES;SRC-RDF;SRC-JSONSCHEMA;SRC-OTEL,cross-standard,candidate,research-seed,True,
AXM-08-STORAGE-DATABASE-A-023-query-parameter,atom,08-storage-database,Storage databases search and retrieval,query parameter,"Smallest independently addressable query parameter unit in storage databases search and retrieval, intended to be typed, referenced, transformed or validated without requiring a whole finished asset.",SRC-POSTGRES;SRC-RDF;SRC-JSONSCHEMA;SRC-OTEL,cross-standard,candidate,research-seed,True,
AXM-08-STORAGE-DATABASE-A-024-sort-key,atom,08-storage-database,Storage databases search and retrieval,sort key,"Smallest independently addressable sort key unit in storage databases search and retrieval, intended to be typed, referenced, transformed or validated without requiring a whole finished asset.",SRC-POSTGRES;SRC-RDF;SRC-JSONSCHEMA;SRC-OTEL,cross-standard,candidate,research-seed,True,
AXM-08-STORAGE-DATABASE-A-025-cursor,atom,08-storage-database,Storage databases search and retrieval,cursor,"Smallest independently addressable cursor unit in storage databases search and retrieval, intended to be typed, referenced, transformed or validated without requiring a whole finished asset.",SRC-POSTGRES;SRC-RDF;SRC-JSONSCHEMA;SRC-OTEL,cross-standard,candidate,research-seed,True,
AXM-08-STORAGE-DATABASE-A-026-retention-timestamp,atom,08-storage-database,Storage databases search and retrieval,retention timestamp,"Smallest independently addressable retention timestamp unit in storage databases search and retrieval, intended to be typed, referenced, transformed or validated without requiring a whole finished asset.",SRC-POSTGRES;SRC-RDF;SRC-JSONSCHEMA;SRC-OTEL,cross-standard,candidate,research-seed,True,
AXM-08-STORAGE-DATABASE-A-027-revision-identifier,atom,08-storage-database,Storage databases search and retrieval,revision identifier,"Smallest independently addressable revision identifier unit in storage databases search and retrieval, intended to be typed, referenced, transformed or validated without requiring a whole finished asset.",SRC-POSTGRES;SRC-RDF;SRC-JSONSCHEMA;SRC-OTEL,cross-standard,candidate,research-seed,True,
AXM-08-STORAGE-DATABASE-A-028-search-term,atom,08-storage-database,Storage databases search and retrieval,search term,"Smallest independently addressable search term unit in storage databases search and retrieval, intended to be typed, referenced, transformed or validated without requiring a whole finished asset.",SRC-POSTGRES;SRC-RDF;SRC-JSONSCHEMA;SRC-OTEL,cross-standard,candidate,research-seed,True,
AXM-08-STORAGE-DATABASE-A-029-posting-reference,atom,08-storage-database,Storage databases search and retrieval,posting reference,"Smallest independently addressable posting reference unit in storage databases search and retrieval, intended to be typed, referenced, transformed or validated without requiring a whole finished asset.",SRC-POSTGRES;SRC-RDF;SRC-JSONSCHEMA;SRC-OTEL,cross-standard,candidate,research-seed,True,
AXM-08-STORAGE-DATABASE-A-030-relevance-score,atom,08-storage-database,Storage databases search and retrieval,relevance score,"Smallest independently addressable relevance score unit in storage databases search and retrieval, intended to be typed, referenced, transformed or validated without requiring a whole finished asset.",SRC-POSTGRES;SRC-RDF;SRC-JSONSCHEMA;SRC-OTEL,cross-standard,candidate,research-seed,True,
AXM-08-STORAGE-DATABASE-C-001-table,component,08-storage-database,Storage databases search and retrieval,table,"Reusable table assembly in storage databases search and retrieval, with a bounded role and an interface that can be tested independently.",SRC-POSTGRES;SRC-RDF;SRC-JSONSCHEMA;SRC-OTEL,cross-standard,candidate,research-seed,True,
AXM-08-STORAGE-DATABASE-C-002-view,component,08-storage-database,Storage databases search and retrieval,view,"Reusable view assembly in storage databases search and retrieval, with a bounded role and an interface that can be tested independently.",SRC-POSTGRES;SRC-RDF;SRC-JSONSCHEMA;SRC-OTEL,cross-standard,candidate,research-seed,True,
AXM-08-STORAGE-DATABASE-C-003-materialized-view,component,08-storage-database,Storage databases search and retrieval,materialized view,"Reusable materialized view assembly in storage databases search and retrieval, with a bounded role and an interface that can be tested independently.",SRC-POSTGRES;SRC-RDF;SRC-JSONSCHEMA;SRC-OTEL,cross-standard,candidate,research-seed,True,
AXM-08-STORAGE-DATABASE-C-004-index,component,08-storage-database,Storage databases search and retrieval,index,"Reusable index assembly in storage databases search and retrieval, with a bounded role and an interface that can be tested independently.",SRC-POSTGRES;SRC-RDF;SRC-JSONSCHEMA;SRC-OTEL,cross-standard,candidate,research-seed,True,
AXM-08-STORAGE-DATABASE-C-005-sequence,component,08-storage-database,Storage databases search and retrieval,sequence,"Reusable sequence assembly in storage databases search and retrieval, with a bounded role and an interface that can be tested independently.",SRC-POSTGRES;SRC-RDF;SRC-JSONSCHEMA;SRC-OTEL,cross-standard,candidate,research-seed,True,
AXM-08-STORAGE-DATABASE-C-006-trigger,component,08-storage-database,Storage databases search and retrieval,trigger,"Reusable trigger assembly in storage databases search and retrieval, with a bounded role and an interface that can be tested independently.",SRC-POSTGRES;SRC-RDF;SRC-JSONSCHEMA;SRC-OTEL,cross-standard,candidate,research-seed,True,
AXM-08-STORAGE-DATABASE-C-007-stored-procedure,component,08-storage-database,Storage databases search and retrieval,stored procedure,"Reusable stored procedure assembly in storage databases search and retrieval, with a bounded role and an interface that can be tested independently.",SRC-POSTGRES;SRC-RDF;SRC-JSONSCHEMA;SRC-OTEL,cross-standard,candidate,research-seed,True,
AXM-08-STORAGE-DATABASE-C-008-query,component,08-storage-database,Storage databases search and retrieval,query,"Reusable query assembly in storage databases search and retrieval, with a bounded role and an interface that can be tested independently.",SRC-POSTGRES;SRC-RDF;SRC-JSONSCHEMA;SRC-OTEL,cross-standard,candidate,research-seed,True,
AXM-08-STORAGE-DATABASE-C-009-transaction,component,08-storage-database,Storage databases search and retrieval,transaction,"Reusable transaction assembly in storage databases search and retrieval, with a bounded role and an interface that can be tested independently.",SRC-POSTGRES;SRC-RDF;SRC-JSONSCHEMA;SRC-OTEL,cross-standard,candidate,research-seed,True,
AXM-08-STORAGE-DATABASE-C-010-database-schema,component,08-storage-database,Storage databases search and retrieval,database schema,"Reusable database schema assembly in storage databases search and retrieval, with a bounded role and an interface that can be tested independently.",SRC-POSTGRES;SRC-RDF;SRC-JSONSCHEMA;SRC-OTEL,cross-standard,candidate,research-seed,True,
AXM-08-STORAGE-DATABASE-C-011-database,component,08-storage-database,Storage databases search and retrieval,database,"Reusable database assembly in storage databases search and retrieval, with a bounded role and an interface that can be tested independently.",SRC-POSTGRES;SRC-RDF;SRC-JSONSCHEMA;SRC-OTEL,cross-standard,candidate,research-seed,True,
AXM-08-STORAGE-DATABASE-C-012-partition,component,08-storage-database,Storage databases search and retrieval,partition,"Reusable partition assembly in storage databases search and retrieval, with a bounded role and an interface that can be tested independently.",SRC-POSTGRES;SRC-RDF;SRC-JSONSCHEMA;SRC-OTEL,cross-standard,candidate,research-seed,True,
AXM-08-STORAGE-DATABASE-C-013-shard,component,08-storage-database,Storage databases search and retrieval,shard,"Reusable shard assembly in storage databases search and retrieval, with a bounded role and an interface that can be tested independently.",SRC-POSTGRES;SRC-RDF;SRC-JSONSCHEMA;SRC-OTEL,cross-standard,candidate,research-seed,True,
AXM-08-STORAGE-DATABASE-C-014-document-collection,component,08-storage-database,Storage databases search and retrieval,document collection,"Reusable document collection assembly in storage databases search and retrieval, with a bounded role and an interface that can be tested independently.",SRC-POSTGRES;SRC-RDF;SRC-JSONSCHEMA;SRC-OTEL,cross-standard,candidate,research-seed,True,
AXM-08-STORAGE-DATABASE-C-015-key-value-collection,component,08-storage-database,Storage databases search and retrieval,key-value collection,"Reusable key-value collection assembly in storage databases search and retrieval, with a bounded role and an interface that can be tested independently.",SRC-POSTGRES;SRC-RDF;SRC-JSONSCHEMA;SRC-OTEL,cross-standard,candidate,research-seed,True,
AXM-08-STORAGE-DATABASE-C-016-property-graph,component,08-storage-database,Storage databases search and retrieval,property graph,"Reusable property graph assembly in storage databases search and retrieval, with a bounded role and an interface that can be tested independently.",SRC-POSTGRES;SRC-RDF;SRC-JSONSCHEMA;SRC-OTEL,cross-standard,candidate,research-seed,True,
AXM-08-STORAGE-DATABASE-C-017-rdf-dataset,component,08-storage-database,Storage databases search and retrieval,RDF dataset,"Reusable RDF dataset assembly in storage databases search and retrieval, with a bounded role and an interface that can be tested independently.",SRC-POSTGRES;SRC-RDF;SRC-JSONSCHEMA;SRC-OTEL,cross-standard,candidate,research-seed,True,
AXM-08-STORAGE-DATABASE-C-018-migration,component,08-storage-database,Storage databases search and retrieval,migration,"Reusable migration assembly in storage databases search and retrieval, with a bounded role and an interface that can be tested independently.",SRC-POSTGRES;SRC-RDF;SRC-JSONSCHEMA;SRC-OTEL,cross-standard,candidate,research-seed,True,
AXM-08-STORAGE-DATABASE-C-019-backup-set,component,08-storage-database,Storage databases search and retrieval,backup set,"Reusable backup set assembly in storage databases search and retrieval, with a bounded role and an interface that can be tested independently.",SRC-POSTGRES;SRC-RDF;SRC-JSONSCHEMA;SRC-OTEL,cross-standard,candidate,research-seed,True,
AXM-08-STORAGE-DATABASE-C-020-change-data-capture-stream,component,08-storage-database,Storage databases search and retrieval,change-data-capture stream,"Reusable change-data-capture stream assembly in storage databases search and retrieval, with a bounded role and an interface that can be tested independently.",SRC-POSTGRES;SRC-RDF;SRC-JSONSCHEMA;SRC-OTEL,cross-standard,candidate,research-seed,True,
AXM-08-STORAGE-DATABASE-C-021-cache,component,08-storage-database,Storage databases search and retrieval,cache,"Reusable cache assembly in storage databases search and retrieval, with a bounded role and an interface that can be tested independently.",SRC-POSTGRES;SRC-RDF;SRC-JSONSCHEMA;SRC-OTEL,cross-standard,candidate,research-seed,True,
AXM-08-STORAGE-DATABASE-C-022-search-index,component,08-storage-database,Storage databases search and retrieval,search index,"Reusable search index assembly in storage databases search and retrieval, with a bounded role and an interface that can be tested independently.",SRC-POSTGRES;SRC-RDF;SRC-JSONSCHEMA;SRC-OTEL,cross-standard,candidate,research-seed,True,
AXM-08-STORAGE-DATABASE-C-023-inverted-index,component,08-storage-database,Storage databases search and retrieval,inverted index,"Reusable inverted index assembly in storage databases search and retrieval, with a bounded role and an interface that can be tested independently.",SRC-POSTGRES;SRC-RDF;SRC-JSONSCHEMA;SRC-OTEL,cross-standard,candidate,research-seed,True,
AXM-08-STORAGE-DATABASE-C-024-vector-index,component,08-storage-database,Storage databases search and retrieval,vector index,"Reusable vector index assembly in storage databases search and retrieval, with a bounded role and an interface that can be tested independently.",SRC-POSTGRES;SRC-RDF;SRC-JSONSCHEMA;SRC-OTEL,cross-standard,candidate,research-seed,True,
AXM-08-STORAGE-DATABASE-C-025-retrieval-result-set,component,08-storage-database,Storage databases search and retrieval,retrieval result set,"Reusable retrieval result set assembly in storage databases search and retrieval, with a bounded role and an interface that can be tested independently.",SRC-POSTGRES;SRC-RDF;SRC-JSONSCHEMA;SRC-OTEL,cross-standard,candidate,research-seed,True,
AXM-08-STORAGE-DATABASE-O-001-database-engine,organ,08-storage-database,Storage databases search and retrieval,database engine,"Functional subsystem for database engine in storage databases search and retrieval; orchestrates lower-level components, applies policy and emits results plus evidence.",SRC-POSTGRES;SRC-RDF;SRC-JSONSCHEMA;SRC-OTEL,cross-standard,candidate,research-seed,True,
AXM-08-STORAGE-DATABASE-O-002-query-planner,organ,08-storage-database,Storage databases search and retrieval,query planner,"Functional subsystem for query planner in storage databases search and retrieval; orchestrates lower-level components, applies policy and emits results plus evidence.",SRC-POSTGRES;SRC-RDF;SRC-JSONSCHEMA;SRC-OTEL,cross-standard,candidate,research-seed,True,
AXM-08-STORAGE-DATABASE-O-003-transaction-manager,organ,08-storage-database,Storage databases search and retrieval,transaction manager,"Functional subsystem for transaction manager in storage databases search and retrieval; orchestrates lower-level components, applies policy and emits results plus evidence.",SRC-POSTGRES;SRC-RDF;SRC-JSONSCHEMA;SRC-OTEL,cross-standard,candidate,research-seed,True,
AXM-08-STORAGE-DATABASE-O-004-migration-runner,organ,08-storage-database,Storage databases search and retrieval,migration runner,"Functional subsystem for migration runner in storage databases search and retrieval; orchestrates lower-level components, applies policy and emits results plus evidence.",SRC-POSTGRES;SRC-RDF;SRC-JSONSCHEMA;SRC-OTEL,cross-standard,candidate,research-seed,True,
AXM-08-STORAGE-DATABASE-O-005-backup-and-restore-organ,organ,08-storage-database,Storage databases search and retrieval,backup and restore organ,"Functional subsystem for backup and restore organ in storage databases search and retrieval; orchestrates lower-level components, applies policy and emits results plus evidence.",SRC-POSTGRES;SRC-RDF;SRC-JSONSCHEMA;SRC-OTEL,cross-standard,candidate,research-seed,True,
AXM-08-STORAGE-DATABASE-O-006-replication-organ,organ,08-storage-database,Storage databases search and retrieval,replication organ,"Functional subsystem for replication organ in storage databases search and retrieval; orchestrates lower-level components, applies policy and emits results plus evidence.",SRC-POSTGRES;SRC-RDF;SRC-JSONSCHEMA;SRC-OTEL,cross-standard,candidate,research-seed,True,
AXM-08-STORAGE-DATABASE-O-007-indexer,organ,08-storage-database,Storage databases search and retrieval,indexer,"Functional subsystem for indexer in storage databases search and retrieval; orchestrates lower-level components, applies policy and emits results plus evidence.",SRC-POSTGRES;SRC-RDF;SRC-JSONSCHEMA;SRC-OTEL,cross-standard,candidate,research-seed,True,
AXM-08-STORAGE-DATABASE-O-008-cache-manager,organ,08-storage-database,Storage databases search and retrieval,cache manager,"Functional subsystem for cache manager in storage databases search and retrieval; orchestrates lower-level components, applies policy and emits results plus evidence.",SRC-POSTGRES;SRC-RDF;SRC-JSONSCHEMA;SRC-OTEL,cross-standard,candidate,research-seed,True,
AXM-08-STORAGE-DATABASE-O-009-search-engine,organ,08-storage-database,Storage databases search and retrieval,search engine,"Functional subsystem for search engine in storage databases search and retrieval; orchestrates lower-level components, applies policy and emits results plus evidence.",SRC-POSTGRES;SRC-RDF;SRC-JSONSCHEMA;SRC-OTEL,cross-standard,candidate,research-seed,True,
AXM-08-STORAGE-DATABASE-O-010-data-lake-organizer,organ,08-storage-database,Storage databases search and retrieval,data-lake organizer,"Functional subsystem for data-lake organizer in storage databases search and retrieval; orchestrates lower-level components, applies policy and emits results plus evidence.",SRC-POSTGRES;SRC-RDF;SRC-JSONSCHEMA;SRC-OTEL,cross-standard,candidate,research-seed,True,
AXM-08-STORAGE-DATABASE-O-011-retention-manager,organ,08-storage-database,Storage databases search and retrieval,retention manager,"Functional subsystem for retention manager in storage databases search and retrieval; orchestrates lower-level components, applies policy and emits results plus evidence.",SRC-POSTGRES;SRC-RDF;SRC-JSONSCHEMA;SRC-OTEL,cross-standard,candidate,research-seed,True,
AXM-08-STORAGE-DATABASE-O-012-change-stream-processor,organ,08-storage-database,Storage databases search and retrieval,change-stream processor,"Functional subsystem for change-stream processor in storage databases search and retrieval; orchestrates lower-level components, applies policy and emits results plus evidence.",SRC-POSTGRES;SRC-RDF;SRC-JSONSCHEMA;SRC-OTEL,cross-standard,candidate,research-seed,True,
AXM-08-STORAGE-DATABASE-O-013-vector-retrieval-organ,organ,08-storage-database,Storage databases search and retrieval,vector-retrieval organ,"Functional subsystem for vector-retrieval organ in storage databases search and retrieval; orchestrates lower-level components, applies policy and emits results plus evidence.",SRC-POSTGRES;SRC-RDF;SRC-JSONSCHEMA;SRC-OTEL,cross-standard,candidate,research-seed,True,
AXM-08-STORAGE-DATABASE-O-014-semantic-store-organ,organ,08-storage-database,Storage databases search and retrieval,semantic-store organ,"Functional subsystem for semantic-store organ in storage databases search and retrieval; orchestrates lower-level components, applies policy and emits results plus evidence.",SRC-POSTGRES;SRC-RDF;SRC-JSONSCHEMA;SRC-OTEL,cross-standard,candidate,research-seed,True,
AXM-09-UI-INTERACTION-A-001-design-token,atom,09-ui-interaction,User interface interaction accessibility and design systems,design token,"Smallest independently addressable design token unit in user interface interaction accessibility and design systems, intended to be typed, referenced, transformed or validated without requiring a whole finished asset.",SRC-HTML;SRC-ARIA;SRC-DESIGNTOKENS;SRC-POINTER;SRC-CSSVALUES;SRC-CSSCOLOR,cross-standard,candidate,research-seed,True,
AXM-09-UI-INTERACTION-A-002-color-token,atom,09-ui-interaction,User interface interaction accessibility and design systems,color token,"Smallest independently addressable color token unit in user interface interaction accessibility and design systems, intended to be typed, referenced, transformed or validated without requiring a whole finished asset.",SRC-HTML;SRC-ARIA;SRC-DESIGNTOKENS;SRC-POINTER;SRC-CSSVALUES;SRC-CSSCOLOR,cross-standard,candidate,research-seed,True,
AXM-09-UI-INTERACTION-A-003-spacing-token,atom,09-ui-interaction,User interface interaction accessibility and design systems,spacing token,"Smallest independently addressable spacing token unit in user interface interaction accessibility and design systems, intended to be typed, referenced, transformed or validated without requiring a whole finished asset.",SRC-HTML;SRC-ARIA;SRC-DESIGNTOKENS;SRC-POINTER;SRC-CSSVALUES;SRC-CSSCOLOR,cross-standard,candidate,research-seed,True,
AXM-09-UI-INTERACTION-A-004-size-token,atom,09-ui-interaction,User interface interaction accessibility and design systems,size token,"Smallest independently addressable size token unit in user interface interaction accessibility and design systems, intended to be typed, referenced, transformed or validated without requiring a whole finished asset.",SRC-HTML;SRC-ARIA;SRC-DESIGNTOKENS;SRC-POINTER;SRC-CSSVALUES;SRC-CSSCOLOR,cross-standard,candidate,research-seed,True,
AXM-09-UI-INTERACTION-A-005-radius-token,atom,09-ui-interaction,User interface interaction accessibility and design systems,radius token,"Smallest independently addressable radius token unit in user interface interaction accessibility and design systems, intended to be typed, referenced, transformed or validated without requiring a whole finished asset.",SRC-HTML;SRC-ARIA;SRC-DESIGNTOKENS;SRC-POINTER;SRC-CSSVALUES;SRC-CSSCOLOR,cross-standard,candidate,research-seed,True,
AXM-09-UI-INTERACTION-A-006-border-token,atom,09-ui-interaction,User interface interaction accessibility and design systems,border token,"Smallest independently addressable border token unit in user interface interaction accessibility and design systems, intended to be typed, referenced, transformed or validated without requiring a whole finished asset.",SRC-HTML;SRC-ARIA;SRC-DESIGNTOKENS;SRC-POINTER;SRC-CSSVALUES;SRC-CSSCOLOR,cross-standard,candidate,research-seed,True,
AXM-09-UI-INTERACTION-A-007-shadow-token,atom,09-ui-interaction,User interface interaction accessibility and design systems,shadow token,"Smallest independently addressable shadow token unit in user interface interaction accessibility and design systems, intended to be typed, referenced, transformed or validated without requiring a whole finished asset.",SRC-HTML;SRC-ARIA;SRC-DESIGNTOKENS;SRC-POINTER;SRC-CSSVALUES;SRC-CSSCOLOR,cross-standard,candidate,research-seed,True,
AXM-09-UI-INTERACTION-A-008-typography-token,atom,09-ui-interaction,User interface interaction accessibility and design systems,typography token,"Smallest independently addressable typography token unit in user interface interaction accessibility and design systems, intended to be typed, referenced, transformed or validated without requiring a whole finished asset.",SRC-HTML;SRC-ARIA;SRC-DESIGNTOKENS;SRC-POINTER;SRC-CSSVALUES;SRC-CSSCOLOR,cross-standard,candidate,research-seed,True,
AXM-09-UI-INTERACTION-A-009-motion-token,atom,09-ui-interaction,User interface interaction accessibility and design systems,motion token,"Smallest independently addressable motion token unit in user interface interaction accessibility and design systems, intended to be typed, referenced, transformed or validated without requiring a whole finished asset.",SRC-HTML;SRC-ARIA;SRC-DESIGNTOKENS;SRC-POINTER;SRC-CSSVALUES;SRC-CSSCOLOR,cross-standard,candidate,research-seed,True,
AXM-09-UI-INTERACTION-A-010-breakpoint,atom,09-ui-interaction,User interface interaction accessibility and design systems,breakpoint,"Smallest independently addressable breakpoint unit in user interface interaction accessibility and design systems, intended to be typed, referenced, transformed or validated without requiring a whole finished asset.",SRC-HTML;SRC-ARIA;SRC-DESIGNTOKENS;SRC-POINTER;SRC-CSSVALUES;SRC-CSSCOLOR,cross-standard,candidate,research-seed,True,
AXM-09-UI-INTERACTION-A-011-z-index,atom,09-ui-interaction,User interface interaction accessibility and design systems,z-index,"Smallest independently addressable z-index unit in user interface interaction accessibility and design systems, intended to be typed, referenced, transformed or validated without requiring a whole finished asset.",SRC-HTML;SRC-ARIA;SRC-DESIGNTOKENS;SRC-POINTER;SRC-CSSVALUES;SRC-CSSCOLOR,cross-standard,candidate,research-seed,True,
AXM-09-UI-INTERACTION-A-012-role,atom,09-ui-interaction,User interface interaction accessibility and design systems,role,"Smallest independently addressable role unit in user interface interaction accessibility and design systems, intended to be typed, referenced, transformed or validated without requiring a whole finished asset.",SRC-HTML;SRC-ARIA;SRC-DESIGNTOKENS;SRC-POINTER;SRC-CSSVALUES;SRC-CSSCOLOR,cross-standard,candidate,research-seed,True,
AXM-09-UI-INTERACTION-A-013-accessible-name,atom,09-ui-interaction,User interface interaction accessibility and design systems,accessible name,"Smallest independently addressable accessible name unit in user interface interaction accessibility and design systems, intended to be typed, referenced, transformed or validated without requiring a whole finished asset.",SRC-HTML;SRC-ARIA;SRC-DESIGNTOKENS;SRC-POINTER;SRC-CSSVALUES;SRC-CSSCOLOR,cross-standard,candidate,research-seed,True,
AXM-09-UI-INTERACTION-A-014-accessible-description,atom,09-ui-interaction,User interface interaction accessibility and design systems,accessible description,"Smallest independently addressable accessible description unit in user interface interaction accessibility and design systems, intended to be typed, referenced, transformed or validated without requiring a whole finished asset.",SRC-HTML;SRC-ARIA;SRC-DESIGNTOKENS;SRC-POINTER;SRC-CSSVALUES;SRC-CSSCOLOR,cross-standard,candidate,research-seed,True,
AXM-09-UI-INTERACTION-A-015-accessibility-state-property,atom,09-ui-interaction,User interface interaction accessibility and design systems,accessibility state property,"Smallest independently addressable accessibility state property unit in user interface interaction accessibility and design systems, intended to be typed, referenced, transformed or validated without requiring a whole finished asset.",SRC-HTML;SRC-ARIA;SRC-DESIGNTOKENS;SRC-POINTER;SRC-CSSVALUES;SRC-CSSCOLOR,cross-standard,candidate,research-seed,True,
AXM-09-UI-INTERACTION-A-016-focus-state,atom,09-ui-interaction,User interface interaction accessibility and design systems,focus state,"Smallest independently addressable focus state unit in user interface interaction accessibility and design systems, intended to be typed, referenced, transformed or validated without requiring a whole finished asset.",SRC-HTML;SRC-ARIA;SRC-DESIGNTOKENS;SRC-POINTER;SRC-CSSVALUES;SRC-CSSCOLOR,cross-standard,candidate,research-seed,True,
AXM-09-UI-INTERACTION-A-017-tab-index,atom,09-ui-interaction,User interface interaction accessibility and design systems,tab index,"Smallest independently addressable tab index unit in user interface interaction accessibility and design systems, intended to be typed, referenced, transformed or validated without requiring a whole finished asset.",SRC-HTML;SRC-ARIA;SRC-DESIGNTOKENS;SRC-POINTER;SRC-CSSVALUES;SRC-CSSCOLOR,cross-standard,candidate,research-seed,True,
AXM-09-UI-INTERACTION-A-018-pointer-coordinate,atom,09-ui-interaction,User interface interaction accessibility and design systems,pointer coordinate,"Smallest independently addressable pointer coordinate unit in user interface interaction accessibility and design systems, intended to be typed, referenced, transformed or validated without requiring a whole finished asset.",SRC-HTML;SRC-ARIA;SRC-DESIGNTOKENS;SRC-POINTER;SRC-CSSVALUES;SRC-CSSCOLOR,cross-standard,candidate,research-seed,True,
AXM-09-UI-INTERACTION-A-019-pressure,atom,09-ui-interaction,User interface interaction accessibility and design systems,pressure,"Smallest independently addressable pressure unit in user interface interaction accessibility and design systems, intended to be typed, referenced, transformed or validated without requiring a whole finished asset.",SRC-HTML;SRC-ARIA;SRC-DESIGNTOKENS;SRC-POINTER;SRC-CSSVALUES;SRC-CSSCOLOR,cross-standard,candidate,research-seed,True,
AXM-09-UI-INTERACTION-A-020-tilt,atom,09-ui-interaction,User interface interaction accessibility and design systems,tilt,"Smallest independently addressable tilt unit in user interface interaction accessibility and design systems, intended to be typed, referenced, transformed or validated without requiring a whole finished asset.",SRC-HTML;SRC-ARIA;SRC-DESIGNTOKENS;SRC-POINTER;SRC-CSSVALUES;SRC-CSSCOLOR,cross-standard,candidate,research-seed,True,
AXM-09-UI-INTERACTION-A-021-contact-geometry,atom,09-ui-interaction,User interface interaction accessibility and design systems,contact geometry,"Smallest independently addressable contact geometry unit in user interface interaction accessibility and design systems, intended to be typed, referenced, transformed or validated without requiring a whole finished asset.",SRC-HTML;SRC-ARIA;SRC-DESIGNTOKENS;SRC-POINTER;SRC-CSSVALUES;SRC-CSSCOLOR,cross-standard,candidate,research-seed,True,
AXM-09-UI-INTERACTION-A-022-key-code,atom,09-ui-interaction,User interface interaction accessibility and design systems,key code,"Smallest independently addressable key code unit in user interface interaction accessibility and design systems, intended to be typed, referenced, transformed or validated without requiring a whole finished asset.",SRC-HTML;SRC-ARIA;SRC-DESIGNTOKENS;SRC-POINTER;SRC-CSSVALUES;SRC-CSSCOLOR,cross-standard,candidate,research-seed,True,
AXM-09-UI-INTERACTION-A-023-modifier-key,atom,09-ui-interaction,User interface interaction accessibility and design systems,modifier key,"Smallest independently addressable modifier key unit in user interface interaction accessibility and design systems, intended to be typed, referenced, transformed or validated without requiring a whole finished asset.",SRC-HTML;SRC-ARIA;SRC-DESIGNTOKENS;SRC-POINTER;SRC-CSSVALUES;SRC-CSSCOLOR,cross-standard,candidate,research-seed,True,
AXM-09-UI-INTERACTION-A-024-gesture-phase,atom,09-ui-interaction,User interface interaction accessibility and design systems,gesture phase,"Smallest independently addressable gesture phase unit in user interface interaction accessibility and design systems, intended to be typed, referenced, transformed or validated without requiring a whole finished asset.",SRC-HTML;SRC-ARIA;SRC-DESIGNTOKENS;SRC-POINTER;SRC-CSSVALUES;SRC-CSSCOLOR,cross-standard,candidate,research-seed,True,
AXM-09-UI-INTERACTION-A-025-input-value,atom,09-ui-interaction,User interface interaction accessibility and design systems,input value,"Smallest independently addressable input value unit in user interface interaction accessibility and design systems, intended to be typed, referenced, transformed or validated without requiring a whole finished asset.",SRC-HTML;SRC-ARIA;SRC-DESIGNTOKENS;SRC-POINTER;SRC-CSSVALUES;SRC-CSSCOLOR,cross-standard,candidate,research-seed,True,
AXM-09-UI-INTERACTION-A-026-validation-state,atom,09-ui-interaction,User interface interaction accessibility and design systems,validation state,"Smallest independently addressable validation state unit in user interface interaction accessibility and design systems, intended to be typed, referenced, transformed or validated without requiring a whole finished asset.",SRC-HTML;SRC-ARIA;SRC-DESIGNTOKENS;SRC-POINTER;SRC-CSSVALUES;SRC-CSSCOLOR,cross-standard,candidate,research-seed,True,
AXM-09-UI-INTERACTION-A-027-selection-range,atom,09-ui-interaction,User interface interaction accessibility and design systems,selection range,"Smallest independently addressable selection range unit in user interface interaction accessibility and design systems, intended to be typed, referenced, transformed or validated without requiring a whole finished asset.",SRC-HTML;SRC-ARIA;SRC-DESIGNTOKENS;SRC-POINTER;SRC-CSSVALUES;SRC-CSSCOLOR,cross-standard,candidate,research-seed,True,
AXM-09-UI-INTERACTION-A-028-cursor-position,atom,09-ui-interaction,User interface interaction accessibility and design systems,cursor position,"Smallest independently addressable cursor position unit in user interface interaction accessibility and design systems, intended to be typed, referenced, transformed or validated without requiring a whole finished asset.",SRC-HTML;SRC-ARIA;SRC-DESIGNTOKENS;SRC-POINTER;SRC-CSSVALUES;SRC-CSSCOLOR,cross-standard,candidate,research-seed,True,
AXM-09-UI-INTERACTION-A-029-scroll-offset,atom,09-ui-interaction,User interface interaction accessibility and design systems,scroll offset,"Smallest independently addressable scroll offset unit in user interface interaction accessibility and design systems, intended to be typed, referenced, transformed or validated without requiring a whole finished asset.",SRC-HTML;SRC-ARIA;SRC-DESIGNTOKENS;SRC-POINTER;SRC-CSSVALUES;SRC-CSSCOLOR,cross-standard,candidate,research-seed,True,
AXM-09-UI-INTERACTION-A-030-viewport-size,atom,09-ui-interaction,User interface interaction accessibility and design systems,viewport size,"Smallest independently addressable viewport size unit in user interface interaction accessibility and design systems, intended to be typed, referenced, transformed or validated without requiring a whole finished asset.",SRC-HTML;SRC-ARIA;SRC-DESIGNTOKENS;SRC-POINTER;SRC-CSSVALUES;SRC-CSSCOLOR,cross-standard,candidate,research-seed,True,
AXM-09-UI-INTERACTION-A-031-anchor-point,atom,09-ui-interaction,User interface interaction accessibility and design systems,anchor point,"Smallest independently addressable anchor point unit in user interface interaction accessibility and design systems, intended to be typed, referenced, transformed or validated without requiring a whole finished asset.",SRC-HTML;SRC-ARIA;SRC-DESIGNTOKENS;SRC-POINTER;SRC-CSSVALUES;SRC-CSSCOLOR,cross-standard,candidate,research-seed,True,
AXM-09-UI-INTERACTION-A-032-alignment,atom,09-ui-interaction,User interface interaction accessibility and design systems,alignment,"Smallest independently addressable alignment unit in user interface interaction accessibility and design systems, intended to be typed, referenced, transformed or validated without requiring a whole finished asset.",SRC-HTML;SRC-ARIA;SRC-DESIGNTOKENS;SRC-POINTER;SRC-CSSVALUES;SRC-CSSCOLOR,cross-standard,candidate,research-seed,True,
AXM-09-UI-INTERACTION-A-033-gap,atom,09-ui-interaction,User interface interaction accessibility and design systems,gap,"Smallest independently addressable gap unit in user interface interaction accessibility and design systems, intended to be typed, referenced, transformed or validated without requiring a whole finished asset.",SRC-HTML;SRC-ARIA;SRC-DESIGNTOKENS;SRC-POINTER;SRC-CSSVALUES;SRC-CSSCOLOR,cross-standard,candidate,research-seed,True,
AXM-09-UI-INTERACTION-A-034-padding,atom,09-ui-interaction,User interface interaction accessibility and design systems,padding,"Smallest independently addressable padding unit in user interface interaction accessibility and design systems, intended to be typed, referenced, transformed or validated without requiring a whole finished asset.",SRC-HTML;SRC-ARIA;SRC-DESIGNTOKENS;SRC-POINTER;SRC-CSSVALUES;SRC-CSSCOLOR,cross-standard,candidate,research-seed,True,
AXM-09-UI-INTERACTION-A-035-margin,atom,09-ui-interaction,User interface interaction accessibility and design systems,margin,"Smallest independently addressable margin unit in user interface interaction accessibility and design systems, intended to be typed, referenced, transformed or validated without requiring a whole finished asset.",SRC-HTML;SRC-ARIA;SRC-DESIGNTOKENS;SRC-POINTER;SRC-CSSVALUES;SRC-CSSCOLOR,cross-standard,candidate,research-seed,True,
AXM-09-UI-INTERACTION-A-036-opacity,atom,09-ui-interaction,User interface interaction accessibility and design systems,opacity,"Smallest independently addressable opacity unit in user interface interaction accessibility and design systems, intended to be typed, referenced, transformed or validated without requiring a whole finished asset.",SRC-HTML;SRC-ARIA;SRC-DESIGNTOKENS;SRC-POINTER;SRC-CSSVALUES;SRC-CSSCOLOR,cross-standard,candidate,research-seed,True,
AXM-09-UI-INTERACTION-A-037-visibility,atom,09-ui-interaction,User interface interaction accessibility and design systems,visibility,"Smallest independently addressable visibility unit in user interface interaction accessibility and design systems, intended to be typed, referenced, transformed or validated without requiring a whole finished asset.",SRC-HTML;SRC-ARIA;SRC-DESIGNTOKENS;SRC-POINTER;SRC-CSSVALUES;SRC-CSSCOLOR,cross-standard,candidate,research-seed,True,
AXM-09-UI-INTERACTION-A-038-hover-state,atom,09-ui-interaction,User interface interaction accessibility and design systems,hover state,"Smallest independently addressable hover state unit in user interface interaction accessibility and design systems, intended to be typed, referenced, transformed or validated without requiring a whole finished asset.",SRC-HTML;SRC-ARIA;SRC-DESIGNTOKENS;SRC-POINTER;SRC-CSSVALUES;SRC-CSSCOLOR,cross-standard,candidate,research-seed,True,
AXM-09-UI-INTERACTION-A-039-pressed-state,atom,09-ui-interaction,User interface interaction accessibility and design systems,pressed state,"Smallest independently addressable pressed state unit in user interface interaction accessibility and design systems, intended to be typed, referenced, transformed or validated without requiring a whole finished asset.",SRC-HTML;SRC-ARIA;SRC-DESIGNTOKENS;SRC-POINTER;SRC-CSSVALUES;SRC-CSSCOLOR,cross-standard,candidate,research-seed,True,
AXM-09-UI-INTERACTION-A-040-checked-state,atom,09-ui-interaction,User interface interaction accessibility and design systems,checked state,"Smallest independently addressable checked state unit in user interface interaction accessibility and design systems, intended to be typed, referenced, transformed or validated without requiring a whole finished asset.",SRC-HTML;SRC-ARIA;SRC-DESIGNTOKENS;SRC-POINTER;SRC-CSSVALUES;SRC-CSSCOLOR,cross-standard,candidate,research-seed,True,
AXM-09-UI-INTERACTION-A-041-expanded-state,atom,09-ui-interaction,User interface interaction accessibility and design systems,expanded state,"Smallest independently addressable expanded state unit in user interface interaction accessibility and design systems, intended to be typed, referenced, transformed or validated without requiring a whole finished asset.",SRC-HTML;SRC-ARIA;SRC-DESIGNTOKENS;SRC-POINTER;SRC-CSSVALUES;SRC-CSSCOLOR,cross-standard,candidate,research-seed,True,
AXM-09-UI-INTERACTION-A-042-disabled-state,atom,09-ui-interaction,User interface interaction accessibility and design systems,disabled state,"Smallest independently addressable disabled state unit in user interface interaction accessibility and design systems, intended to be typed, referenced, transformed or validated without requiring a whole finished asset.",SRC-HTML;SRC-ARIA;SRC-DESIGNTOKENS;SRC-POINTER;SRC-CSSVALUES;SRC-CSSCOLOR,cross-standard,candidate,research-seed,True,
AXM-09-UI-INTERACTION-C-001-ui-element,component,09-ui-interaction,User interface interaction accessibility and design systems,UI element,"Reusable UI element assembly in user interface interaction accessibility and design systems, with a bounded role and an interface that can be tested independently.",SRC-HTML;SRC-ARIA;SRC-DESIGNTOKENS;SRC-POINTER;SRC-CSSVALUES;SRC-CSSCOLOR,cross-standard,candidate,research-seed,True,
AXM-09-UI-INTERACTION-C-002-text-control,component,09-ui-interaction,User interface interaction accessibility and design systems,text control,"Reusable text control assembly in user interface interaction accessibility and design systems, with a bounded role and an interface that can be tested independently.",SRC-HTML;SRC-ARIA;SRC-DESIGNTOKENS;SRC-POINTER;SRC-CSSVALUES;SRC-CSSCOLOR,cross-standard,candidate,research-seed,True,
AXM-09-UI-INTERACTION-C-003-button,component,09-ui-interaction,User interface interaction accessibility and design systems,button,"Reusable button assembly in user interface interaction accessibility and design systems, with a bounded role and an interface that can be tested independently.",SRC-HTML;SRC-ARIA;SRC-DESIGNTOKENS;SRC-POINTER;SRC-CSSVALUES;SRC-CSSCOLOR,cross-standard,candidate,research-seed,True,
AXM-09-UI-INTERACTION-C-004-input-field,component,09-ui-interaction,User interface interaction accessibility and design systems,input field,"Reusable input field assembly in user interface interaction accessibility and design systems, with a bounded role and an interface that can be tested independently.",SRC-HTML;SRC-ARIA;SRC-DESIGNTOKENS;SRC-POINTER;SRC-CSSVALUES;SRC-CSSCOLOR,cross-standard,candidate,research-seed,True,
AXM-09-UI-INTERACTION-C-005-checkbox,component,09-ui-interaction,User interface interaction accessibility and design systems,checkbox,"Reusable checkbox assembly in user interface interaction accessibility and design systems, with a bounded role and an interface that can be tested independently.",SRC-HTML;SRC-ARIA;SRC-DESIGNTOKENS;SRC-POINTER;SRC-CSSVALUES;SRC-CSSCOLOR,cross-standard,candidate,research-seed,True,
AXM-09-UI-INTERACTION-C-006-radio-control,component,09-ui-interaction,User interface interaction accessibility and design systems,radio control,"Reusable radio control assembly in user interface interaction accessibility and design systems, with a bounded role and an interface that can be tested independently.",SRC-HTML;SRC-ARIA;SRC-DESIGNTOKENS;SRC-POINTER;SRC-CSSVALUES;SRC-CSSCOLOR,cross-standard,candidate,research-seed,True,
AXM-09-UI-INTERACTION-C-007-switch,component,09-ui-interaction,User interface interaction accessibility and design systems,switch,"Reusable switch assembly in user interface interaction accessibility and design systems, with a bounded role and an interface that can be tested independently.",SRC-HTML;SRC-ARIA;SRC-DESIGNTOKENS;SRC-POINTER;SRC-CSSVALUES;SRC-CSSCOLOR,cross-standard,candidate,research-seed,True,
AXM-09-UI-INTERACTION-C-008-slider,component,09-ui-interaction,User interface interaction accessibility and design systems,slider,"Reusable slider assembly in user interface interaction accessibility and design systems, with a bounded role and an interface that can be tested independently.",SRC-HTML;SRC-ARIA;SRC-DESIGNTOKENS;SRC-POINTER;SRC-CSSVALUES;SRC-CSSCOLOR,cross-standard,candidate,research-seed,True,
AXM-09-UI-INTERACTION-C-009-select-control,component,09-ui-interaction,User interface interaction accessibility and design systems,select control,"Reusable select control assembly in user interface interaction accessibility and design systems, with a bounded role and an interface that can be tested independently.",SRC-HTML;SRC-ARIA;SRC-DESIGNTOKENS;SRC-POINTER;SRC-CSSVALUES;SRC-CSSCOLOR,cross-standard,candidate,research-seed,True,
AXM-09-UI-INTERACTION-C-010-form-field,component,09-ui-interaction,User interface interaction accessibility and design systems,form field,"Reusable form field assembly in user interface interaction accessibility and design systems, with a bounded role and an interface that can be tested independently.",SRC-HTML;SRC-ARIA;SRC-DESIGNTOKENS;SRC-POINTER;SRC-CSSVALUES;SRC-CSSCOLOR,cross-standard,candidate,research-seed,True,
AXM-09-UI-INTERACTION-C-011-form,component,09-ui-interaction,User interface interaction accessibility and design systems,form,"Reusable form assembly in user interface interaction accessibility and design systems, with a bounded role and an interface that can be tested independently.",SRC-HTML;SRC-ARIA;SRC-DESIGNTOKENS;SRC-POINTER;SRC-CSSVALUES;SRC-CSSCOLOR,cross-standard,candidate,research-seed,True,
AXM-09-UI-INTERACTION-C-012-menu,component,09-ui-interaction,User interface interaction accessibility and design systems,menu,"Reusable menu assembly in user interface interaction accessibility and design systems, with a bounded role and an interface that can be tested independently.",SRC-HTML;SRC-ARIA;SRC-DESIGNTOKENS;SRC-POINTER;SRC-CSSVALUES;SRC-CSSCOLOR,cross-standard,candidate,research-seed,True,
AXM-09-UI-INTERACTION-C-013-menu-item,component,09-ui-interaction,User interface interaction accessibility and design systems,menu item,"Reusable menu item assembly in user interface interaction accessibility and design systems, with a bounded role and an interface that can be tested independently.",SRC-HTML;SRC-ARIA;SRC-DESIGNTOKENS;SRC-POINTER;SRC-CSSVALUES;SRC-CSSCOLOR,cross-standard,candidate,research-seed,True,
AXM-09-UI-INTERACTION-C-014-toolbar,component,09-ui-interaction,User interface interaction accessibility and design systems,toolbar,"Reusable toolbar assembly in user interface interaction accessibility and design systems, with a bounded role and an interface that can be tested independently.",SRC-HTML;SRC-ARIA;SRC-DESIGNTOKENS;SRC-POINTER;SRC-CSSVALUES;SRC-CSSCOLOR,cross-standard,candidate,research-seed,True,
AXM-09-UI-INTERACTION-C-015-dialog,component,09-ui-interaction,User interface interaction accessibility and design systems,dialog,"Reusable dialog assembly in user interface interaction accessibility and design systems, with a bounded role and an interface that can be tested independently.",SRC-HTML;SRC-ARIA;SRC-DESIGNTOKENS;SRC-POINTER;SRC-CSSVALUES;SRC-CSSCOLOR,cross-standard,candidate,research-seed,True,
AXM-09-UI-INTERACTION-C-016-alert,component,09-ui-interaction,User interface interaction accessibility and design systems,alert,"Reusable alert assembly in user interface interaction accessibility and design systems, with a bounded role and an interface that can be tested independently.",SRC-HTML;SRC-ARIA;SRC-DESIGNTOKENS;SRC-POINTER;SRC-CSSVALUES;SRC-CSSCOLOR,cross-standard,candidate,research-seed,True,
AXM-09-UI-INTERACTION-C-017-tooltip,component,09-ui-interaction,User interface interaction accessibility and design systems,tooltip,"Reusable tooltip assembly in user interface interaction accessibility and design systems, with a bounded role and an interface that can be tested independently.",SRC-HTML;SRC-ARIA;SRC-DESIGNTOKENS;SRC-POINTER;SRC-CSSVALUES;SRC-CSSCOLOR,cross-standard,candidate,research-seed,True,
AXM-09-UI-INTERACTION-C-018-tab-set,component,09-ui-interaction,User interface interaction accessibility and design systems,tab set,"Reusable tab set assembly in user interface interaction accessibility and design systems, with a bounded role and an interface that can be tested independently.",SRC-HTML;SRC-ARIA;SRC-DESIGNTOKENS;SRC-POINTER;SRC-CSSVALUES;SRC-CSSCOLOR,cross-standard,candidate,research-seed,True,
AXM-09-UI-INTERACTION-C-019-accordion,component,09-ui-interaction,User interface interaction accessibility and design systems,accordion,"Reusable accordion assembly in user interface interaction accessibility and design systems, with a bounded role and an interface that can be tested independently.",SRC-HTML;SRC-ARIA;SRC-DESIGNTOKENS;SRC-POINTER;SRC-CSSVALUES;SRC-CSSCOLOR,cross-standard,candidate,research-seed,True,
AXM-09-UI-INTERACTION-C-020-list,component,09-ui-interaction,User interface interaction accessibility and design systems,list,"Reusable list assembly in user interface interaction accessibility and design systems, with a bounded role and an interface that can be tested independently.",SRC-HTML;SRC-ARIA;SRC-DESIGNTOKENS;SRC-POINTER;SRC-CSSVALUES;SRC-CSSCOLOR,cross-standard,candidate,research-seed,True,
AXM-09-UI-INTERACTION-C-021-table-or-grid,component,09-ui-interaction,User interface interaction accessibility and design systems,table or grid,"Reusable table or grid assembly in user interface interaction accessibility and design systems, with a bounded role and an interface that can be tested independently.",SRC-HTML;SRC-ARIA;SRC-DESIGNTOKENS;SRC-POINTER;SRC-CSSVALUES;SRC-CSSCOLOR,cross-standard,candidate,research-seed,True,
AXM-09-UI-INTERACTION-C-022-tree-view,component,09-ui-interaction,User interface interaction accessibility and design systems,tree view,"Reusable tree view assembly in user interface interaction accessibility and design systems, with a bounded role and an interface that can be tested independently.",SRC-HTML;SRC-ARIA;SRC-DESIGNTOKENS;SRC-POINTER;SRC-CSSVALUES;SRC-CSSCOLOR,cross-standard,candidate,research-seed,True,
AXM-09-UI-INTERACTION-C-023-breadcrumb,component,09-ui-interaction,User interface interaction accessibility and design systems,breadcrumb,"Reusable breadcrumb assembly in user interface interaction accessibility and design systems, with a bounded role and an interface that can be tested independently.",SRC-HTML;SRC-ARIA;SRC-DESIGNTOKENS;SRC-POINTER;SRC-CSSVALUES;SRC-CSSCOLOR,cross-standard,candidate,research-seed,True,
AXM-09-UI-INTERACTION-C-024-pagination-control,component,09-ui-interaction,User interface interaction accessibility and design systems,pagination control,"Reusable pagination control assembly in user interface interaction accessibility and design systems, with a bounded role and an interface that can be tested independently.",SRC-HTML;SRC-ARIA;SRC-DESIGNTOKENS;SRC-POINTER;SRC-CSSVALUES;SRC-CSSCOLOR,cross-standard,candidate,research-seed,True,
AXM-09-UI-INTERACTION-C-025-navigation-region,component,09-ui-interaction,User interface interaction accessibility and design systems,navigation region,"Reusable navigation region assembly in user interface interaction accessibility and design systems, with a bounded role and an interface that can be tested independently.",SRC-HTML;SRC-ARIA;SRC-DESIGNTOKENS;SRC-POINTER;SRC-CSSVALUES;SRC-CSSCOLOR,cross-standard,candidate,research-seed,True,
AXM-09-UI-INTERACTION-C-026-card,component,09-ui-interaction,User interface interaction accessibility and design systems,card,"Reusable card assembly in user interface interaction accessibility and design systems, with a bounded role and an interface that can be tested independently.",SRC-HTML;SRC-ARIA;SRC-DESIGNTOKENS;SRC-POINTER;SRC-CSSVALUES;SRC-CSSCOLOR,cross-standard,candidate,research-seed,True,
AXM-09-UI-INTERACTION-C-027-panel,component,09-ui-interaction,User interface interaction accessibility and design systems,panel,"Reusable panel assembly in user interface interaction accessibility and design systems, with a bounded role and an interface that can be tested independently.",SRC-HTML;SRC-ARIA;SRC-DESIGNTOKENS;SRC-POINTER;SRC-CSSVALUES;SRC-CSSCOLOR,cross-standard,candidate,research-seed,True,
AXM-09-UI-INTERACTION-C-028-layout-container,component,09-ui-interaction,User interface interaction accessibility and design systems,layout container,"Reusable layout container assembly in user interface interaction accessibility and design systems, with a bounded role and an interface that can be tested independently.",SRC-HTML;SRC-ARIA;SRC-DESIGNTOKENS;SRC-POINTER;SRC-CSSVALUES;SRC-CSSCOLOR,cross-standard,candidate,research-seed,True,
AXM-09-UI-INTERACTION-C-029-grid-layout,component,09-ui-interaction,User interface interaction accessibility and design systems,grid layout,"Reusable grid layout assembly in user interface interaction accessibility and design systems, with a bounded role and an interface that can be tested independently.",SRC-HTML;SRC-ARIA;SRC-DESIGNTOKENS;SRC-POINTER;SRC-CSSVALUES;SRC-CSSCOLOR,cross-standard,candidate,research-seed,True,
AXM-09-UI-INTERACTION-C-030-flex-layout,component,09-ui-interaction,User interface interaction accessibility and design systems,flex layout,"Reusable flex layout assembly in user interface interaction accessibility and design systems, with a bounded role and an interface that can be tested independently.",SRC-HTML;SRC-ARIA;SRC-DESIGNTOKENS;SRC-POINTER;SRC-CSSVALUES;SRC-CSSCOLOR,cross-standard,candidate,research-seed,True,
AXM-09-UI-INTERACTION-C-031-component-variant,component,09-ui-interaction,User interface interaction accessibility and design systems,component variant,"Reusable component variant assembly in user interface interaction accessibility and design systems, with a bounded role and an interface that can be tested independently.",SRC-HTML;SRC-ARIA;SRC-DESIGNTOKENS;SRC-POINTER;SRC-CSSVALUES;SRC-CSSCOLOR,cross-standard,candidate,research-seed,True,
AXM-09-UI-INTERACTION-C-032-theme,component,09-ui-interaction,User interface interaction accessibility and design systems,theme,"Reusable theme assembly in user interface interaction accessibility and design systems, with a bounded role and an interface that can be tested independently.",SRC-HTML;SRC-ARIA;SRC-DESIGNTOKENS;SRC-POINTER;SRC-CSSVALUES;SRC-CSSCOLOR,cross-standard,candidate,research-seed,True,
AXM-09-UI-INTERACTION-C-033-focus-ring,component,09-ui-interaction,User interface interaction accessibility and design systems,focus ring,"Reusable focus ring assembly in user interface interaction accessibility and design systems, with a bounded role and an interface that can be tested independently.",SRC-HTML;SRC-ARIA;SRC-DESIGNTOKENS;SRC-POINTER;SRC-CSSVALUES;SRC-CSSCOLOR,cross-standard,candidate,research-seed,True,
AXM-09-UI-INTERACTION-C-034-accessible-relationship,component,09-ui-interaction,User interface interaction accessibility and design systems,accessible relationship,"Reusable accessible relationship assembly in user interface interaction accessibility and design systems, with a bounded role and an interface that can be tested independently.",SRC-HTML;SRC-ARIA;SRC-DESIGNTOKENS;SRC-POINTER;SRC-CSSVALUES;SRC-CSSCOLOR,cross-standard,candidate,research-seed,True,
AXM-09-UI-INTERACTION-C-035-gesture-recognizer,component,09-ui-interaction,User interface interaction accessibility and design systems,gesture recognizer,"Reusable gesture recognizer assembly in user interface interaction accessibility and design systems, with a bounded role and an interface that can be tested independently.",SRC-HTML;SRC-ARIA;SRC-DESIGNTOKENS;SRC-POINTER;SRC-CSSVALUES;SRC-CSSCOLOR,cross-standard,candidate,research-seed,True,
AXM-09-UI-INTERACTION-C-036-interaction-state-machine,component,09-ui-interaction,User interface interaction accessibility and design systems,interaction state machine,"Reusable interaction state machine assembly in user interface interaction accessibility and design systems, with a bounded role and an interface that can be tested independently.",SRC-HTML;SRC-ARIA;SRC-DESIGNTOKENS;SRC-POINTER;SRC-CSSVALUES;SRC-CSSCOLOR,cross-standard,candidate,research-seed,True,
AXM-09-UI-INTERACTION-C-037-modal-layer,component,09-ui-interaction,User interface interaction accessibility and design systems,modal layer,"Reusable modal layer assembly in user interface interaction accessibility and design systems, with a bounded role and an interface that can be tested independently.",SRC-HTML;SRC-ARIA;SRC-DESIGNTOKENS;SRC-POINTER;SRC-CSSVALUES;SRC-CSSCOLOR,cross-standard,candidate,research-seed,True,
AXM-09-UI-INTERACTION-C-038-notification,component,09-ui-interaction,User interface interaction accessibility and design systems,notification,"Reusable notification assembly in user interface interaction accessibility and design systems, with a bounded role and an interface that can be tested independently.",SRC-HTML;SRC-ARIA;SRC-DESIGNTOKENS;SRC-POINTER;SRC-CSSVALUES;SRC-CSSCOLOR,cross-standard,candidate,research-seed,True,
AXM-09-UI-INTERACTION-C-039-command-palette,component,09-ui-interaction,User interface interaction accessibility and design systems,command palette,"Reusable command palette assembly in user interface interaction accessibility and design systems, with a bounded role and an interface that can be tested independently.",SRC-HTML;SRC-ARIA;SRC-DESIGNTOKENS;SRC-POINTER;SRC-CSSVALUES;SRC-CSSCOLOR,cross-standard,candidate,research-seed,True,
AXM-09-UI-INTERACTION-O-001-design-system-compiler,organ,09-ui-interaction,User interface interaction accessibility and design systems,design-system compiler,"Functional subsystem for design-system compiler in user interface interaction accessibility and design systems; orchestrates lower-level components, applies policy and emits results plus evidence.",SRC-HTML;SRC-ARIA;SRC-DESIGNTOKENS;SRC-POINTER;SRC-CSSVALUES;SRC-CSSCOLOR,cross-standard,candidate,research-seed,True,
AXM-09-UI-INTERACTION-O-002-layout-engine,organ,09-ui-interaction,User interface interaction accessibility and design systems,layout engine,"Functional subsystem for layout engine in user interface interaction accessibility and design systems; orchestrates lower-level components, applies policy and emits results plus evidence.",SRC-HTML;SRC-ARIA;SRC-DESIGNTOKENS;SRC-POINTER;SRC-CSSVALUES;SRC-CSSCOLOR,cross-standard,candidate,research-seed,True,
AXM-09-UI-INTERACTION-O-003-style-engine,organ,09-ui-interaction,User interface interaction accessibility and design systems,style engine,"Functional subsystem for style engine in user interface interaction accessibility and design systems; orchestrates lower-level components, applies policy and emits results plus evidence.",SRC-HTML;SRC-ARIA;SRC-DESIGNTOKENS;SRC-POINTER;SRC-CSSVALUES;SRC-CSSCOLOR,cross-standard,candidate,research-seed,True,
AXM-09-UI-INTERACTION-O-004-theming-organ,organ,09-ui-interaction,User interface interaction accessibility and design systems,theming organ,"Functional subsystem for theming organ in user interface interaction accessibility and design systems; orchestrates lower-level components, applies policy and emits results plus evidence.",SRC-HTML;SRC-ARIA;SRC-DESIGNTOKENS;SRC-POINTER;SRC-CSSVALUES;SRC-CSSCOLOR,cross-standard,candidate,research-seed,True,
AXM-09-UI-INTERACTION-O-005-interaction-dispatcher,organ,09-ui-interaction,User interface interaction accessibility and design systems,interaction dispatcher,"Functional subsystem for interaction dispatcher in user interface interaction accessibility and design systems; orchestrates lower-level components, applies policy and emits results plus evidence.",SRC-HTML;SRC-ARIA;SRC-DESIGNTOKENS;SRC-POINTER;SRC-CSSVALUES;SRC-CSSCOLOR,cross-standard,candidate,research-seed,True,
AXM-09-UI-INTERACTION-O-006-focus-manager,organ,09-ui-interaction,User interface interaction accessibility and design systems,focus manager,"Functional subsystem for focus manager in user interface interaction accessibility and design systems; orchestrates lower-level components, applies policy and emits results plus evidence.",SRC-HTML;SRC-ARIA;SRC-DESIGNTOKENS;SRC-POINTER;SRC-CSSVALUES;SRC-CSSCOLOR,cross-standard,candidate,research-seed,True,
AXM-09-UI-INTERACTION-O-007-form-engine,organ,09-ui-interaction,User interface interaction accessibility and design systems,form engine,"Functional subsystem for form engine in user interface interaction accessibility and design systems; orchestrates lower-level components, applies policy and emits results plus evidence.",SRC-HTML;SRC-ARIA;SRC-DESIGNTOKENS;SRC-POINTER;SRC-CSSVALUES;SRC-CSSCOLOR,cross-standard,candidate,research-seed,True,
AXM-09-UI-INTERACTION-O-008-accessibility-validator,organ,09-ui-interaction,User interface interaction accessibility and design systems,accessibility validator,"Functional subsystem for accessibility validator in user interface interaction accessibility and design systems; orchestrates lower-level components, applies policy and emits results plus evidence.",SRC-HTML;SRC-ARIA;SRC-DESIGNTOKENS;SRC-POINTER;SRC-CSSVALUES;SRC-CSSCOLOR,cross-standard,candidate,research-seed,True,
AXM-09-UI-INTERACTION-O-009-responsive-adaptation-organ,organ,09-ui-interaction,User interface interaction accessibility and design systems,responsive-adaptation organ,"Functional subsystem for responsive-adaptation organ in user interface interaction accessibility and design systems; orchestrates lower-level components, applies policy and emits results plus evidence.",SRC-HTML;SRC-ARIA;SRC-DESIGNTOKENS;SRC-POINTER;SRC-CSSVALUES;SRC-CSSCOLOR,cross-standard,candidate,research-seed,True,
AXM-09-UI-INTERACTION-O-010-input-abstraction-organ,organ,09-ui-interaction,User interface interaction accessibility and design systems,input-abstraction organ,"Functional subsystem for input-abstraction organ in user interface interaction accessibility and design systems; orchestrates lower-level components, applies policy and emits results plus evidence.",SRC-HTML;SRC-ARIA;SRC-DESIGNTOKENS;SRC-POINTER;SRC-CSSVALUES;SRC-CSSCOLOR,cross-standard,candidate,research-seed,True,
AXM-09-UI-INTERACTION-O-011-ui-renderer,organ,09-ui-interaction,User interface interaction accessibility and design systems,UI renderer,"Functional subsystem for UI renderer in user interface interaction accessibility and design systems; orchestrates lower-level components, applies policy and emits results plus evidence.",SRC-HTML;SRC-ARIA;SRC-DESIGNTOKENS;SRC-POINTER;SRC-CSSVALUES;SRC-CSSCOLOR,cross-standard,candidate,research-seed,True,
AXM-09-UI-INTERACTION-O-012-component-registry,organ,09-ui-interaction,User interface interaction accessibility and design systems,component registry,"Functional subsystem for component registry in user interface interaction accessibility and design systems; orchestrates lower-level components, applies policy and emits results plus evidence.",SRC-HTML;SRC-ARIA;SRC-DESIGNTOKENS;SRC-POINTER;SRC-CSSVALUES;SRC-CSSCOLOR,cross-standard,candidate,research-seed,True,
AXM-09-UI-INTERACTION-O-013-navigation-router,organ,09-ui-interaction,User interface interaction accessibility and design systems,navigation router,"Functional subsystem for navigation router in user interface interaction accessibility and design systems; orchestrates lower-level components, applies policy and emits results plus evidence.",SRC-HTML;SRC-ARIA;SRC-DESIGNTOKENS;SRC-POINTER;SRC-CSSVALUES;SRC-CSSCOLOR,cross-standard,candidate,research-seed,True,
AXM-09-UI-INTERACTION-O-014-gesture-engine,organ,09-ui-interaction,User interface interaction accessibility and design systems,gesture engine,"Functional subsystem for gesture engine in user interface interaction accessibility and design systems; orchestrates lower-level components, applies policy and emits results plus evidence.",SRC-HTML;SRC-ARIA;SRC-DESIGNTOKENS;SRC-POINTER;SRC-CSSVALUES;SRC-CSSCOLOR,cross-standard,candidate,research-seed,True,
AXM-09-UI-INTERACTION-O-015-notification-manager,organ,09-ui-interaction,User interface interaction accessibility and design systems,notification manager,"Functional subsystem for notification manager in user interface interaction accessibility and design systems; orchestrates lower-level components, applies policy and emits results plus evidence.",SRC-HTML;SRC-ARIA;SRC-DESIGNTOKENS;SRC-POINTER;SRC-CSSVALUES;SRC-CSSCOLOR,cross-standard,candidate,research-seed,True,
AXM-10-2D-IMAGING-A-001-pixel,atom,10-2d-imaging,2D raster vector imaging color and texture,pixel,"Smallest independently addressable pixel unit in 2d raster vector imaging color and texture, intended to be typed, referenced, transformed or validated without requiring a whole finished asset.",SRC-SVG;SRC-PNG;SRC-OPENEXR;SRC-OCIO;SRC-CSSCOLOR,cross-standard,candidate,research-seed,True,
AXM-10-2D-IMAGING-A-002-sample-channel,atom,10-2d-imaging,2D raster vector imaging color and texture,sample channel,"Smallest independently addressable sample channel unit in 2d raster vector imaging color and texture, intended to be typed, referenced, transformed or validated without requiring a whole finished asset.",SRC-SVG;SRC-PNG;SRC-OPENEXR;SRC-OCIO;SRC-CSSCOLOR,cross-standard,candidate,research-seed,True,
AXM-10-2D-IMAGING-A-003-color-channel,atom,10-2d-imaging,2D raster vector imaging color and texture,color channel,"Smallest independently addressable color channel unit in 2d raster vector imaging color and texture, intended to be typed, referenced, transformed or validated without requiring a whole finished asset.",SRC-SVG;SRC-PNG;SRC-OPENEXR;SRC-OCIO;SRC-CSSCOLOR,cross-standard,candidate,research-seed,True,
AXM-10-2D-IMAGING-A-004-alpha-sample,atom,10-2d-imaging,2D raster vector imaging color and texture,alpha sample,"Smallest independently addressable alpha sample unit in 2d raster vector imaging color and texture, intended to be typed, referenced, transformed or validated without requiring a whole finished asset.",SRC-SVG;SRC-PNG;SRC-OPENEXR;SRC-OCIO;SRC-CSSCOLOR,cross-standard,candidate,research-seed,True,
AXM-10-2D-IMAGING-A-005-palette-index,atom,10-2d-imaging,2D raster vector imaging color and texture,palette index,"Smallest independently addressable palette index unit in 2d raster vector imaging color and texture, intended to be typed, referenced, transformed or validated without requiring a whole finished asset.",SRC-SVG;SRC-PNG;SRC-OPENEXR;SRC-OCIO;SRC-CSSCOLOR,cross-standard,candidate,research-seed,True,
AXM-10-2D-IMAGING-A-006-scanline,atom,10-2d-imaging,2D raster vector imaging color and texture,scanline,"Smallest independently addressable scanline unit in 2d raster vector imaging color and texture, intended to be typed, referenced, transformed or validated without requiring a whole finished asset.",SRC-SVG;SRC-PNG;SRC-OPENEXR;SRC-OCIO;SRC-CSSCOLOR,cross-standard,candidate,research-seed,True,
AXM-10-2D-IMAGING-A-007-image-tile,atom,10-2d-imaging,2D raster vector imaging color and texture,image tile,"Smallest independently addressable image tile unit in 2d raster vector imaging color and texture, intended to be typed, referenced, transformed or validated without requiring a whole finished asset.",SRC-SVG;SRC-PNG;SRC-OPENEXR;SRC-OCIO;SRC-CSSCOLOR,cross-standard,candidate,research-seed,True,
AXM-10-2D-IMAGING-A-008-mip-level,atom,10-2d-imaging,2D raster vector imaging color and texture,mip level,"Smallest independently addressable mip level unit in 2d raster vector imaging color and texture, intended to be typed, referenced, transformed or validated without requiring a whole finished asset.",SRC-SVG;SRC-PNG;SRC-OPENEXR;SRC-OCIO;SRC-CSSCOLOR,cross-standard,candidate,research-seed,True,
AXM-10-2D-IMAGING-A-009-image-coordinate,atom,10-2d-imaging,2D raster vector imaging color and texture,image coordinate,"Smallest independently addressable image coordinate unit in 2d raster vector imaging color and texture, intended to be typed, referenced, transformed or validated without requiring a whole finished asset.",SRC-SVG;SRC-PNG;SRC-OPENEXR;SRC-OCIO;SRC-CSSCOLOR,cross-standard,candidate,research-seed,True,
AXM-10-2D-IMAGING-A-010-resolution,atom,10-2d-imaging,2D raster vector imaging color and texture,resolution,"Smallest independently addressable resolution unit in 2d raster vector imaging color and texture, intended to be typed, referenced, transformed or validated without requiring a whole finished asset.",SRC-SVG;SRC-PNG;SRC-OPENEXR;SRC-OCIO;SRC-CSSCOLOR,cross-standard,candidate,research-seed,True,
AXM-10-2D-IMAGING-A-011-bit-depth,atom,10-2d-imaging,2D raster vector imaging color and texture,bit depth,"Smallest independently addressable bit depth unit in 2d raster vector imaging color and texture, intended to be typed, referenced, transformed or validated without requiring a whole finished asset.",SRC-SVG;SRC-PNG;SRC-OPENEXR;SRC-OCIO;SRC-CSSCOLOR,cross-standard,candidate,research-seed,True,
AXM-10-2D-IMAGING-A-012-compression-block,atom,10-2d-imaging,2D raster vector imaging color and texture,compression block,"Smallest independently addressable compression block unit in 2d raster vector imaging color and texture, intended to be typed, referenced, transformed or validated without requiring a whole finished asset.",SRC-SVG;SRC-PNG;SRC-OPENEXR;SRC-OCIO;SRC-CSSCOLOR,cross-standard,candidate,research-seed,True,
AXM-10-2D-IMAGING-A-013-path-command,atom,10-2d-imaging,2D raster vector imaging color and texture,path command,"Smallest independently addressable path command unit in 2d raster vector imaging color and texture, intended to be typed, referenced, transformed or validated without requiring a whole finished asset.",SRC-SVG;SRC-PNG;SRC-OPENEXR;SRC-OCIO;SRC-CSSCOLOR,cross-standard,candidate,research-seed,True,
AXM-10-2D-IMAGING-A-014-move-command,atom,10-2d-imaging,2D raster vector imaging color and texture,move command,"Smallest independently addressable move command unit in 2d raster vector imaging color and texture, intended to be typed, referenced, transformed or validated without requiring a whole finished asset.",SRC-SVG;SRC-PNG;SRC-OPENEXR;SRC-OCIO;SRC-CSSCOLOR,cross-standard,candidate,research-seed,True,
AXM-10-2D-IMAGING-A-015-line-command,atom,10-2d-imaging,2D raster vector imaging color and texture,line command,"Smallest independently addressable line command unit in 2d raster vector imaging color and texture, intended to be typed, referenced, transformed or validated without requiring a whole finished asset.",SRC-SVG;SRC-PNG;SRC-OPENEXR;SRC-OCIO;SRC-CSSCOLOR,cross-standard,candidate,research-seed,True,
AXM-10-2D-IMAGING-A-016-curve-command,atom,10-2d-imaging,2D raster vector imaging color and texture,curve command,"Smallest independently addressable curve command unit in 2d raster vector imaging color and texture, intended to be typed, referenced, transformed or validated without requiring a whole finished asset.",SRC-SVG;SRC-PNG;SRC-OPENEXR;SRC-OCIO;SRC-CSSCOLOR,cross-standard,candidate,research-seed,True,
AXM-10-2D-IMAGING-A-017-arc-command,atom,10-2d-imaging,2D raster vector imaging color and texture,arc command,"Smallest independently addressable arc command unit in 2d raster vector imaging color and texture, intended to be typed, referenced, transformed or validated without requiring a whole finished asset.",SRC-SVG;SRC-PNG;SRC-OPENEXR;SRC-OCIO;SRC-CSSCOLOR,cross-standard,candidate,research-seed,True,
AXM-10-2D-IMAGING-A-018-close-path-command,atom,10-2d-imaging,2D raster vector imaging color and texture,close-path command,"Smallest independently addressable close-path command unit in 2d raster vector imaging color and texture, intended to be typed, referenced, transformed or validated without requiring a whole finished asset.",SRC-SVG;SRC-PNG;SRC-OPENEXR;SRC-OCIO;SRC-CSSCOLOR,cross-standard,candidate,research-seed,True,
AXM-10-2D-IMAGING-A-019-control-point,atom,10-2d-imaging,2D raster vector imaging color and texture,control point,"Smallest independently addressable control point unit in 2d raster vector imaging color and texture, intended to be typed, referenced, transformed or validated without requiring a whole finished asset.",SRC-SVG;SRC-PNG;SRC-OPENEXR;SRC-OCIO;SRC-CSSCOLOR,cross-standard,candidate,research-seed,True,
AXM-10-2D-IMAGING-A-020-vector-point,atom,10-2d-imaging,2D raster vector imaging color and texture,vector point,"Smallest independently addressable vector point unit in 2d raster vector imaging color and texture, intended to be typed, referenced, transformed or validated without requiring a whole finished asset.",SRC-SVG;SRC-PNG;SRC-OPENEXR;SRC-OCIO;SRC-CSSCOLOR,cross-standard,candidate,research-seed,True,
AXM-10-2D-IMAGING-A-021-stroke-width,atom,10-2d-imaging,2D raster vector imaging color and texture,stroke width,"Smallest independently addressable stroke width unit in 2d raster vector imaging color and texture, intended to be typed, referenced, transformed or validated without requiring a whole finished asset.",SRC-SVG;SRC-PNG;SRC-OPENEXR;SRC-OCIO;SRC-CSSCOLOR,cross-standard,candidate,research-seed,True,
AXM-10-2D-IMAGING-A-022-stroke-cap,atom,10-2d-imaging,2D raster vector imaging color and texture,stroke cap,"Smallest independently addressable stroke cap unit in 2d raster vector imaging color and texture, intended to be typed, referenced, transformed or validated without requiring a whole finished asset.",SRC-SVG;SRC-PNG;SRC-OPENEXR;SRC-OCIO;SRC-CSSCOLOR,cross-standard,candidate,research-seed,True,
AXM-10-2D-IMAGING-A-023-stroke-join,atom,10-2d-imaging,2D raster vector imaging color and texture,stroke join,"Smallest independently addressable stroke join unit in 2d raster vector imaging color and texture, intended to be typed, referenced, transformed or validated without requiring a whole finished asset.",SRC-SVG;SRC-PNG;SRC-OPENEXR;SRC-OCIO;SRC-CSSCOLOR,cross-standard,candidate,research-seed,True,
AXM-10-2D-IMAGING-A-024-fill-rule,atom,10-2d-imaging,2D raster vector imaging color and texture,fill rule,"Smallest independently addressable fill rule unit in 2d raster vector imaging color and texture, intended to be typed, referenced, transformed or validated without requiring a whole finished asset.",SRC-SVG;SRC-PNG;SRC-OPENEXR;SRC-OCIO;SRC-CSSCOLOR,cross-standard,candidate,research-seed,True,
AXM-10-2D-IMAGING-A-025-gradient-stop,atom,10-2d-imaging,2D raster vector imaging color and texture,gradient stop,"Smallest independently addressable gradient stop unit in 2d raster vector imaging color and texture, intended to be typed, referenced, transformed or validated without requiring a whole finished asset.",SRC-SVG;SRC-PNG;SRC-OPENEXR;SRC-OCIO;SRC-CSSCOLOR,cross-standard,candidate,research-seed,True,
AXM-10-2D-IMAGING-A-026-pattern-cell,atom,10-2d-imaging,2D raster vector imaging color and texture,pattern cell,"Smallest independently addressable pattern cell unit in 2d raster vector imaging color and texture, intended to be typed, referenced, transformed or validated without requiring a whole finished asset.",SRC-SVG;SRC-PNG;SRC-OPENEXR;SRC-OCIO;SRC-CSSCOLOR,cross-standard,candidate,research-seed,True,
AXM-10-2D-IMAGING-A-027-clipping-point,atom,10-2d-imaging,2D raster vector imaging color and texture,clipping point,"Smallest independently addressable clipping point unit in 2d raster vector imaging color and texture, intended to be typed, referenced, transformed or validated without requiring a whole finished asset.",SRC-SVG;SRC-PNG;SRC-OPENEXR;SRC-OCIO;SRC-CSSCOLOR,cross-standard,candidate,research-seed,True,
AXM-10-2D-IMAGING-A-028-mask-sample,atom,10-2d-imaging,2D raster vector imaging color and texture,mask sample,"Smallest independently addressable mask sample unit in 2d raster vector imaging color and texture, intended to be typed, referenced, transformed or validated without requiring a whole finished asset.",SRC-SVG;SRC-PNG;SRC-OPENEXR;SRC-OCIO;SRC-CSSCOLOR,cross-standard,candidate,research-seed,True,
AXM-10-2D-IMAGING-A-029-filter-parameter,atom,10-2d-imaging,2D raster vector imaging color and texture,filter parameter,"Smallest independently addressable filter parameter unit in 2d raster vector imaging color and texture, intended to be typed, referenced, transformed or validated without requiring a whole finished asset.",SRC-SVG;SRC-PNG;SRC-OPENEXR;SRC-OCIO;SRC-CSSCOLOR,cross-standard,candidate,research-seed,True,
AXM-10-2D-IMAGING-A-030-kernel-value,atom,10-2d-imaging,2D raster vector imaging color and texture,kernel value,"Smallest independently addressable kernel value unit in 2d raster vector imaging color and texture, intended to be typed, referenced, transformed or validated without requiring a whole finished asset.",SRC-SVG;SRC-PNG;SRC-OPENEXR;SRC-OCIO;SRC-CSSCOLOR,cross-standard,candidate,research-seed,True,
AXM-10-2D-IMAGING-A-031-layer-order,atom,10-2d-imaging,2D raster vector imaging color and texture,layer order,"Smallest independently addressable layer order unit in 2d raster vector imaging color and texture, intended to be typed, referenced, transformed or validated without requiring a whole finished asset.",SRC-SVG;SRC-PNG;SRC-OPENEXR;SRC-OCIO;SRC-CSSCOLOR,cross-standard,candidate,research-seed,True,
AXM-10-2D-IMAGING-A-032-blend-mode,atom,10-2d-imaging,2D raster vector imaging color and texture,blend mode,"Smallest independently addressable blend mode unit in 2d raster vector imaging color and texture, intended to be typed, referenced, transformed or validated without requiring a whole finished asset.",SRC-SVG;SRC-PNG;SRC-OPENEXR;SRC-OCIO;SRC-CSSCOLOR,cross-standard,candidate,research-seed,True,
AXM-10-2D-IMAGING-A-033-opacity,atom,10-2d-imaging,2D raster vector imaging color and texture,opacity,"Smallest independently addressable opacity unit in 2d raster vector imaging color and texture, intended to be typed, referenced, transformed or validated without requiring a whole finished asset.",SRC-SVG;SRC-PNG;SRC-OPENEXR;SRC-OCIO;SRC-CSSCOLOR,cross-standard,candidate,research-seed,True,
AXM-10-2D-IMAGING-A-034-crop-boundary,atom,10-2d-imaging,2D raster vector imaging color and texture,crop boundary,"Smallest independently addressable crop boundary unit in 2d raster vector imaging color and texture, intended to be typed, referenced, transformed or validated without requiring a whole finished asset.",SRC-SVG;SRC-PNG;SRC-OPENEXR;SRC-OCIO;SRC-CSSCOLOR,cross-standard,candidate,research-seed,True,
AXM-10-2D-IMAGING-A-035-selection-mask-value,atom,10-2d-imaging,2D raster vector imaging color and texture,selection-mask value,"Smallest independently addressable selection-mask value unit in 2d raster vector imaging color and texture, intended to be typed, referenced, transformed or validated without requiring a whole finished asset.",SRC-SVG;SRC-PNG;SRC-OPENEXR;SRC-OCIO;SRC-CSSCOLOR,cross-standard,candidate,research-seed,True,
AXM-10-2D-IMAGING-A-036-image-metadata-field,atom,10-2d-imaging,2D raster vector imaging color and texture,image metadata field,"Smallest independently addressable image metadata field unit in 2d raster vector imaging color and texture, intended to be typed, referenced, transformed or validated without requiring a whole finished asset.",SRC-SVG;SRC-PNG;SRC-OPENEXR;SRC-OCIO;SRC-CSSCOLOR,cross-standard,candidate,research-seed,True,
AXM-10-2D-IMAGING-A-037-color-profile-reference,atom,10-2d-imaging,2D raster vector imaging color and texture,color-profile reference,"Smallest independently addressable color-profile reference unit in 2d raster vector imaging color and texture, intended to be typed, referenced, transformed or validated without requiring a whole finished asset.",SRC-SVG;SRC-PNG;SRC-OPENEXR;SRC-OCIO;SRC-CSSCOLOR,cross-standard,candidate,research-seed,True,
AXM-10-2D-IMAGING-A-038-deep-sample-depth,atom,10-2d-imaging,2D raster vector imaging color and texture,deep-sample depth,"Smallest independently addressable deep-sample depth unit in 2d raster vector imaging color and texture, intended to be typed, referenced, transformed or validated without requiring a whole finished asset.",SRC-SVG;SRC-PNG;SRC-OPENEXR;SRC-OCIO;SRC-CSSCOLOR,cross-standard,candidate,research-seed,True,
AXM-10-2D-IMAGING-A-039-deep-sample-value,atom,10-2d-imaging,2D raster vector imaging color and texture,deep-sample value,"Smallest independently addressable deep-sample value unit in 2d raster vector imaging color and texture, intended to be typed, referenced, transformed or validated without requiring a whole finished asset.",SRC-SVG;SRC-PNG;SRC-OPENEXR;SRC-OCIO;SRC-CSSCOLOR,cross-standard,candidate,research-seed,True,
AXM-10-2D-IMAGING-A-040-view-identifier,atom,10-2d-imaging,2D raster vector imaging color and texture,view identifier,"Smallest independently addressable view identifier unit in 2d raster vector imaging color and texture, intended to be typed, referenced, transformed or validated without requiring a whole finished asset.",SRC-SVG;SRC-PNG;SRC-OPENEXR;SRC-OCIO;SRC-CSSCOLOR,cross-standard,candidate,research-seed,True,
AXM-10-2D-IMAGING-A-041-channel-name,atom,10-2d-imaging,2D raster vector imaging color and texture,channel name,"Smallest independently addressable channel name unit in 2d raster vector imaging color and texture, intended to be typed, referenced, transformed or validated without requiring a whole finished asset.",SRC-SVG;SRC-PNG;SRC-OPENEXR;SRC-OCIO;SRC-CSSCOLOR,cross-standard,candidate,research-seed,True,
AXM-10-2D-IMAGING-C-001-raster-image,component,10-2d-imaging,2D raster vector imaging color and texture,raster image,"Reusable raster image assembly in 2d raster vector imaging color and texture, with a bounded role and an interface that can be tested independently.",SRC-SVG;SRC-PNG;SRC-OPENEXR;SRC-OCIO;SRC-CSSCOLOR,cross-standard,candidate,research-seed,True,
AXM-10-2D-IMAGING-C-002-image-plane,component,10-2d-imaging,2D raster vector imaging color and texture,image plane,"Reusable image plane assembly in 2d raster vector imaging color and texture, with a bounded role and an interface that can be tested independently.",SRC-SVG;SRC-PNG;SRC-OPENEXR;SRC-OCIO;SRC-CSSCOLOR,cross-standard,candidate,research-seed,True,
AXM-10-2D-IMAGING-C-003-channel-set,component,10-2d-imaging,2D raster vector imaging color and texture,channel set,"Reusable channel set assembly in 2d raster vector imaging color and texture, with a bounded role and an interface that can be tested independently.",SRC-SVG;SRC-PNG;SRC-OPENEXR;SRC-OCIO;SRC-CSSCOLOR,cross-standard,candidate,research-seed,True,
AXM-10-2D-IMAGING-C-004-image-pyramid,component,10-2d-imaging,2D raster vector imaging color and texture,image pyramid,"Reusable image pyramid assembly in 2d raster vector imaging color and texture, with a bounded role and an interface that can be tested independently.",SRC-SVG;SRC-PNG;SRC-OPENEXR;SRC-OCIO;SRC-CSSCOLOR,cross-standard,candidate,research-seed,True,
AXM-10-2D-IMAGING-C-005-sprite,component,10-2d-imaging,2D raster vector imaging color and texture,sprite,"Reusable sprite assembly in 2d raster vector imaging color and texture, with a bounded role and an interface that can be tested independently.",SRC-SVG;SRC-PNG;SRC-OPENEXR;SRC-OCIO;SRC-CSSCOLOR,cross-standard,candidate,research-seed,True,
AXM-10-2D-IMAGING-C-006-sprite-sheet,component,10-2d-imaging,2D raster vector imaging color and texture,sprite sheet,"Reusable sprite sheet assembly in 2d raster vector imaging color and texture, with a bounded role and an interface that can be tested independently.",SRC-SVG;SRC-PNG;SRC-OPENEXR;SRC-OCIO;SRC-CSSCOLOR,cross-standard,candidate,research-seed,True,
AXM-10-2D-IMAGING-C-007-texture-atlas,component,10-2d-imaging,2D raster vector imaging color and texture,texture atlas,"Reusable texture atlas assembly in 2d raster vector imaging color and texture, with a bounded role and an interface that can be tested independently.",SRC-SVG;SRC-PNG;SRC-OPENEXR;SRC-OCIO;SRC-CSSCOLOR,cross-standard,candidate,research-seed,True,
AXM-10-2D-IMAGING-C-008-vector-path,component,10-2d-imaging,2D raster vector imaging color and texture,vector path,"Reusable vector path assembly in 2d raster vector imaging color and texture, with a bounded role and an interface that can be tested independently.",SRC-SVG;SRC-PNG;SRC-OPENEXR;SRC-OCIO;SRC-CSSCOLOR,cross-standard,candidate,research-seed,True,
AXM-10-2D-IMAGING-C-009-vector-shape,component,10-2d-imaging,2D raster vector imaging color and texture,vector shape,"Reusable vector shape assembly in 2d raster vector imaging color and texture, with a bounded role and an interface that can be tested independently.",SRC-SVG;SRC-PNG;SRC-OPENEXR;SRC-OCIO;SRC-CSSCOLOR,cross-standard,candidate,research-seed,True,
AXM-10-2D-IMAGING-C-010-group,component,10-2d-imaging,2D raster vector imaging color and texture,group,"Reusable group assembly in 2d raster vector imaging color and texture, with a bounded role and an interface that can be tested independently.",SRC-SVG;SRC-PNG;SRC-OPENEXR;SRC-OCIO;SRC-CSSCOLOR,cross-standard,candidate,research-seed,True,
AXM-10-2D-IMAGING-C-011-image-layer,component,10-2d-imaging,2D raster vector imaging color and texture,image layer,"Reusable image layer assembly in 2d raster vector imaging color and texture, with a bounded role and an interface that can be tested independently.",SRC-SVG;SRC-PNG;SRC-OPENEXR;SRC-OCIO;SRC-CSSCOLOR,cross-standard,candidate,research-seed,True,
AXM-10-2D-IMAGING-C-012-clipping-path,component,10-2d-imaging,2D raster vector imaging color and texture,clipping path,"Reusable clipping path assembly in 2d raster vector imaging color and texture, with a bounded role and an interface that can be tested independently.",SRC-SVG;SRC-PNG;SRC-OPENEXR;SRC-OCIO;SRC-CSSCOLOR,cross-standard,candidate,research-seed,True,
AXM-10-2D-IMAGING-C-013-mask,component,10-2d-imaging,2D raster vector imaging color and texture,mask,"Reusable mask assembly in 2d raster vector imaging color and texture, with a bounded role and an interface that can be tested independently.",SRC-SVG;SRC-PNG;SRC-OPENEXR;SRC-OCIO;SRC-CSSCOLOR,cross-standard,candidate,research-seed,True,
AXM-10-2D-IMAGING-C-014-gradient,component,10-2d-imaging,2D raster vector imaging color and texture,gradient,"Reusable gradient assembly in 2d raster vector imaging color and texture, with a bounded role and an interface that can be tested independently.",SRC-SVG;SRC-PNG;SRC-OPENEXR;SRC-OCIO;SRC-CSSCOLOR,cross-standard,candidate,research-seed,True,
AXM-10-2D-IMAGING-C-015-pattern,component,10-2d-imaging,2D raster vector imaging color and texture,pattern,"Reusable pattern assembly in 2d raster vector imaging color and texture, with a bounded role and an interface that can be tested independently.",SRC-SVG;SRC-PNG;SRC-OPENEXR;SRC-OCIO;SRC-CSSCOLOR,cross-standard,candidate,research-seed,True,
AXM-10-2D-IMAGING-C-016-filter-graph,component,10-2d-imaging,2D raster vector imaging color and texture,filter graph,"Reusable filter graph assembly in 2d raster vector imaging color and texture, with a bounded role and an interface that can be tested independently.",SRC-SVG;SRC-PNG;SRC-OPENEXR;SRC-OCIO;SRC-CSSCOLOR,cross-standard,candidate,research-seed,True,
AXM-10-2D-IMAGING-C-017-compositing-stack,component,10-2d-imaging,2D raster vector imaging color and texture,compositing stack,"Reusable compositing stack assembly in 2d raster vector imaging color and texture, with a bounded role and an interface that can be tested independently.",SRC-SVG;SRC-PNG;SRC-OPENEXR;SRC-OCIO;SRC-CSSCOLOR,cross-standard,candidate,research-seed,True,
AXM-10-2D-IMAGING-C-018-icon,component,10-2d-imaging,2D raster vector imaging color and texture,icon,"Reusable icon assembly in 2d raster vector imaging color and texture, with a bounded role and an interface that can be tested independently.",SRC-SVG;SRC-PNG;SRC-OPENEXR;SRC-OCIO;SRC-CSSCOLOR,cross-standard,candidate,research-seed,True,
AXM-10-2D-IMAGING-C-019-illustration,component,10-2d-imaging,2D raster vector imaging color and texture,illustration,"Reusable illustration assembly in 2d raster vector imaging color and texture, with a bounded role and an interface that can be tested independently.",SRC-SVG;SRC-PNG;SRC-OPENEXR;SRC-OCIO;SRC-CSSCOLOR,cross-standard,candidate,research-seed,True,
AXM-10-2D-IMAGING-C-020-texture-map,component,10-2d-imaging,2D raster vector imaging color and texture,texture map,"Reusable texture map assembly in 2d raster vector imaging color and texture, with a bounded role and an interface that can be tested independently.",SRC-SVG;SRC-PNG;SRC-OPENEXR;SRC-OCIO;SRC-CSSCOLOR,cross-standard,candidate,research-seed,True,
AXM-10-2D-IMAGING-C-021-normal-map,component,10-2d-imaging,2D raster vector imaging color and texture,normal map,"Reusable normal map assembly in 2d raster vector imaging color and texture, with a bounded role and an interface that can be tested independently.",SRC-SVG;SRC-PNG;SRC-OPENEXR;SRC-OCIO;SRC-CSSCOLOR,cross-standard,candidate,research-seed,True,
AXM-10-2D-IMAGING-C-022-height-map,component,10-2d-imaging,2D raster vector imaging color and texture,height map,"Reusable height map assembly in 2d raster vector imaging color and texture, with a bounded role and an interface that can be tested independently.",SRC-SVG;SRC-PNG;SRC-OPENEXR;SRC-OCIO;SRC-CSSCOLOR,cross-standard,candidate,research-seed,True,
AXM-10-2D-IMAGING-C-023-depth-map,component,10-2d-imaging,2D raster vector imaging color and texture,depth map,"Reusable depth map assembly in 2d raster vector imaging color and texture, with a bounded role and an interface that can be tested independently.",SRC-SVG;SRC-PNG;SRC-OPENEXR;SRC-OCIO;SRC-CSSCOLOR,cross-standard,candidate,research-seed,True,
AXM-10-2D-IMAGING-C-024-segmentation-map,component,10-2d-imaging,2D raster vector imaging color and texture,segmentation map,"Reusable segmentation map assembly in 2d raster vector imaging color and texture, with a bounded role and an interface that can be tested independently.",SRC-SVG;SRC-PNG;SRC-OPENEXR;SRC-OCIO;SRC-CSSCOLOR,cross-standard,candidate,research-seed,True,
AXM-10-2D-IMAGING-C-025-thumbnail,component,10-2d-imaging,2D raster vector imaging color and texture,thumbnail,"Reusable thumbnail assembly in 2d raster vector imaging color and texture, with a bounded role and an interface that can be tested independently.",SRC-SVG;SRC-PNG;SRC-OPENEXR;SRC-OCIO;SRC-CSSCOLOR,cross-standard,candidate,research-seed,True,
AXM-10-2D-IMAGING-C-026-image-metadata,component,10-2d-imaging,2D raster vector imaging color and texture,image metadata,"Reusable image metadata assembly in 2d raster vector imaging color and texture, with a bounded role and an interface that can be tested independently.",SRC-SVG;SRC-PNG;SRC-OPENEXR;SRC-OCIO;SRC-CSSCOLOR,cross-standard,candidate,research-seed,True,
AXM-10-2D-IMAGING-C-027-color-profile,component,10-2d-imaging,2D raster vector imaging color and texture,color profile,"Reusable color profile assembly in 2d raster vector imaging color and texture, with a bounded role and an interface that can be tested independently.",SRC-SVG;SRC-PNG;SRC-OPENEXR;SRC-OCIO;SRC-CSSCOLOR,cross-standard,candidate,research-seed,True,
AXM-10-2D-IMAGING-C-028-multipart-image,component,10-2d-imaging,2D raster vector imaging color and texture,multipart image,"Reusable multipart image assembly in 2d raster vector imaging color and texture, with a bounded role and an interface that can be tested independently.",SRC-SVG;SRC-PNG;SRC-OPENEXR;SRC-OCIO;SRC-CSSCOLOR,cross-standard,candidate,research-seed,True,
AXM-10-2D-IMAGING-C-029-deep-image,component,10-2d-imaging,2D raster vector imaging color and texture,deep image,"Reusable deep image assembly in 2d raster vector imaging color and texture, with a bounded role and an interface that can be tested independently.",SRC-SVG;SRC-PNG;SRC-OPENEXR;SRC-OCIO;SRC-CSSCOLOR,cross-standard,candidate,research-seed,True,
AXM-10-2D-IMAGING-C-030-multiview-image,component,10-2d-imaging,2D raster vector imaging color and texture,multiview image,"Reusable multiview image assembly in 2d raster vector imaging color and texture, with a bounded role and an interface that can be tested independently.",SRC-SVG;SRC-PNG;SRC-OPENEXR;SRC-OCIO;SRC-CSSCOLOR,cross-standard,candidate,research-seed,True,
AXM-10-2D-IMAGING-C-031-brush,component,10-2d-imaging,2D raster vector imaging color and texture,brush,"Reusable brush assembly in 2d raster vector imaging color and texture, with a bounded role and an interface that can be tested independently.",SRC-SVG;SRC-PNG;SRC-OPENEXR;SRC-OCIO;SRC-CSSCOLOR,cross-standard,candidate,research-seed,True,
AXM-10-2D-IMAGING-C-032-selection,component,10-2d-imaging,2D raster vector imaging color and texture,selection,"Reusable selection assembly in 2d raster vector imaging color and texture, with a bounded role and an interface that can be tested independently.",SRC-SVG;SRC-PNG;SRC-OPENEXR;SRC-OCIO;SRC-CSSCOLOR,cross-standard,candidate,research-seed,True,
AXM-10-2D-IMAGING-O-001-rasterizer,organ,10-2d-imaging,2D raster vector imaging color and texture,rasterizer,"Functional subsystem for rasterizer in 2d raster vector imaging color and texture; orchestrates lower-level components, applies policy and emits results plus evidence.",SRC-SVG;SRC-PNG;SRC-OPENEXR;SRC-OCIO;SRC-CSSCOLOR,cross-standard,candidate,research-seed,True,
AXM-10-2D-IMAGING-O-002-vector-renderer,organ,10-2d-imaging,2D raster vector imaging color and texture,vector renderer,"Functional subsystem for vector renderer in 2d raster vector imaging color and texture; orchestrates lower-level components, applies policy and emits results plus evidence.",SRC-SVG;SRC-PNG;SRC-OPENEXR;SRC-OCIO;SRC-CSSCOLOR,cross-standard,candidate,research-seed,True,
AXM-10-2D-IMAGING-O-003-image-compositor,organ,10-2d-imaging,2D raster vector imaging color and texture,image compositor,"Functional subsystem for image compositor in 2d raster vector imaging color and texture; orchestrates lower-level components, applies policy and emits results plus evidence.",SRC-SVG;SRC-PNG;SRC-OPENEXR;SRC-OCIO;SRC-CSSCOLOR,cross-standard,candidate,research-seed,True,
AXM-10-2D-IMAGING-O-004-image-editing-pipeline,organ,10-2d-imaging,2D raster vector imaging color and texture,image-editing pipeline,"Functional subsystem for image-editing pipeline in 2d raster vector imaging color and texture; orchestrates lower-level components, applies policy and emits results plus evidence.",SRC-SVG;SRC-PNG;SRC-OPENEXR;SRC-OCIO;SRC-CSSCOLOR,cross-standard,candidate,research-seed,True,
AXM-10-2D-IMAGING-O-005-color-management-organ,organ,10-2d-imaging,2D raster vector imaging color and texture,color-management organ,"Functional subsystem for color-management organ in 2d raster vector imaging color and texture; orchestrates lower-level components, applies policy and emits results plus evidence.",SRC-SVG;SRC-PNG;SRC-OPENEXR;SRC-OCIO;SRC-CSSCOLOR,cross-standard,candidate,research-seed,True,
AXM-10-2D-IMAGING-O-006-texture-baker,organ,10-2d-imaging,2D raster vector imaging color and texture,texture baker,"Functional subsystem for texture baker in 2d raster vector imaging color and texture; orchestrates lower-level components, applies policy and emits results plus evidence.",SRC-SVG;SRC-PNG;SRC-OPENEXR;SRC-OCIO;SRC-CSSCOLOR,cross-standard,candidate,research-seed,True,
AXM-10-2D-IMAGING-O-007-atlas-packer,organ,10-2d-imaging,2D raster vector imaging color and texture,atlas packer,"Functional subsystem for atlas packer in 2d raster vector imaging color and texture; orchestrates lower-level components, applies policy and emits results plus evidence.",SRC-SVG;SRC-PNG;SRC-OPENEXR;SRC-OCIO;SRC-CSSCOLOR,cross-standard,candidate,research-seed,True,
AXM-10-2D-IMAGING-O-008-image-encoder-and-decoder,organ,10-2d-imaging,2D raster vector imaging color and texture,image encoder and decoder,"Functional subsystem for image encoder and decoder in 2d raster vector imaging color and texture; orchestrates lower-level components, applies policy and emits results plus evidence.",SRC-SVG;SRC-PNG;SRC-OPENEXR;SRC-OCIO;SRC-CSSCOLOR,cross-standard,candidate,research-seed,True,
AXM-10-2D-IMAGING-O-009-image-resampler,organ,10-2d-imaging,2D raster vector imaging color and texture,image resampler,"Functional subsystem for image resampler in 2d raster vector imaging color and texture; orchestrates lower-level components, applies policy and emits results plus evidence.",SRC-SVG;SRC-PNG;SRC-OPENEXR;SRC-OCIO;SRC-CSSCOLOR,cross-standard,candidate,research-seed,True,
AXM-10-2D-IMAGING-O-010-image-analysis-organ,organ,10-2d-imaging,2D raster vector imaging color and texture,image-analysis organ,"Functional subsystem for image-analysis organ in 2d raster vector imaging color and texture; orchestrates lower-level components, applies policy and emits results plus evidence.",SRC-SVG;SRC-PNG;SRC-OPENEXR;SRC-OCIO;SRC-CSSCOLOR,cross-standard,candidate,research-seed,True,
AXM-10-2D-IMAGING-O-011-sprite-generator,organ,10-2d-imaging,2D raster vector imaging color and texture,sprite generator,"Functional subsystem for sprite generator in 2d raster vector imaging color and texture; orchestrates lower-level components, applies policy and emits results plus evidence.",SRC-SVG;SRC-PNG;SRC-OPENEXR;SRC-OCIO;SRC-CSSCOLOR,cross-standard,candidate,research-seed,True,
AXM-10-2D-IMAGING-O-012-thumbnail-generator,organ,10-2d-imaging,2D raster vector imaging color and texture,thumbnail generator,"Functional subsystem for thumbnail generator in 2d raster vector imaging color and texture; orchestrates lower-level components, applies policy and emits results plus evidence.",SRC-SVG;SRC-PNG;SRC-OPENEXR;SRC-OCIO;SRC-CSSCOLOR,cross-standard,candidate,research-seed,True,
AXM-10-2D-IMAGING-O-013-filter-evaluator,organ,10-2d-imaging,2D raster vector imaging color and texture,filter evaluator,"Functional subsystem for filter evaluator in 2d raster vector imaging color and texture; orchestrates lower-level components, applies policy and emits results plus evidence.",SRC-SVG;SRC-PNG;SRC-OPENEXR;SRC-OCIO;SRC-CSSCOLOR,cross-standard,candidate,research-seed,True,
AXM-10-2D-IMAGING-O-014-deep-image-processor,organ,10-2d-imaging,2D raster vector imaging color and texture,deep-image processor,"Functional subsystem for deep-image processor in 2d raster vector imaging color and texture; orchestrates lower-level components, applies policy and emits results plus evidence.",SRC-SVG;SRC-PNG;SRC-OPENEXR;SRC-OCIO;SRC-CSSCOLOR,cross-standard,candidate,research-seed,True,
AXM-10-2D-IMAGING-O-015-image-restoration-organ,organ,10-2d-imaging,2D raster vector imaging color and texture,image restoration organ,"Functional subsystem for image restoration organ in 2d raster vector imaging color and texture; orchestrates lower-level components, applies policy and emits results plus evidence.",SRC-SVG;SRC-PNG;SRC-OPENEXR;SRC-OCIO;SRC-CSSCOLOR,cross-standard,candidate,research-seed,True,
AXM-11-3D-SPATIAL-A-001-3d-point,atom,11-3d-spatial,3D geometry scenes volumes fields and spatial representations,3D point,"Smallest independently addressable 3D point unit in 3d geometry scenes volumes fields and spatial representations, intended to be typed, referenced, transformed or validated without requiring a whole finished asset.",SRC-GLTF;SRC-USD;SRC-OPENVDB;SRC-3DTILES;SRC-NERF;SRC-3DGS,cross-standard,candidate,research-seed,True,
AXM-11-3D-SPATIAL-A-002-vertex,atom,11-3d-spatial,3D geometry scenes volumes fields and spatial representations,vertex,"Smallest independently addressable vertex unit in 3d geometry scenes volumes fields and spatial representations, intended to be typed, referenced, transformed or validated without requiring a whole finished asset.",SRC-GLTF;SRC-USD;SRC-OPENVDB;SRC-3DTILES;SRC-NERF;SRC-3DGS,cross-standard,candidate,research-seed,True,
AXM-11-3D-SPATIAL-A-003-edge,atom,11-3d-spatial,3D geometry scenes volumes fields and spatial representations,edge,"Smallest independently addressable edge unit in 3d geometry scenes volumes fields and spatial representations, intended to be typed, referenced, transformed or validated without requiring a whole finished asset.",SRC-GLTF;SRC-USD;SRC-OPENVDB;SRC-3DTILES;SRC-NERF;SRC-3DGS,cross-standard,candidate,research-seed,True,
AXM-11-3D-SPATIAL-A-004-polygon-corner,atom,11-3d-spatial,3D geometry scenes volumes fields and spatial representations,polygon corner,"Smallest independently addressable polygon corner unit in 3d geometry scenes volumes fields and spatial representations, intended to be typed, referenced, transformed or validated without requiring a whole finished asset.",SRC-GLTF;SRC-USD;SRC-OPENVDB;SRC-3DTILES;SRC-NERF;SRC-3DGS,cross-standard,candidate,research-seed,True,
AXM-11-3D-SPATIAL-A-005-face,atom,11-3d-spatial,3D geometry scenes volumes fields and spatial representations,face,"Smallest independently addressable face unit in 3d geometry scenes volumes fields and spatial representations, intended to be typed, referenced, transformed or validated without requiring a whole finished asset.",SRC-GLTF;SRC-USD;SRC-OPENVDB;SRC-3DTILES;SRC-NERF;SRC-3DGS,cross-standard,candidate,research-seed,True,
AXM-11-3D-SPATIAL-A-006-triangle,atom,11-3d-spatial,3D geometry scenes volumes fields and spatial representations,triangle,"Smallest independently addressable triangle unit in 3d geometry scenes volumes fields and spatial representations, intended to be typed, referenced, transformed or validated without requiring a whole finished asset.",SRC-GLTF;SRC-USD;SRC-OPENVDB;SRC-3DTILES;SRC-NERF;SRC-3DGS,cross-standard,candidate,research-seed,True,
AXM-11-3D-SPATIAL-A-007-quad,atom,11-3d-spatial,3D geometry scenes volumes fields and spatial representations,quad,"Smallest independently addressable quad unit in 3d geometry scenes volumes fields and spatial representations, intended to be typed, referenced, transformed or validated without requiring a whole finished asset.",SRC-GLTF;SRC-USD;SRC-OPENVDB;SRC-3DTILES;SRC-NERF;SRC-3DGS,cross-standard,candidate,research-seed,True,
AXM-11-3D-SPATIAL-A-008-polygon,atom,11-3d-spatial,3D geometry scenes volumes fields and spatial representations,polygon,"Smallest independently addressable polygon unit in 3d geometry scenes volumes fields and spatial representations, intended to be typed, referenced, transformed or validated without requiring a whole finished asset.",SRC-GLTF;SRC-USD;SRC-OPENVDB;SRC-3DTILES;SRC-NERF;SRC-3DGS,cross-standard,candidate,research-seed,True,
AXM-11-3D-SPATIAL-A-009-normal,atom,11-3d-spatial,3D geometry scenes volumes fields and spatial representations,normal,"Smallest independently addressable normal unit in 3d geometry scenes volumes fields and spatial representations, intended to be typed, referenced, transformed or validated without requiring a whole finished asset.",SRC-GLTF;SRC-USD;SRC-OPENVDB;SRC-3DTILES;SRC-NERF;SRC-3DGS,cross-standard,candidate,research-seed,True,
AXM-11-3D-SPATIAL-A-010-tangent,atom,11-3d-spatial,3D geometry scenes volumes fields and spatial representations,tangent,"Smallest independently addressable tangent unit in 3d geometry scenes volumes fields and spatial representations, intended to be typed, referenced, transformed or validated without requiring a whole finished asset.",SRC-GLTF;SRC-USD;SRC-OPENVDB;SRC-3DTILES;SRC-NERF;SRC-3DGS,cross-standard,candidate,research-seed,True,
AXM-11-3D-SPATIAL-A-011-bitangent,atom,11-3d-spatial,3D geometry scenes volumes fields and spatial representations,bitangent,"Smallest independently addressable bitangent unit in 3d geometry scenes volumes fields and spatial representations, intended to be typed, referenced, transformed or validated without requiring a whole finished asset.",SRC-GLTF;SRC-USD;SRC-OPENVDB;SRC-3DTILES;SRC-NERF;SRC-3DGS,cross-standard,candidate,research-seed,True,
AXM-11-3D-SPATIAL-A-012-uv-coordinate,atom,11-3d-spatial,3D geometry scenes volumes fields and spatial representations,UV coordinate,"Smallest independently addressable UV coordinate unit in 3d geometry scenes volumes fields and spatial representations, intended to be typed, referenced, transformed or validated without requiring a whole finished asset.",SRC-GLTF;SRC-USD;SRC-OPENVDB;SRC-3DTILES;SRC-NERF;SRC-3DGS,cross-standard,candidate,research-seed,True,
AXM-11-3D-SPATIAL-A-013-vertex-color,atom,11-3d-spatial,3D geometry scenes volumes fields and spatial representations,vertex color,"Smallest independently addressable vertex color unit in 3d geometry scenes volumes fields and spatial representations, intended to be typed, referenced, transformed or validated without requiring a whole finished asset.",SRC-GLTF;SRC-USD;SRC-OPENVDB;SRC-3DTILES;SRC-NERF;SRC-3DGS,cross-standard,candidate,research-seed,True,
AXM-11-3D-SPATIAL-A-014-vertex-weight,atom,11-3d-spatial,3D geometry scenes volumes fields and spatial representations,vertex weight,"Smallest independently addressable vertex weight unit in 3d geometry scenes volumes fields and spatial representations, intended to be typed, referenced, transformed or validated without requiring a whole finished asset.",SRC-GLTF;SRC-USD;SRC-OPENVDB;SRC-3DTILES;SRC-NERF;SRC-3DGS,cross-standard,candidate,research-seed,True,
AXM-11-3D-SPATIAL-A-015-bone-index,atom,11-3d-spatial,3D geometry scenes volumes fields and spatial representations,bone index,"Smallest independently addressable bone index unit in 3d geometry scenes volumes fields and spatial representations, intended to be typed, referenced, transformed or validated without requiring a whole finished asset.",SRC-GLTF;SRC-USD;SRC-OPENVDB;SRC-3DTILES;SRC-NERF;SRC-3DGS,cross-standard,candidate,research-seed,True,
AXM-11-3D-SPATIAL-A-016-transform,atom,11-3d-spatial,3D geometry scenes volumes fields and spatial representations,transform,"Smallest independently addressable transform unit in 3d geometry scenes volumes fields and spatial representations, intended to be typed, referenced, transformed or validated without requiring a whole finished asset.",SRC-GLTF;SRC-USD;SRC-OPENVDB;SRC-3DTILES;SRC-NERF;SRC-3DGS,cross-standard,candidate,research-seed,True,
AXM-11-3D-SPATIAL-A-017-translation,atom,11-3d-spatial,3D geometry scenes volumes fields and spatial representations,translation,"Smallest independently addressable translation unit in 3d geometry scenes volumes fields and spatial representations, intended to be typed, referenced, transformed or validated without requiring a whole finished asset.",SRC-GLTF;SRC-USD;SRC-OPENVDB;SRC-3DTILES;SRC-NERF;SRC-3DGS,cross-standard,candidate,research-seed,True,
AXM-11-3D-SPATIAL-A-018-rotation,atom,11-3d-spatial,3D geometry scenes volumes fields and spatial representations,rotation,"Smallest independently addressable rotation unit in 3d geometry scenes volumes fields and spatial representations, intended to be typed, referenced, transformed or validated without requiring a whole finished asset.",SRC-GLTF;SRC-USD;SRC-OPENVDB;SRC-3DTILES;SRC-NERF;SRC-3DGS,cross-standard,candidate,research-seed,True,
AXM-11-3D-SPATIAL-A-019-scale,atom,11-3d-spatial,3D geometry scenes volumes fields and spatial representations,scale,"Smallest independently addressable scale unit in 3d geometry scenes volumes fields and spatial representations, intended to be typed, referenced, transformed or validated without requiring a whole finished asset.",SRC-GLTF;SRC-USD;SRC-OPENVDB;SRC-3DTILES;SRC-NERF;SRC-3DGS,cross-standard,candidate,research-seed,True,
AXM-11-3D-SPATIAL-A-020-bounding-box,atom,11-3d-spatial,3D geometry scenes volumes fields and spatial representations,bounding box,"Smallest independently addressable bounding box unit in 3d geometry scenes volumes fields and spatial representations, intended to be typed, referenced, transformed or validated without requiring a whole finished asset.",SRC-GLTF;SRC-USD;SRC-OPENVDB;SRC-3DTILES;SRC-NERF;SRC-3DGS,cross-standard,candidate,research-seed,True,
AXM-11-3D-SPATIAL-A-021-bounding-sphere,atom,11-3d-spatial,3D geometry scenes volumes fields and spatial representations,bounding sphere,"Smallest independently addressable bounding sphere unit in 3d geometry scenes volumes fields and spatial representations, intended to be typed, referenced, transformed or validated without requiring a whole finished asset.",SRC-GLTF;SRC-USD;SRC-OPENVDB;SRC-3DTILES;SRC-NERF;SRC-3DGS,cross-standard,candidate,research-seed,True,
AXM-11-3D-SPATIAL-A-022-ray,atom,11-3d-spatial,3D geometry scenes volumes fields and spatial representations,ray,"Smallest independently addressable ray unit in 3d geometry scenes volumes fields and spatial representations, intended to be typed, referenced, transformed or validated without requiring a whole finished asset.",SRC-GLTF;SRC-USD;SRC-OPENVDB;SRC-3DTILES;SRC-NERF;SRC-3DGS,cross-standard,candidate,research-seed,True,
AXM-11-3D-SPATIAL-A-023-plane,atom,11-3d-spatial,3D geometry scenes volumes fields and spatial representations,plane,"Smallest independently addressable plane unit in 3d geometry scenes volumes fields and spatial representations, intended to be typed, referenced, transformed or validated without requiring a whole finished asset.",SRC-GLTF;SRC-USD;SRC-OPENVDB;SRC-3DTILES;SRC-NERF;SRC-3DGS,cross-standard,candidate,research-seed,True,
AXM-11-3D-SPATIAL-A-024-curve-control-point,atom,11-3d-spatial,3D geometry scenes volumes fields and spatial representations,curve control point,"Smallest independently addressable curve control point unit in 3d geometry scenes volumes fields and spatial representations, intended to be typed, referenced, transformed or validated without requiring a whole finished asset.",SRC-GLTF;SRC-USD;SRC-OPENVDB;SRC-3DTILES;SRC-NERF;SRC-3DGS,cross-standard,candidate,research-seed,True,
AXM-11-3D-SPATIAL-A-025-spline-knot,atom,11-3d-spatial,3D geometry scenes volumes fields and spatial representations,spline knot,"Smallest independently addressable spline knot unit in 3d geometry scenes volumes fields and spatial representations, intended to be typed, referenced, transformed or validated without requiring a whole finished asset.",SRC-GLTF;SRC-USD;SRC-OPENVDB;SRC-3DTILES;SRC-NERF;SRC-3DGS,cross-standard,candidate,research-seed,True,
AXM-11-3D-SPATIAL-A-026-voxel,atom,11-3d-spatial,3D geometry scenes volumes fields and spatial representations,voxel,"Smallest independently addressable voxel unit in 3d geometry scenes volumes fields and spatial representations, intended to be typed, referenced, transformed or validated without requiring a whole finished asset.",SRC-GLTF;SRC-USD;SRC-OPENVDB;SRC-3DTILES;SRC-NERF;SRC-3DGS,cross-standard,candidate,research-seed,True,
AXM-11-3D-SPATIAL-A-027-voxel-value,atom,11-3d-spatial,3D geometry scenes volumes fields and spatial representations,voxel value,"Smallest independently addressable voxel value unit in 3d geometry scenes volumes fields and spatial representations, intended to be typed, referenced, transformed or validated without requiring a whole finished asset.",SRC-GLTF;SRC-USD;SRC-OPENVDB;SRC-3DTILES;SRC-NERF;SRC-3DGS,cross-standard,candidate,research-seed,True,
AXM-11-3D-SPATIAL-A-028-point-sample,atom,11-3d-spatial,3D geometry scenes volumes fields and spatial representations,point sample,"Smallest independently addressable point sample unit in 3d geometry scenes volumes fields and spatial representations, intended to be typed, referenced, transformed or validated without requiring a whole finished asset.",SRC-GLTF;SRC-USD;SRC-OPENVDB;SRC-3DTILES;SRC-NERF;SRC-3DGS,cross-standard,candidate,research-seed,True,
AXM-11-3D-SPATIAL-A-029-splat-center,atom,11-3d-spatial,3D geometry scenes volumes fields and spatial representations,splat center,"Smallest independently addressable splat center unit in 3d geometry scenes volumes fields and spatial representations, intended to be typed, referenced, transformed or validated without requiring a whole finished asset.",SRC-GLTF;SRC-USD;SRC-OPENVDB;SRC-3DTILES;SRC-NERF;SRC-3DGS,cross-standard,candidate,research-seed,True,
AXM-11-3D-SPATIAL-A-030-gaussian-covariance,atom,11-3d-spatial,3D geometry scenes volumes fields and spatial representations,Gaussian covariance,"Smallest independently addressable Gaussian covariance unit in 3d geometry scenes volumes fields and spatial representations, intended to be typed, referenced, transformed or validated without requiring a whole finished asset.",SRC-GLTF;SRC-USD;SRC-OPENVDB;SRC-3DTILES;SRC-NERF;SRC-3DGS,primary-research-plus-cross-standard,candidate,research-seed,True,
AXM-11-3D-SPATIAL-A-031-gaussian-opacity,atom,11-3d-spatial,3D geometry scenes volumes fields and spatial representations,Gaussian opacity,"Smallest independently addressable Gaussian opacity unit in 3d geometry scenes volumes fields and spatial representations, intended to be typed, referenced, transformed or validated without requiring a whole finished asset.",SRC-GLTF;SRC-USD;SRC-OPENVDB;SRC-3DTILES;SRC-NERF;SRC-3DGS,primary-research-plus-cross-standard,candidate,research-seed,True,
AXM-11-3D-SPATIAL-A-032-gaussian-color-coefficient,atom,11-3d-spatial,3D geometry scenes volumes fields and spatial representations,Gaussian color coefficient,"Smallest independently addressable Gaussian color coefficient unit in 3d geometry scenes volumes fields and spatial representations, intended to be typed, referenced, transformed or validated without requiring a whole finished asset.",SRC-GLTF;SRC-USD;SRC-OPENVDB;SRC-3DTILES;SRC-NERF;SRC-3DGS,primary-research-plus-cross-standard,candidate,research-seed,True,
AXM-11-3D-SPATIAL-A-033-signed-distance-sample,atom,11-3d-spatial,3D geometry scenes volumes fields and spatial representations,signed-distance sample,"Smallest independently addressable signed-distance sample unit in 3d geometry scenes volumes fields and spatial representations, intended to be typed, referenced, transformed or validated without requiring a whole finished asset.",SRC-GLTF;SRC-USD;SRC-OPENVDB;SRC-3DTILES;SRC-NERF;SRC-3DGS,cross-standard,candidate,research-seed,True,
AXM-11-3D-SPATIAL-A-034-occupancy-value,atom,11-3d-spatial,3D geometry scenes volumes fields and spatial representations,occupancy value,"Smallest independently addressable occupancy value unit in 3d geometry scenes volumes fields and spatial representations, intended to be typed, referenced, transformed or validated without requiring a whole finished asset.",SRC-GLTF;SRC-USD;SRC-OPENVDB;SRC-3DTILES;SRC-NERF;SRC-3DGS,cross-standard,candidate,research-seed,True,
AXM-11-3D-SPATIAL-A-035-density-sample,atom,11-3d-spatial,3D geometry scenes volumes fields and spatial representations,density sample,"Smallest independently addressable density sample unit in 3d geometry scenes volumes fields and spatial representations, intended to be typed, referenced, transformed or validated without requiring a whole finished asset.",SRC-GLTF;SRC-USD;SRC-OPENVDB;SRC-3DTILES;SRC-NERF;SRC-3DGS,cross-standard,candidate,research-seed,True,
AXM-11-3D-SPATIAL-A-036-radiance-sample,atom,11-3d-spatial,3D geometry scenes volumes fields and spatial representations,radiance sample,"Smallest independently addressable radiance sample unit in 3d geometry scenes volumes fields and spatial representations, intended to be typed, referenced, transformed or validated without requiring a whole finished asset.",SRC-GLTF;SRC-USD;SRC-OPENVDB;SRC-3DTILES;SRC-NERF;SRC-3DGS,cross-standard,candidate,research-seed,True,
AXM-11-3D-SPATIAL-A-037-topology-index,atom,11-3d-spatial,3D geometry scenes volumes fields and spatial representations,topology index,"Smallest independently addressable topology index unit in 3d geometry scenes volumes fields and spatial representations, intended to be typed, referenced, transformed or validated without requiring a whole finished asset.",SRC-GLTF;SRC-USD;SRC-OPENVDB;SRC-3DTILES;SRC-NERF;SRC-3DGS,cross-standard,candidate,research-seed,True,
AXM-11-3D-SPATIAL-A-038-primitive-mode,atom,11-3d-spatial,3D geometry scenes volumes fields and spatial representations,primitive mode,"Smallest independently addressable primitive mode unit in 3d geometry scenes volumes fields and spatial representations, intended to be typed, referenced, transformed or validated without requiring a whole finished asset.",SRC-GLTF;SRC-USD;SRC-OPENVDB;SRC-3DTILES;SRC-NERF;SRC-3DGS,cross-standard,candidate,research-seed,True,
AXM-11-3D-SPATIAL-A-039-node-reference,atom,11-3d-spatial,3D geometry scenes volumes fields and spatial representations,node reference,"Smallest independently addressable node reference unit in 3d geometry scenes volumes fields and spatial representations, intended to be typed, referenced, transformed or validated without requiring a whole finished asset.",SRC-GLTF;SRC-USD;SRC-OPENVDB;SRC-3DTILES;SRC-NERF;SRC-3DGS,cross-standard,candidate,research-seed,True,
AXM-11-3D-SPATIAL-A-040-camera-parameter,atom,11-3d-spatial,3D geometry scenes volumes fields and spatial representations,camera parameter,"Smallest independently addressable camera parameter unit in 3d geometry scenes volumes fields and spatial representations, intended to be typed, referenced, transformed or validated without requiring a whole finished asset.",SRC-GLTF;SRC-USD;SRC-OPENVDB;SRC-3DTILES;SRC-NERF;SRC-3DGS,cross-standard,candidate,research-seed,True,
AXM-11-3D-SPATIAL-A-041-projection-parameter,atom,11-3d-spatial,3D geometry scenes volumes fields and spatial representations,projection parameter,"Smallest independently addressable projection parameter unit in 3d geometry scenes volumes fields and spatial representations, intended to be typed, referenced, transformed or validated without requiring a whole finished asset.",SRC-GLTF;SRC-USD;SRC-OPENVDB;SRC-3DTILES;SRC-NERF;SRC-3DGS,cross-standard,candidate,research-seed,True,
AXM-11-3D-SPATIAL-A-042-light-parameter,atom,11-3d-spatial,3D geometry scenes volumes fields and spatial representations,light parameter,"Smallest independently addressable light parameter unit in 3d geometry scenes volumes fields and spatial representations, intended to be typed, referenced, transformed or validated without requiring a whole finished asset.",SRC-GLTF;SRC-USD;SRC-OPENVDB;SRC-3DTILES;SRC-NERF;SRC-3DGS,cross-standard,candidate,research-seed,True,
AXM-11-3D-SPATIAL-A-043-level-of-detail-threshold,atom,11-3d-spatial,3D geometry scenes volumes fields and spatial representations,level-of-detail threshold,"Smallest independently addressable level-of-detail threshold unit in 3d geometry scenes volumes fields and spatial representations, intended to be typed, referenced, transformed or validated without requiring a whole finished asset.",SRC-GLTF;SRC-USD;SRC-OPENVDB;SRC-3DTILES;SRC-NERF;SRC-3DGS,cross-standard,candidate,research-seed,True,
AXM-11-3D-SPATIAL-A-044-spatial-cell,atom,11-3d-spatial,3D geometry scenes volumes fields and spatial representations,spatial cell,"Smallest independently addressable spatial cell unit in 3d geometry scenes volumes fields and spatial representations, intended to be typed, referenced, transformed or validated without requiring a whole finished asset.",SRC-GLTF;SRC-USD;SRC-OPENVDB;SRC-3DTILES;SRC-NERF;SRC-3DGS,cross-standard,candidate,research-seed,True,
AXM-11-3D-SPATIAL-A-045-tile-coordinate,atom,11-3d-spatial,3D geometry scenes volumes fields and spatial representations,tile coordinate,"Smallest independently addressable tile coordinate unit in 3d geometry scenes volumes fields and spatial representations, intended to be typed, referenced, transformed or validated without requiring a whole finished asset.",SRC-GLTF;SRC-USD;SRC-OPENVDB;SRC-3DTILES;SRC-NERF;SRC-3DGS,cross-standard,candidate,research-seed,True,
AXM-11-3D-SPATIAL-A-046-instance-identifier,atom,11-3d-spatial,3D geometry scenes volumes fields and spatial representations,instance identifier,"Smallest independently addressable instance identifier unit in 3d geometry scenes volumes fields and spatial representations, intended to be typed, referenced, transformed or validated without requiring a whole finished asset.",SRC-GLTF;SRC-USD;SRC-OPENVDB;SRC-3DTILES;SRC-NERF;SRC-3DGS,cross-standard,candidate,research-seed,True,
AXM-11-3D-SPATIAL-A-047-skin-joint-index,atom,11-3d-spatial,3D geometry scenes volumes fields and spatial representations,skin joint index,"Smallest independently addressable skin joint index unit in 3d geometry scenes volumes fields and spatial representations, intended to be typed, referenced, transformed or validated without requiring a whole finished asset.",SRC-GLTF;SRC-USD;SRC-OPENVDB;SRC-3DTILES;SRC-NERF;SRC-3DGS,cross-standard,candidate,research-seed,True,
AXM-11-3D-SPATIAL-A-048-morph-target-delta,atom,11-3d-spatial,3D geometry scenes volumes fields and spatial representations,morph-target delta,"Smallest independently addressable morph-target delta unit in 3d geometry scenes volumes fields and spatial representations, intended to be typed, referenced, transformed or validated without requiring a whole finished asset.",SRC-GLTF;SRC-USD;SRC-OPENVDB;SRC-3DTILES;SRC-NERF;SRC-3DGS,cross-standard,candidate,research-seed,True,
AXM-11-3D-SPATIAL-A-049-scene-layer-offset,atom,11-3d-spatial,3D geometry scenes volumes fields and spatial representations,scene-layer offset,"Smallest independently addressable scene-layer offset unit in 3d geometry scenes volumes fields and spatial representations, intended to be typed, referenced, transformed or validated without requiring a whole finished asset.",SRC-GLTF;SRC-USD;SRC-OPENVDB;SRC-3DTILES;SRC-NERF;SRC-3DGS,cross-standard,candidate,research-seed,True,
AXM-11-3D-SPATIAL-C-001-mesh-primitive,component,11-3d-spatial,3D geometry scenes volumes fields and spatial representations,mesh primitive,"Reusable mesh primitive assembly in 3d geometry scenes volumes fields and spatial representations, with a bounded role and an interface that can be tested independently.",SRC-GLTF;SRC-USD;SRC-OPENVDB;SRC-3DTILES;SRC-NERF;SRC-3DGS,cross-standard,candidate,research-seed,True,
AXM-11-3D-SPATIAL-C-002-mesh,component,11-3d-spatial,3D geometry scenes volumes fields and spatial representations,mesh,"Reusable mesh assembly in 3d geometry scenes volumes fields and spatial representations, with a bounded role and an interface that can be tested independently.",SRC-GLTF;SRC-USD;SRC-OPENVDB;SRC-3DTILES;SRC-NERF;SRC-3DGS,cross-standard,candidate,research-seed,True,
AXM-11-3D-SPATIAL-C-003-polygon-soup,component,11-3d-spatial,3D geometry scenes volumes fields and spatial representations,polygon soup,"Reusable polygon soup assembly in 3d geometry scenes volumes fields and spatial representations, with a bounded role and an interface that can be tested independently.",SRC-GLTF;SRC-USD;SRC-OPENVDB;SRC-3DTILES;SRC-NERF;SRC-3DGS,cross-standard,candidate,research-seed,True,
AXM-11-3D-SPATIAL-C-004-subdivision-surface,component,11-3d-spatial,3D geometry scenes volumes fields and spatial representations,subdivision surface,"Reusable subdivision surface assembly in 3d geometry scenes volumes fields and spatial representations, with a bounded role and an interface that can be tested independently.",SRC-GLTF;SRC-USD;SRC-OPENVDB;SRC-3DTILES;SRC-NERF;SRC-3DGS,cross-standard,candidate,research-seed,True,
AXM-11-3D-SPATIAL-C-005-nurbs-surface,component,11-3d-spatial,3D geometry scenes volumes fields and spatial representations,NURBS surface,"Reusable NURBS surface assembly in 3d geometry scenes volumes fields and spatial representations, with a bounded role and an interface that can be tested independently.",SRC-GLTF;SRC-USD;SRC-OPENVDB;SRC-3DTILES;SRC-NERF;SRC-3DGS,cross-standard,candidate,research-seed,True,
AXM-11-3D-SPATIAL-C-006-curve,component,11-3d-spatial,3D geometry scenes volumes fields and spatial representations,curve,"Reusable curve assembly in 3d geometry scenes volumes fields and spatial representations, with a bounded role and an interface that can be tested independently.",SRC-GLTF;SRC-USD;SRC-OPENVDB;SRC-3DTILES;SRC-NERF;SRC-3DGS,cross-standard,candidate,research-seed,True,
AXM-11-3D-SPATIAL-C-007-point-cloud,component,11-3d-spatial,3D geometry scenes volumes fields and spatial representations,point cloud,"Reusable point cloud assembly in 3d geometry scenes volumes fields and spatial representations, with a bounded role and an interface that can be tested independently.",SRC-GLTF;SRC-USD;SRC-OPENVDB;SRC-3DTILES;SRC-NERF;SRC-3DGS,cross-standard,candidate,research-seed,True,
AXM-11-3D-SPATIAL-C-008-voxel-grid,component,11-3d-spatial,3D geometry scenes volumes fields and spatial representations,voxel grid,"Reusable voxel grid assembly in 3d geometry scenes volumes fields and spatial representations, with a bounded role and an interface that can be tested independently.",SRC-GLTF;SRC-USD;SRC-OPENVDB;SRC-3DTILES;SRC-NERF;SRC-3DGS,cross-standard,candidate,research-seed,True,
AXM-11-3D-SPATIAL-C-009-sparse-volume,component,11-3d-spatial,3D geometry scenes volumes fields and spatial representations,sparse volume,"Reusable sparse volume assembly in 3d geometry scenes volumes fields and spatial representations, with a bounded role and an interface that can be tested independently.",SRC-GLTF;SRC-USD;SRC-OPENVDB;SRC-3DTILES;SRC-NERF;SRC-3DGS,cross-standard,candidate,research-seed,True,
AXM-11-3D-SPATIAL-C-010-signed-distance-field,component,11-3d-spatial,3D geometry scenes volumes fields and spatial representations,signed-distance field,"Reusable signed-distance field assembly in 3d geometry scenes volumes fields and spatial representations, with a bounded role and an interface that can be tested independently.",SRC-GLTF;SRC-USD;SRC-OPENVDB;SRC-3DTILES;SRC-NERF;SRC-3DGS,cross-standard,candidate,research-seed,True,
AXM-11-3D-SPATIAL-C-011-implicit-field,component,11-3d-spatial,3D geometry scenes volumes fields and spatial representations,implicit field,"Reusable implicit field assembly in 3d geometry scenes volumes fields and spatial representations, with a bounded role and an interface that can be tested independently.",SRC-GLTF;SRC-USD;SRC-OPENVDB;SRC-3DTILES;SRC-NERF;SRC-3DGS,cross-standard,candidate,research-seed,True,
AXM-11-3D-SPATIAL-C-012-neural-radiance-field,component,11-3d-spatial,3D geometry scenes volumes fields and spatial representations,neural radiance field,"Reusable neural radiance field assembly in 3d geometry scenes volumes fields and spatial representations, with a bounded role and an interface that can be tested independently.",SRC-GLTF;SRC-USD;SRC-OPENVDB;SRC-3DTILES;SRC-NERF;SRC-3DGS,primary-research-plus-cross-standard,candidate,research-seed,True,
AXM-11-3D-SPATIAL-C-013-gaussian-splat-field,component,11-3d-spatial,3D geometry scenes volumes fields and spatial representations,Gaussian splat field,"Reusable Gaussian splat field assembly in 3d geometry scenes volumes fields and spatial representations, with a bounded role and an interface that can be tested independently.",SRC-GLTF;SRC-USD;SRC-OPENVDB;SRC-3DTILES;SRC-NERF;SRC-3DGS,primary-research-plus-cross-standard,candidate,research-seed,True,
AXM-11-3D-SPATIAL-C-014-heightfield,component,11-3d-spatial,3D geometry scenes volumes fields and spatial representations,heightfield,"Reusable heightfield assembly in 3d geometry scenes volumes fields and spatial representations, with a bounded role and an interface that can be tested independently.",SRC-GLTF;SRC-USD;SRC-OPENVDB;SRC-3DTILES;SRC-NERF;SRC-3DGS,cross-standard,candidate,research-seed,True,
AXM-11-3D-SPATIAL-C-015-terrain-patch,component,11-3d-spatial,3D geometry scenes volumes fields and spatial representations,terrain patch,"Reusable terrain patch assembly in 3d geometry scenes volumes fields and spatial representations, with a bounded role and an interface that can be tested independently.",SRC-GLTF;SRC-USD;SRC-OPENVDB;SRC-3DTILES;SRC-NERF;SRC-3DGS,cross-standard,candidate,research-seed,True,
AXM-11-3D-SPATIAL-C-016-skeleton,component,11-3d-spatial,3D geometry scenes volumes fields and spatial representations,skeleton,"Reusable skeleton assembly in 3d geometry scenes volumes fields and spatial representations, with a bounded role and an interface that can be tested independently.",SRC-GLTF;SRC-USD;SRC-OPENVDB;SRC-3DTILES;SRC-NERF;SRC-3DGS,cross-standard,candidate,research-seed,True,
AXM-11-3D-SPATIAL-C-017-skin,component,11-3d-spatial,3D geometry scenes volumes fields and spatial representations,skin,"Reusable skin assembly in 3d geometry scenes volumes fields and spatial representations, with a bounded role and an interface that can be tested independently.",SRC-GLTF;SRC-USD;SRC-OPENVDB;SRC-3DTILES;SRC-NERF;SRC-3DGS,cross-standard,candidate,research-seed,True,
AXM-11-3D-SPATIAL-C-018-morph-target,component,11-3d-spatial,3D geometry scenes volumes fields and spatial representations,morph target,"Reusable morph target assembly in 3d geometry scenes volumes fields and spatial representations, with a bounded role and an interface that can be tested independently.",SRC-GLTF;SRC-USD;SRC-OPENVDB;SRC-3DTILES;SRC-NERF;SRC-3DGS,cross-standard,candidate,research-seed,True,
AXM-11-3D-SPATIAL-C-019-scene-node,component,11-3d-spatial,3D geometry scenes volumes fields and spatial representations,scene node,"Reusable scene node assembly in 3d geometry scenes volumes fields and spatial representations, with a bounded role and an interface that can be tested independently.",SRC-GLTF;SRC-USD;SRC-OPENVDB;SRC-3DTILES;SRC-NERF;SRC-3DGS,cross-standard,candidate,research-seed,True,
AXM-11-3D-SPATIAL-C-020-transform-hierarchy,component,11-3d-spatial,3D geometry scenes volumes fields and spatial representations,transform hierarchy,"Reusable transform hierarchy assembly in 3d geometry scenes volumes fields and spatial representations, with a bounded role and an interface that can be tested independently.",SRC-GLTF;SRC-USD;SRC-OPENVDB;SRC-3DTILES;SRC-NERF;SRC-3DGS,cross-standard,candidate,research-seed,True,
AXM-11-3D-SPATIAL-C-021-scene-graph,component,11-3d-spatial,3D geometry scenes volumes fields and spatial representations,scene graph,"Reusable scene graph assembly in 3d geometry scenes volumes fields and spatial representations, with a bounded role and an interface that can be tested independently.",SRC-GLTF;SRC-USD;SRC-OPENVDB;SRC-3DTILES;SRC-NERF;SRC-3DGS,cross-standard,candidate,research-seed,True,
AXM-11-3D-SPATIAL-C-022-scene,component,11-3d-spatial,3D geometry scenes volumes fields and spatial representations,scene,"Reusable scene assembly in 3d geometry scenes volumes fields and spatial representations, with a bounded role and an interface that can be tested independently.",SRC-GLTF;SRC-USD;SRC-OPENVDB;SRC-3DTILES;SRC-NERF;SRC-3DGS,cross-standard,candidate,research-seed,True,
AXM-11-3D-SPATIAL-C-023-camera,component,11-3d-spatial,3D geometry scenes volumes fields and spatial representations,camera,"Reusable camera assembly in 3d geometry scenes volumes fields and spatial representations, with a bounded role and an interface that can be tested independently.",SRC-GLTF;SRC-USD;SRC-OPENVDB;SRC-3DTILES;SRC-NERF;SRC-3DGS,cross-standard,candidate,research-seed,True,
AXM-11-3D-SPATIAL-C-024-light,component,11-3d-spatial,3D geometry scenes volumes fields and spatial representations,light,"Reusable light assembly in 3d geometry scenes volumes fields and spatial representations, with a bounded role and an interface that can be tested independently.",SRC-GLTF;SRC-USD;SRC-OPENVDB;SRC-3DTILES;SRC-NERF;SRC-3DGS,cross-standard,candidate,research-seed,True,
AXM-11-3D-SPATIAL-C-025-spatial-index,component,11-3d-spatial,3D geometry scenes volumes fields and spatial representations,spatial index,"Reusable spatial index assembly in 3d geometry scenes volumes fields and spatial representations, with a bounded role and an interface that can be tested independently.",SRC-GLTF;SRC-USD;SRC-OPENVDB;SRC-3DTILES;SRC-NERF;SRC-3DGS,cross-standard,candidate,research-seed,True,
AXM-11-3D-SPATIAL-C-026-acceleration-structure,component,11-3d-spatial,3D geometry scenes volumes fields and spatial representations,acceleration structure,"Reusable acceleration structure assembly in 3d geometry scenes volumes fields and spatial representations, with a bounded role and an interface that can be tested independently.",SRC-GLTF;SRC-USD;SRC-OPENVDB;SRC-3DTILES;SRC-NERF;SRC-3DGS,cross-standard,candidate,research-seed,True,
AXM-11-3D-SPATIAL-C-027-collision-shape,component,11-3d-spatial,3D geometry scenes volumes fields and spatial representations,collision shape,"Reusable collision shape assembly in 3d geometry scenes volumes fields and spatial representations, with a bounded role and an interface that can be tested independently.",SRC-GLTF;SRC-USD;SRC-OPENVDB;SRC-3DTILES;SRC-NERF;SRC-3DGS,cross-standard,candidate,research-seed,True,
AXM-11-3D-SPATIAL-C-028-level-of-detail-group,component,11-3d-spatial,3D geometry scenes volumes fields and spatial representations,level-of-detail group,"Reusable level-of-detail group assembly in 3d geometry scenes volumes fields and spatial representations, with a bounded role and an interface that can be tested independently.",SRC-GLTF;SRC-USD;SRC-OPENVDB;SRC-3DTILES;SRC-NERF;SRC-3DGS,cross-standard,candidate,research-seed,True,
AXM-11-3D-SPATIAL-C-029-spatial-tile,component,11-3d-spatial,3D geometry scenes volumes fields and spatial representations,spatial tile,"Reusable spatial tile assembly in 3d geometry scenes volumes fields and spatial representations, with a bounded role and an interface that can be tested independently.",SRC-GLTF;SRC-USD;SRC-OPENVDB;SRC-3DTILES;SRC-NERF;SRC-3DGS,cross-standard,candidate,research-seed,True,
AXM-11-3D-SPATIAL-C-030-tileset,component,11-3d-spatial,3D geometry scenes volumes fields and spatial representations,tileset,"Reusable tileset assembly in 3d geometry scenes volumes fields and spatial representations, with a bounded role and an interface that can be tested independently.",SRC-GLTF;SRC-USD;SRC-OPENVDB;SRC-3DTILES;SRC-NERF;SRC-3DGS,cross-standard,candidate,research-seed,True,
AXM-11-3D-SPATIAL-C-031-instanced-geometry,component,11-3d-spatial,3D geometry scenes volumes fields and spatial representations,instanced geometry,"Reusable instanced geometry assembly in 3d geometry scenes volumes fields and spatial representations, with a bounded role and an interface that can be tested independently.",SRC-GLTF;SRC-USD;SRC-OPENVDB;SRC-3DTILES;SRC-NERF;SRC-3DGS,cross-standard,candidate,research-seed,True,
AXM-11-3D-SPATIAL-C-032-geometry-cache,component,11-3d-spatial,3D geometry scenes volumes fields and spatial representations,geometry cache,"Reusable geometry cache assembly in 3d geometry scenes volumes fields and spatial representations, with a bounded role and an interface that can be tested independently.",SRC-GLTF;SRC-USD;SRC-OPENVDB;SRC-3DTILES;SRC-NERF;SRC-3DGS,cross-standard,candidate,research-seed,True,
AXM-11-3D-SPATIAL-C-033-layer,component,11-3d-spatial,3D geometry scenes volumes fields and spatial representations,layer,"Reusable layer assembly in 3d geometry scenes volumes fields and spatial representations, with a bounded role and an interface that can be tested independently.",SRC-GLTF;SRC-USD;SRC-OPENVDB;SRC-3DTILES;SRC-NERF;SRC-3DGS,cross-standard,candidate,research-seed,True,
AXM-11-3D-SPATIAL-C-034-stage,component,11-3d-spatial,3D geometry scenes volumes fields and spatial representations,stage,"Reusable stage assembly in 3d geometry scenes volumes fields and spatial representations, with a bounded role and an interface that can be tested independently.",SRC-GLTF;SRC-USD;SRC-OPENVDB;SRC-3DTILES;SRC-NERF;SRC-3DGS,cross-standard,candidate,research-seed,True,
AXM-11-3D-SPATIAL-C-035-prim,component,11-3d-spatial,3D geometry scenes volumes fields and spatial representations,prim,"Reusable prim assembly in 3d geometry scenes volumes fields and spatial representations, with a bounded role and an interface that can be tested independently.",SRC-GLTF;SRC-USD;SRC-OPENVDB;SRC-3DTILES;SRC-NERF;SRC-3DGS,cross-standard,candidate,research-seed,True,
AXM-11-3D-SPATIAL-C-036-collection,component,11-3d-spatial,3D geometry scenes volumes fields and spatial representations,collection,"Reusable collection assembly in 3d geometry scenes volumes fields and spatial representations, with a bounded role and an interface that can be tested independently.",SRC-GLTF;SRC-USD;SRC-OPENVDB;SRC-3DTILES;SRC-NERF;SRC-3DGS,cross-standard,candidate,research-seed,True,
AXM-11-3D-SPATIAL-C-037-volume-grid,component,11-3d-spatial,3D geometry scenes volumes fields and spatial representations,volume grid,"Reusable volume grid assembly in 3d geometry scenes volumes fields and spatial representations, with a bounded role and an interface that can be tested independently.",SRC-GLTF;SRC-USD;SRC-OPENVDB;SRC-3DTILES;SRC-NERF;SRC-3DGS,cross-standard,candidate,research-seed,True,
AXM-11-3D-SPATIAL-O-001-geometry-generator,organ,11-3d-spatial,3D geometry scenes volumes fields and spatial representations,geometry generator,"Functional subsystem for geometry generator in 3d geometry scenes volumes fields and spatial representations; orchestrates lower-level components, applies policy and emits results plus evidence.",SRC-GLTF;SRC-USD;SRC-OPENVDB;SRC-3DTILES;SRC-NERF;SRC-3DGS,cross-standard,candidate,research-seed,True,
AXM-11-3D-SPATIAL-O-002-mesh-processor,organ,11-3d-spatial,3D geometry scenes volumes fields and spatial representations,mesh processor,"Functional subsystem for mesh processor in 3d geometry scenes volumes fields and spatial representations; orchestrates lower-level components, applies policy and emits results plus evidence.",SRC-GLTF;SRC-USD;SRC-OPENVDB;SRC-3DTILES;SRC-NERF;SRC-3DGS,cross-standard,candidate,research-seed,True,
AXM-11-3D-SPATIAL-O-003-topology-validator,organ,11-3d-spatial,3D geometry scenes volumes fields and spatial representations,topology validator,"Functional subsystem for topology validator in 3d geometry scenes volumes fields and spatial representations; orchestrates lower-level components, applies policy and emits results plus evidence.",SRC-GLTF;SRC-USD;SRC-OPENVDB;SRC-3DTILES;SRC-NERF;SRC-3DGS,cross-standard,candidate,research-seed,True,
AXM-11-3D-SPATIAL-O-004-scene-composer,organ,11-3d-spatial,3D geometry scenes volumes fields and spatial representations,scene composer,"Functional subsystem for scene composer in 3d geometry scenes volumes fields and spatial representations; orchestrates lower-level components, applies policy and emits results plus evidence.",SRC-GLTF;SRC-USD;SRC-OPENVDB;SRC-3DTILES;SRC-NERF;SRC-3DGS,cross-standard,candidate,research-seed,True,
AXM-11-3D-SPATIAL-O-005-spatial-indexer,organ,11-3d-spatial,3D geometry scenes volumes fields and spatial representations,spatial indexer,"Functional subsystem for spatial indexer in 3d geometry scenes volumes fields and spatial representations; orchestrates lower-level components, applies policy and emits results plus evidence.",SRC-GLTF;SRC-USD;SRC-OPENVDB;SRC-3DTILES;SRC-NERF;SRC-3DGS,cross-standard,candidate,research-seed,True,
AXM-11-3D-SPATIAL-O-006-level-of-detail-generator,organ,11-3d-spatial,3D geometry scenes volumes fields and spatial representations,level-of-detail generator,"Functional subsystem for level-of-detail generator in 3d geometry scenes volumes fields and spatial representations; orchestrates lower-level components, applies policy and emits results plus evidence.",SRC-GLTF;SRC-USD;SRC-OPENVDB;SRC-3DTILES;SRC-NERF;SRC-3DGS,cross-standard,candidate,research-seed,True,
AXM-11-3D-SPATIAL-O-007-volume-processor,organ,11-3d-spatial,3D geometry scenes volumes fields and spatial representations,volume processor,"Functional subsystem for volume processor in 3d geometry scenes volumes fields and spatial representations; orchestrates lower-level components, applies policy and emits results plus evidence.",SRC-GLTF;SRC-USD;SRC-OPENVDB;SRC-3DTILES;SRC-NERF;SRC-3DGS,cross-standard,candidate,research-seed,True,
AXM-11-3D-SPATIAL-O-008-point-cloud-processor,organ,11-3d-spatial,3D geometry scenes volumes fields and spatial representations,point-cloud processor,"Functional subsystem for point-cloud processor in 3d geometry scenes volumes fields and spatial representations; orchestrates lower-level components, applies policy and emits results plus evidence.",SRC-GLTF;SRC-USD;SRC-OPENVDB;SRC-3DTILES;SRC-NERF;SRC-3DGS,cross-standard,candidate,research-seed,True,
AXM-11-3D-SPATIAL-O-009-neural-field-renderer,organ,11-3d-spatial,3D geometry scenes volumes fields and spatial representations,neural-field renderer,"Functional subsystem for neural-field renderer in 3d geometry scenes volumes fields and spatial representations; orchestrates lower-level components, applies policy and emits results plus evidence.",SRC-GLTF;SRC-USD;SRC-OPENVDB;SRC-3DTILES;SRC-NERF;SRC-3DGS,primary-research-plus-cross-standard,candidate,research-seed,True,
AXM-11-3D-SPATIAL-O-010-gaussian-splat-renderer,organ,11-3d-spatial,3D geometry scenes volumes fields and spatial representations,Gaussian-splat renderer,"Functional subsystem for Gaussian-splat renderer in 3d geometry scenes volumes fields and spatial representations; orchestrates lower-level components, applies policy and emits results plus evidence.",SRC-GLTF;SRC-USD;SRC-OPENVDB;SRC-3DTILES;SRC-NERF;SRC-3DGS,primary-research-plus-cross-standard,candidate,research-seed,True,
AXM-11-3D-SPATIAL-O-011-mesh-renderer,organ,11-3d-spatial,3D geometry scenes volumes fields and spatial representations,mesh renderer,"Functional subsystem for mesh renderer in 3d geometry scenes volumes fields and spatial representations; orchestrates lower-level components, applies policy and emits results plus evidence.",SRC-GLTF;SRC-USD;SRC-OPENVDB;SRC-3DTILES;SRC-NERF;SRC-3DGS,cross-standard,candidate,research-seed,True,
AXM-11-3D-SPATIAL-O-012-collision-builder,organ,11-3d-spatial,3D geometry scenes volumes fields and spatial representations,collision builder,"Functional subsystem for collision builder in 3d geometry scenes volumes fields and spatial representations; orchestrates lower-level components, applies policy and emits results plus evidence.",SRC-GLTF;SRC-USD;SRC-OPENVDB;SRC-3DTILES;SRC-NERF;SRC-3DGS,cross-standard,candidate,research-seed,True,
AXM-11-3D-SPATIAL-O-013-scene-exporter,organ,11-3d-spatial,3D geometry scenes volumes fields and spatial representations,scene exporter,"Functional subsystem for scene exporter in 3d geometry scenes volumes fields and spatial representations; orchestrates lower-level components, applies policy and emits results plus evidence.",SRC-GLTF;SRC-USD;SRC-OPENVDB;SRC-3DTILES;SRC-NERF;SRC-3DGS,cross-standard,candidate,research-seed,True,
AXM-11-3D-SPATIAL-O-014-geometry-converter,organ,11-3d-spatial,3D geometry scenes volumes fields and spatial representations,geometry converter,"Functional subsystem for geometry converter in 3d geometry scenes volumes fields and spatial representations; orchestrates lower-level components, applies policy and emits results plus evidence.",SRC-GLTF;SRC-USD;SRC-OPENVDB;SRC-3DTILES;SRC-NERF;SRC-3DGS,cross-standard,candidate,research-seed,True,
AXM-11-3D-SPATIAL-O-015-camera-system,organ,11-3d-spatial,3D geometry scenes volumes fields and spatial representations,camera system,"Functional subsystem for camera system in 3d geometry scenes volumes fields and spatial representations; orchestrates lower-level components, applies policy and emits results plus evidence.",SRC-GLTF;SRC-USD;SRC-OPENVDB;SRC-3DTILES;SRC-NERF;SRC-3DGS,cross-standard,candidate,research-seed,True,
AXM-11-3D-SPATIAL-O-016-spatial-streaming-organ,organ,11-3d-spatial,3D geometry scenes volumes fields and spatial representations,spatial-streaming organ,"Functional subsystem for spatial-streaming organ in 3d geometry scenes volumes fields and spatial representations; orchestrates lower-level components, applies policy and emits results plus evidence.",SRC-GLTF;SRC-USD;SRC-OPENVDB;SRC-3DTILES;SRC-NERF;SRC-3DGS,cross-standard,candidate,research-seed,True,
AXM-11-3D-SPATIAL-O-017-scene-composition-organ,organ,11-3d-spatial,3D geometry scenes volumes fields and spatial representations,scene-composition organ,"Functional subsystem for scene-composition organ in 3d geometry scenes volumes fields and spatial representations; orchestrates lower-level components, applies policy and emits results plus evidence.",SRC-GLTF;SRC-USD;SRC-OPENVDB;SRC-3DTILES;SRC-NERF;SRC-3DGS,cross-standard,candidate,research-seed,True,
AXM-11-3D-SPATIAL-O-018-geometry-optimizer,organ,11-3d-spatial,3D geometry scenes volumes fields and spatial representations,geometry optimizer,"Functional subsystem for geometry optimizer in 3d geometry scenes volumes fields and spatial representations; orchestrates lower-level components, applies policy and emits results plus evidence.",SRC-GLTF;SRC-USD;SRC-OPENVDB;SRC-3DTILES;SRC-NERF;SRC-3DGS,cross-standard,candidate,research-seed,True,
AXM-12-RENDERING-MATERIALS-A-001-material-input,atom,12-rendering-materials,Materials shaders color lighting and rendering,material input,"Smallest independently addressable material input unit in materials shaders color lighting and rendering, intended to be typed, referenced, transformed or validated without requiring a whole finished asset.",SRC-MATERIALX;SRC-WEBGPU;SRC-OCIO;SRC-GLTF;SRC-CSSCOLOR,cross-standard,candidate,research-seed,True,
AXM-12-RENDERING-MATERIALS-A-002-shader-parameter,atom,12-rendering-materials,Materials shaders color lighting and rendering,shader parameter,"Smallest independently addressable shader parameter unit in materials shaders color lighting and rendering, intended to be typed, referenced, transformed or validated without requiring a whole finished asset.",SRC-MATERIALX;SRC-WEBGPU;SRC-OCIO;SRC-GLTF;SRC-CSSCOLOR,cross-standard,candidate,research-seed,True,
AXM-12-RENDERING-MATERIALS-A-003-shader-uniform,atom,12-rendering-materials,Materials shaders color lighting and rendering,shader uniform,"Smallest independently addressable shader uniform unit in materials shaders color lighting and rendering, intended to be typed, referenced, transformed or validated without requiring a whole finished asset.",SRC-MATERIALX;SRC-WEBGPU;SRC-OCIO;SRC-GLTF;SRC-CSSCOLOR,cross-standard,candidate,research-seed,True,
AXM-12-RENDERING-MATERIALS-A-004-shader-attribute,atom,12-rendering-materials,Materials shaders color lighting and rendering,shader attribute,"Smallest independently addressable shader attribute unit in materials shaders color lighting and rendering, intended to be typed, referenced, transformed or validated without requiring a whole finished asset.",SRC-MATERIALX;SRC-WEBGPU;SRC-OCIO;SRC-GLTF;SRC-CSSCOLOR,cross-standard,candidate,research-seed,True,
AXM-12-RENDERING-MATERIALS-A-005-shader-varying,atom,12-rendering-materials,Materials shaders color lighting and rendering,shader varying,"Smallest independently addressable shader varying unit in materials shaders color lighting and rendering, intended to be typed, referenced, transformed or validated without requiring a whole finished asset.",SRC-MATERIALX;SRC-WEBGPU;SRC-OCIO;SRC-GLTF;SRC-CSSCOLOR,cross-standard,candidate,research-seed,True,
AXM-12-RENDERING-MATERIALS-A-006-resource-binding,atom,12-rendering-materials,Materials shaders color lighting and rendering,resource binding,"Smallest independently addressable resource binding unit in materials shaders color lighting and rendering, intended to be typed, referenced, transformed or validated without requiring a whole finished asset.",SRC-MATERIALX;SRC-WEBGPU;SRC-OCIO;SRC-GLTF;SRC-CSSCOLOR,cross-standard,candidate,research-seed,True,
AXM-12-RENDERING-MATERIALS-A-007-texture-coordinate,atom,12-rendering-materials,Materials shaders color lighting and rendering,texture coordinate,"Smallest independently addressable texture coordinate unit in materials shaders color lighting and rendering, intended to be typed, referenced, transformed or validated without requiring a whole finished asset.",SRC-MATERIALX;SRC-WEBGPU;SRC-OCIO;SRC-GLTF;SRC-CSSCOLOR,cross-standard,candidate,research-seed,True,
AXM-12-RENDERING-MATERIALS-A-008-sampler-setting,atom,12-rendering-materials,Materials shaders color lighting and rendering,sampler setting,"Smallest independently addressable sampler setting unit in materials shaders color lighting and rendering, intended to be typed, referenced, transformed or validated without requiring a whole finished asset.",SRC-MATERIALX;SRC-WEBGPU;SRC-OCIO;SRC-GLTF;SRC-CSSCOLOR,cross-standard,candidate,research-seed,True,
AXM-12-RENDERING-MATERIALS-A-009-texture-slot,atom,12-rendering-materials,Materials shaders color lighting and rendering,texture slot,"Smallest independently addressable texture slot unit in materials shaders color lighting and rendering, intended to be typed, referenced, transformed or validated without requiring a whole finished asset.",SRC-MATERIALX;SRC-WEBGPU;SRC-OCIO;SRC-GLTF;SRC-CSSCOLOR,cross-standard,candidate,research-seed,True,
AXM-12-RENDERING-MATERIALS-A-010-color-value,atom,12-rendering-materials,Materials shaders color lighting and rendering,color value,"Smallest independently addressable color value unit in materials shaders color lighting and rendering, intended to be typed, referenced, transformed or validated without requiring a whole finished asset.",SRC-MATERIALX;SRC-WEBGPU;SRC-OCIO;SRC-GLTF;SRC-CSSCOLOR,cross-standard,candidate,research-seed,True,
AXM-12-RENDERING-MATERIALS-A-011-color-space-tag,atom,12-rendering-materials,Materials shaders color lighting and rendering,color-space tag,"Smallest independently addressable color-space tag unit in materials shaders color lighting and rendering, intended to be typed, referenced, transformed or validated without requiring a whole finished asset.",SRC-MATERIALX;SRC-WEBGPU;SRC-OCIO;SRC-GLTF;SRC-CSSCOLOR,cross-standard,candidate,research-seed,True,
AXM-12-RENDERING-MATERIALS-A-012-transfer-function,atom,12-rendering-materials,Materials shaders color lighting and rendering,transfer function,"Smallest independently addressable transfer function unit in materials shaders color lighting and rendering, intended to be typed, referenced, transformed or validated without requiring a whole finished asset.",SRC-MATERIALX;SRC-WEBGPU;SRC-OCIO;SRC-GLTF;SRC-CSSCOLOR,cross-standard,candidate,research-seed,True,
AXM-12-RENDERING-MATERIALS-A-013-luminance,atom,12-rendering-materials,Materials shaders color lighting and rendering,luminance,"Smallest independently addressable luminance unit in materials shaders color lighting and rendering, intended to be typed, referenced, transformed or validated without requiring a whole finished asset.",SRC-MATERIALX;SRC-WEBGPU;SRC-OCIO;SRC-GLTF;SRC-CSSCOLOR,cross-standard,candidate,research-seed,True,
AXM-12-RENDERING-MATERIALS-A-014-chromaticity,atom,12-rendering-materials,Materials shaders color lighting and rendering,chromaticity,"Smallest independently addressable chromaticity unit in materials shaders color lighting and rendering, intended to be typed, referenced, transformed or validated without requiring a whole finished asset.",SRC-MATERIALX;SRC-WEBGPU;SRC-OCIO;SRC-GLTF;SRC-CSSCOLOR,cross-standard,candidate,research-seed,True,
AXM-12-RENDERING-MATERIALS-A-015-roughness,atom,12-rendering-materials,Materials shaders color lighting and rendering,roughness,"Smallest independently addressable roughness unit in materials shaders color lighting and rendering, intended to be typed, referenced, transformed or validated without requiring a whole finished asset.",SRC-MATERIALX;SRC-WEBGPU;SRC-OCIO;SRC-GLTF;SRC-CSSCOLOR,cross-standard,candidate,research-seed,True,
AXM-12-RENDERING-MATERIALS-A-016-metallic-value,atom,12-rendering-materials,Materials shaders color lighting and rendering,metallic value,"Smallest independently addressable metallic value unit in materials shaders color lighting and rendering, intended to be typed, referenced, transformed or validated without requiring a whole finished asset.",SRC-MATERIALX;SRC-WEBGPU;SRC-OCIO;SRC-GLTF;SRC-CSSCOLOR,cross-standard,candidate,research-seed,True,
AXM-12-RENDERING-MATERIALS-A-017-specular-value,atom,12-rendering-materials,Materials shaders color lighting and rendering,specular value,"Smallest independently addressable specular value unit in materials shaders color lighting and rendering, intended to be typed, referenced, transformed or validated without requiring a whole finished asset.",SRC-MATERIALX;SRC-WEBGPU;SRC-OCIO;SRC-GLTF;SRC-CSSCOLOR,cross-standard,candidate,research-seed,True,
AXM-12-RENDERING-MATERIALS-A-018-normal-value,atom,12-rendering-materials,Materials shaders color lighting and rendering,normal value,"Smallest independently addressable normal value unit in materials shaders color lighting and rendering, intended to be typed, referenced, transformed or validated without requiring a whole finished asset.",SRC-MATERIALX;SRC-WEBGPU;SRC-OCIO;SRC-GLTF;SRC-CSSCOLOR,cross-standard,candidate,research-seed,True,
AXM-12-RENDERING-MATERIALS-A-019-displacement-value,atom,12-rendering-materials,Materials shaders color lighting and rendering,displacement value,"Smallest independently addressable displacement value unit in materials shaders color lighting and rendering, intended to be typed, referenced, transformed or validated without requiring a whole finished asset.",SRC-MATERIALX;SRC-WEBGPU;SRC-OCIO;SRC-GLTF;SRC-CSSCOLOR,cross-standard,candidate,research-seed,True,
AXM-12-RENDERING-MATERIALS-A-020-emission-value,atom,12-rendering-materials,Materials shaders color lighting and rendering,emission value,"Smallest independently addressable emission value unit in materials shaders color lighting and rendering, intended to be typed, referenced, transformed or validated without requiring a whole finished asset.",SRC-MATERIALX;SRC-WEBGPU;SRC-OCIO;SRC-GLTF;SRC-CSSCOLOR,cross-standard,candidate,research-seed,True,
AXM-12-RENDERING-MATERIALS-A-021-opacity-value,atom,12-rendering-materials,Materials shaders color lighting and rendering,opacity value,"Smallest independently addressable opacity value unit in materials shaders color lighting and rendering, intended to be typed, referenced, transformed or validated without requiring a whole finished asset.",SRC-MATERIALX;SRC-WEBGPU;SRC-OCIO;SRC-GLTF;SRC-CSSCOLOR,cross-standard,candidate,research-seed,True,
AXM-12-RENDERING-MATERIALS-A-022-index-of-refraction,atom,12-rendering-materials,Materials shaders color lighting and rendering,index of refraction,"Smallest independently addressable index of refraction unit in materials shaders color lighting and rendering, intended to be typed, referenced, transformed or validated without requiring a whole finished asset.",SRC-MATERIALX;SRC-WEBGPU;SRC-OCIO;SRC-GLTF;SRC-CSSCOLOR,cross-standard,candidate,research-seed,True,
AXM-12-RENDERING-MATERIALS-A-023-transmission-value,atom,12-rendering-materials,Materials shaders color lighting and rendering,transmission value,"Smallest independently addressable transmission value unit in materials shaders color lighting and rendering, intended to be typed, referenced, transformed or validated without requiring a whole finished asset.",SRC-MATERIALX;SRC-WEBGPU;SRC-OCIO;SRC-GLTF;SRC-CSSCOLOR,cross-standard,candidate,research-seed,True,
AXM-12-RENDERING-MATERIALS-A-024-subsurface-value,atom,12-rendering-materials,Materials shaders color lighting and rendering,subsurface value,"Smallest independently addressable subsurface value unit in materials shaders color lighting and rendering, intended to be typed, referenced, transformed or validated without requiring a whole finished asset.",SRC-MATERIALX;SRC-WEBGPU;SRC-OCIO;SRC-GLTF;SRC-CSSCOLOR,cross-standard,candidate,research-seed,True,
AXM-12-RENDERING-MATERIALS-A-025-anisotropy-value,atom,12-rendering-materials,Materials shaders color lighting and rendering,anisotropy value,"Smallest independently addressable anisotropy value unit in materials shaders color lighting and rendering, intended to be typed, referenced, transformed or validated without requiring a whole finished asset.",SRC-MATERIALX;SRC-WEBGPU;SRC-OCIO;SRC-GLTF;SRC-CSSCOLOR,cross-standard,candidate,research-seed,True,
AXM-12-RENDERING-MATERIALS-A-026-clearcoat-value,atom,12-rendering-materials,Materials shaders color lighting and rendering,clearcoat value,"Smallest independently addressable clearcoat value unit in materials shaders color lighting and rendering, intended to be typed, referenced, transformed or validated without requiring a whole finished asset.",SRC-MATERIALX;SRC-WEBGPU;SRC-OCIO;SRC-GLTF;SRC-CSSCOLOR,cross-standard,candidate,research-seed,True,
AXM-12-RENDERING-MATERIALS-A-027-light-intensity,atom,12-rendering-materials,Materials shaders color lighting and rendering,light intensity,"Smallest independently addressable light intensity unit in materials shaders color lighting and rendering, intended to be typed, referenced, transformed or validated without requiring a whole finished asset.",SRC-MATERIALX;SRC-WEBGPU;SRC-OCIO;SRC-GLTF;SRC-CSSCOLOR,cross-standard,candidate,research-seed,True,
AXM-12-RENDERING-MATERIALS-A-028-light-color,atom,12-rendering-materials,Materials shaders color lighting and rendering,light color,"Smallest independently addressable light color unit in materials shaders color lighting and rendering, intended to be typed, referenced, transformed or validated without requiring a whole finished asset.",SRC-MATERIALX;SRC-WEBGPU;SRC-OCIO;SRC-GLTF;SRC-CSSCOLOR,cross-standard,candidate,research-seed,True,
AXM-12-RENDERING-MATERIALS-A-029-light-direction,atom,12-rendering-materials,Materials shaders color lighting and rendering,light direction,"Smallest independently addressable light direction unit in materials shaders color lighting and rendering, intended to be typed, referenced, transformed or validated without requiring a whole finished asset.",SRC-MATERIALX;SRC-WEBGPU;SRC-OCIO;SRC-GLTF;SRC-CSSCOLOR,cross-standard,candidate,research-seed,True,
AXM-12-RENDERING-MATERIALS-A-030-exposure-value,atom,12-rendering-materials,Materials shaders color lighting and rendering,exposure value,"Smallest independently addressable exposure value unit in materials shaders color lighting and rendering, intended to be typed, referenced, transformed or validated without requiring a whole finished asset.",SRC-MATERIALX;SRC-WEBGPU;SRC-OCIO;SRC-GLTF;SRC-CSSCOLOR,cross-standard,candidate,research-seed,True,
AXM-12-RENDERING-MATERIALS-A-031-tone-map-parameter,atom,12-rendering-materials,Materials shaders color lighting and rendering,tone-map parameter,"Smallest independently addressable tone-map parameter unit in materials shaders color lighting and rendering, intended to be typed, referenced, transformed or validated without requiring a whole finished asset.",SRC-MATERIALX;SRC-WEBGPU;SRC-OCIO;SRC-GLTF;SRC-CSSCOLOR,cross-standard,candidate,research-seed,True,
AXM-12-RENDERING-MATERIALS-A-032-render-state,atom,12-rendering-materials,Materials shaders color lighting and rendering,render state,"Smallest independently addressable render state unit in materials shaders color lighting and rendering, intended to be typed, referenced, transformed or validated without requiring a whole finished asset.",SRC-MATERIALX;SRC-WEBGPU;SRC-OCIO;SRC-GLTF;SRC-CSSCOLOR,cross-standard,candidate,research-seed,True,
AXM-12-RENDERING-MATERIALS-A-033-blend-factor,atom,12-rendering-materials,Materials shaders color lighting and rendering,blend factor,"Smallest independently addressable blend factor unit in materials shaders color lighting and rendering, intended to be typed, referenced, transformed or validated without requiring a whole finished asset.",SRC-MATERIALX;SRC-WEBGPU;SRC-OCIO;SRC-GLTF;SRC-CSSCOLOR,cross-standard,candidate,research-seed,True,
AXM-12-RENDERING-MATERIALS-A-034-depth-test-value,atom,12-rendering-materials,Materials shaders color lighting and rendering,depth-test value,"Smallest independently addressable depth-test value unit in materials shaders color lighting and rendering, intended to be typed, referenced, transformed or validated without requiring a whole finished asset.",SRC-MATERIALX;SRC-WEBGPU;SRC-OCIO;SRC-GLTF;SRC-CSSCOLOR,cross-standard,candidate,research-seed,True,
AXM-12-RENDERING-MATERIALS-A-035-stencil-value,atom,12-rendering-materials,Materials shaders color lighting and rendering,stencil value,"Smallest independently addressable stencil value unit in materials shaders color lighting and rendering, intended to be typed, referenced, transformed or validated without requiring a whole finished asset.",SRC-MATERIALX;SRC-WEBGPU;SRC-OCIO;SRC-GLTF;SRC-CSSCOLOR,cross-standard,candidate,research-seed,True,
AXM-12-RENDERING-MATERIALS-A-036-workgroup-size,atom,12-rendering-materials,Materials shaders color lighting and rendering,workgroup size,"Smallest independently addressable workgroup size unit in materials shaders color lighting and rendering, intended to be typed, referenced, transformed or validated without requiring a whole finished asset.",SRC-MATERIALX;SRC-WEBGPU;SRC-OCIO;SRC-GLTF;SRC-CSSCOLOR,cross-standard,candidate,research-seed,True,
AXM-12-RENDERING-MATERIALS-A-037-shader-entry-point,atom,12-rendering-materials,Materials shaders color lighting and rendering,shader entry point,"Smallest independently addressable shader entry point unit in materials shaders color lighting and rendering, intended to be typed, referenced, transformed or validated without requiring a whole finished asset.",SRC-MATERIALX;SRC-WEBGPU;SRC-OCIO;SRC-GLTF;SRC-CSSCOLOR,cross-standard,candidate,research-seed,True,
AXM-12-RENDERING-MATERIALS-A-038-pipeline-constant,atom,12-rendering-materials,Materials shaders color lighting and rendering,pipeline constant,"Smallest independently addressable pipeline constant unit in materials shaders color lighting and rendering, intended to be typed, referenced, transformed or validated without requiring a whole finished asset.",SRC-MATERIALX;SRC-WEBGPU;SRC-OCIO;SRC-GLTF;SRC-CSSCOLOR,cross-standard,candidate,research-seed,True,
AXM-12-RENDERING-MATERIALS-A-039-render-target-format,atom,12-rendering-materials,Materials shaders color lighting and rendering,render-target format,"Smallest independently addressable render-target format unit in materials shaders color lighting and rendering, intended to be typed, referenced, transformed or validated without requiring a whole finished asset.",SRC-MATERIALX;SRC-WEBGPU;SRC-OCIO;SRC-GLTF;SRC-CSSCOLOR,cross-standard,candidate,research-seed,True,
AXM-12-RENDERING-MATERIALS-A-040-sample-count,atom,12-rendering-materials,Materials shaders color lighting and rendering,sample count,"Smallest independently addressable sample count unit in materials shaders color lighting and rendering, intended to be typed, referenced, transformed or validated without requiring a whole finished asset.",SRC-MATERIALX;SRC-WEBGPU;SRC-OCIO;SRC-GLTF;SRC-CSSCOLOR,cross-standard,candidate,research-seed,True,
AXM-12-RENDERING-MATERIALS-C-001-material,component,12-rendering-materials,Materials shaders color lighting and rendering,material,"Reusable material assembly in materials shaders color lighting and rendering, with a bounded role and an interface that can be tested independently.",SRC-MATERIALX;SRC-WEBGPU;SRC-OCIO;SRC-GLTF;SRC-CSSCOLOR,cross-standard,candidate,research-seed,True,
AXM-12-RENDERING-MATERIALS-C-002-shader,component,12-rendering-materials,Materials shaders color lighting and rendering,shader,"Reusable shader assembly in materials shaders color lighting and rendering, with a bounded role and an interface that can be tested independently.",SRC-MATERIALX;SRC-WEBGPU;SRC-OCIO;SRC-GLTF;SRC-CSSCOLOR,cross-standard,candidate,research-seed,True,
AXM-12-RENDERING-MATERIALS-C-003-shader-stage,component,12-rendering-materials,Materials shaders color lighting and rendering,shader stage,"Reusable shader stage assembly in materials shaders color lighting and rendering, with a bounded role and an interface that can be tested independently.",SRC-MATERIALX;SRC-WEBGPU;SRC-OCIO;SRC-GLTF;SRC-CSSCOLOR,cross-standard,candidate,research-seed,True,
AXM-12-RENDERING-MATERIALS-C-004-shader-function,component,12-rendering-materials,Materials shaders color lighting and rendering,shader function,"Reusable shader function assembly in materials shaders color lighting and rendering, with a bounded role and an interface that can be tested independently.",SRC-MATERIALX;SRC-WEBGPU;SRC-OCIO;SRC-GLTF;SRC-CSSCOLOR,cross-standard,candidate,research-seed,True,
AXM-12-RENDERING-MATERIALS-C-005-shader-node,component,12-rendering-materials,Materials shaders color lighting and rendering,shader node,"Reusable shader node assembly in materials shaders color lighting and rendering, with a bounded role and an interface that can be tested independently.",SRC-MATERIALX;SRC-WEBGPU;SRC-OCIO;SRC-GLTF;SRC-CSSCOLOR,cross-standard,candidate,research-seed,True,
AXM-12-RENDERING-MATERIALS-C-006-shader-graph,component,12-rendering-materials,Materials shaders color lighting and rendering,shader graph,"Reusable shader graph assembly in materials shaders color lighting and rendering, with a bounded role and an interface that can be tested independently.",SRC-MATERIALX;SRC-WEBGPU;SRC-OCIO;SRC-GLTF;SRC-CSSCOLOR,cross-standard,candidate,research-seed,True,
AXM-12-RENDERING-MATERIALS-C-007-material-graph,component,12-rendering-materials,Materials shaders color lighting and rendering,material graph,"Reusable material graph assembly in materials shaders color lighting and rendering, with a bounded role and an interface that can be tested independently.",SRC-MATERIALX;SRC-WEBGPU;SRC-OCIO;SRC-GLTF;SRC-CSSCOLOR,cross-standard,candidate,research-seed,True,
AXM-12-RENDERING-MATERIALS-C-008-texture-sampler,component,12-rendering-materials,Materials shaders color lighting and rendering,texture sampler,"Reusable texture sampler assembly in materials shaders color lighting and rendering, with a bounded role and an interface that can be tested independently.",SRC-MATERIALX;SRC-WEBGPU;SRC-OCIO;SRC-GLTF;SRC-CSSCOLOR,cross-standard,candidate,research-seed,True,
AXM-12-RENDERING-MATERIALS-C-009-render-pipeline,component,12-rendering-materials,Materials shaders color lighting and rendering,render pipeline,"Reusable render pipeline assembly in materials shaders color lighting and rendering, with a bounded role and an interface that can be tested independently.",SRC-MATERIALX;SRC-WEBGPU;SRC-OCIO;SRC-GLTF;SRC-CSSCOLOR,cross-standard,candidate,research-seed,True,
AXM-12-RENDERING-MATERIALS-C-010-pipeline-layout,component,12-rendering-materials,Materials shaders color lighting and rendering,pipeline layout,"Reusable pipeline layout assembly in materials shaders color lighting and rendering, with a bounded role and an interface that can be tested independently.",SRC-MATERIALX;SRC-WEBGPU;SRC-OCIO;SRC-GLTF;SRC-CSSCOLOR,cross-standard,candidate,research-seed,True,
AXM-12-RENDERING-MATERIALS-C-011-bind-group,component,12-rendering-materials,Materials shaders color lighting and rendering,bind group,"Reusable bind group assembly in materials shaders color lighting and rendering, with a bounded role and an interface that can be tested independently.",SRC-MATERIALX;SRC-WEBGPU;SRC-OCIO;SRC-GLTF;SRC-CSSCOLOR,cross-standard,candidate,research-seed,True,
AXM-12-RENDERING-MATERIALS-C-012-render-pass,component,12-rendering-materials,Materials shaders color lighting and rendering,render pass,"Reusable render pass assembly in materials shaders color lighting and rendering, with a bounded role and an interface that can be tested independently.",SRC-MATERIALX;SRC-WEBGPU;SRC-OCIO;SRC-GLTF;SRC-CSSCOLOR,cross-standard,candidate,research-seed,True,
AXM-12-RENDERING-MATERIALS-C-013-framebuffer,component,12-rendering-materials,Materials shaders color lighting and rendering,framebuffer,"Reusable framebuffer assembly in materials shaders color lighting and rendering, with a bounded role and an interface that can be tested independently.",SRC-MATERIALX;SRC-WEBGPU;SRC-OCIO;SRC-GLTF;SRC-CSSCOLOR,cross-standard,candidate,research-seed,True,
AXM-12-RENDERING-MATERIALS-C-014-render-target,component,12-rendering-materials,Materials shaders color lighting and rendering,render target,"Reusable render target assembly in materials shaders color lighting and rendering, with a bounded role and an interface that can be tested independently.",SRC-MATERIALX;SRC-WEBGPU;SRC-OCIO;SRC-GLTF;SRC-CSSCOLOR,cross-standard,candidate,research-seed,True,
AXM-12-RENDERING-MATERIALS-C-015-environment-map,component,12-rendering-materials,Materials shaders color lighting and rendering,environment map,"Reusable environment map assembly in materials shaders color lighting and rendering, with a bounded role and an interface that can be tested independently.",SRC-MATERIALX;SRC-WEBGPU;SRC-OCIO;SRC-GLTF;SRC-CSSCOLOR,cross-standard,candidate,research-seed,True,
AXM-12-RENDERING-MATERIALS-C-016-light-profile,component,12-rendering-materials,Materials shaders color lighting and rendering,light profile,"Reusable light profile assembly in materials shaders color lighting and rendering, with a bounded role and an interface that can be tested independently.",SRC-MATERIALX;SRC-WEBGPU;SRC-OCIO;SRC-GLTF;SRC-CSSCOLOR,cross-standard,candidate,research-seed,True,
AXM-12-RENDERING-MATERIALS-C-017-color-transform,component,12-rendering-materials,Materials shaders color lighting and rendering,color transform,"Reusable color transform assembly in materials shaders color lighting and rendering, with a bounded role and an interface that can be tested independently.",SRC-MATERIALX;SRC-WEBGPU;SRC-OCIO;SRC-GLTF;SRC-CSSCOLOR,cross-standard,candidate,research-seed,True,
AXM-12-RENDERING-MATERIALS-C-018-look,component,12-rendering-materials,Materials shaders color lighting and rendering,look,"Reusable look assembly in materials shaders color lighting and rendering, with a bounded role and an interface that can be tested independently.",SRC-MATERIALX;SRC-WEBGPU;SRC-OCIO;SRC-GLTF;SRC-CSSCOLOR,cross-standard,candidate,research-seed,True,
AXM-12-RENDERING-MATERIALS-C-019-display-view,component,12-rendering-materials,Materials shaders color lighting and rendering,display view,"Reusable display view assembly in materials shaders color lighting and rendering, with a bounded role and an interface that can be tested independently.",SRC-MATERIALX;SRC-WEBGPU;SRC-OCIO;SRC-GLTF;SRC-CSSCOLOR,cross-standard,candidate,research-seed,True,
AXM-12-RENDERING-MATERIALS-C-020-post-process-effect,component,12-rendering-materials,Materials shaders color lighting and rendering,post-process effect,"Reusable post-process effect assembly in materials shaders color lighting and rendering, with a bounded role and an interface that can be tested independently.",SRC-MATERIALX;SRC-WEBGPU;SRC-OCIO;SRC-GLTF;SRC-CSSCOLOR,cross-standard,candidate,research-seed,True,
AXM-12-RENDERING-MATERIALS-C-021-shadow-map,component,12-rendering-materials,Materials shaders color lighting and rendering,shadow map,"Reusable shadow map assembly in materials shaders color lighting and rendering, with a bounded role and an interface that can be tested independently.",SRC-MATERIALX;SRC-WEBGPU;SRC-OCIO;SRC-GLTF;SRC-CSSCOLOR,cross-standard,candidate,research-seed,True,
AXM-12-RENDERING-MATERIALS-C-022-reflection-probe,component,12-rendering-materials,Materials shaders color lighting and rendering,reflection probe,"Reusable reflection probe assembly in materials shaders color lighting and rendering, with a bounded role and an interface that can be tested independently.",SRC-MATERIALX;SRC-WEBGPU;SRC-OCIO;SRC-GLTF;SRC-CSSCOLOR,cross-standard,candidate,research-seed,True,
AXM-12-RENDERING-MATERIALS-C-023-irradiance-probe,component,12-rendering-materials,Materials shaders color lighting and rendering,irradiance probe,"Reusable irradiance probe assembly in materials shaders color lighting and rendering, with a bounded role and an interface that can be tested independently.",SRC-MATERIALX;SRC-WEBGPU;SRC-OCIO;SRC-GLTF;SRC-CSSCOLOR,cross-standard,candidate,research-seed,True,
AXM-12-RENDERING-MATERIALS-C-024-compute-pipeline,component,12-rendering-materials,Materials shaders color lighting and rendering,compute pipeline,"Reusable compute pipeline assembly in materials shaders color lighting and rendering, with a bounded role and an interface that can be tested independently.",SRC-MATERIALX;SRC-WEBGPU;SRC-OCIO;SRC-GLTF;SRC-CSSCOLOR,cross-standard,candidate,research-seed,True,
AXM-12-RENDERING-MATERIALS-C-025-command-buffer,component,12-rendering-materials,Materials shaders color lighting and rendering,command buffer,"Reusable command buffer assembly in materials shaders color lighting and rendering, with a bounded role and an interface that can be tested independently.",SRC-MATERIALX;SRC-WEBGPU;SRC-OCIO;SRC-GLTF;SRC-CSSCOLOR,cross-standard,candidate,research-seed,True,
AXM-12-RENDERING-MATERIALS-C-026-render-bundle,component,12-rendering-materials,Materials shaders color lighting and rendering,render bundle,"Reusable render bundle assembly in materials shaders color lighting and rendering, with a bounded role and an interface that can be tested independently.",SRC-MATERIALX;SRC-WEBGPU;SRC-OCIO;SRC-GLTF;SRC-CSSCOLOR,cross-standard,candidate,research-seed,True,
AXM-12-RENDERING-MATERIALS-C-027-material-assignment,component,12-rendering-materials,Materials shaders color lighting and rendering,material assignment,"Reusable material assignment assembly in materials shaders color lighting and rendering, with a bounded role and an interface that can be tested independently.",SRC-MATERIALX;SRC-WEBGPU;SRC-OCIO;SRC-GLTF;SRC-CSSCOLOR,cross-standard,candidate,research-seed,True,
AXM-12-RENDERING-MATERIALS-C-028-lighting-rig,component,12-rendering-materials,Materials shaders color lighting and rendering,lighting rig,"Reusable lighting rig assembly in materials shaders color lighting and rendering, with a bounded role and an interface that can be tested independently.",SRC-MATERIALX;SRC-WEBGPU;SRC-OCIO;SRC-GLTF;SRC-CSSCOLOR,cross-standard,candidate,research-seed,True,
AXM-12-RENDERING-MATERIALS-C-029-render-layer,component,12-rendering-materials,Materials shaders color lighting and rendering,render layer,"Reusable render layer assembly in materials shaders color lighting and rendering, with a bounded role and an interface that can be tested independently.",SRC-MATERIALX;SRC-WEBGPU;SRC-OCIO;SRC-GLTF;SRC-CSSCOLOR,cross-standard,candidate,research-seed,True,
AXM-12-RENDERING-MATERIALS-O-001-material-compiler,organ,12-rendering-materials,Materials shaders color lighting and rendering,material compiler,"Functional subsystem for material compiler in materials shaders color lighting and rendering; orchestrates lower-level components, applies policy and emits results plus evidence.",SRC-MATERIALX;SRC-WEBGPU;SRC-OCIO;SRC-GLTF;SRC-CSSCOLOR,cross-standard,candidate,research-seed,True,
AXM-12-RENDERING-MATERIALS-O-002-shader-compiler,organ,12-rendering-materials,Materials shaders color lighting and rendering,shader compiler,"Functional subsystem for shader compiler in materials shaders color lighting and rendering; orchestrates lower-level components, applies policy and emits results plus evidence.",SRC-MATERIALX;SRC-WEBGPU;SRC-OCIO;SRC-GLTF;SRC-CSSCOLOR,cross-standard,candidate,research-seed,True,
AXM-12-RENDERING-MATERIALS-O-003-shader-graph-evaluator,organ,12-rendering-materials,Materials shaders color lighting and rendering,shader-graph evaluator,"Functional subsystem for shader-graph evaluator in materials shaders color lighting and rendering; orchestrates lower-level components, applies policy and emits results plus evidence.",SRC-MATERIALX;SRC-WEBGPU;SRC-OCIO;SRC-GLTF;SRC-CSSCOLOR,cross-standard,candidate,research-seed,True,
AXM-12-RENDERING-MATERIALS-O-004-render-pipeline-builder,organ,12-rendering-materials,Materials shaders color lighting and rendering,render-pipeline builder,"Functional subsystem for render-pipeline builder in materials shaders color lighting and rendering; orchestrates lower-level components, applies policy and emits results plus evidence.",SRC-MATERIALX;SRC-WEBGPU;SRC-OCIO;SRC-GLTF;SRC-CSSCOLOR,cross-standard,candidate,research-seed,True,
AXM-12-RENDERING-MATERIALS-O-005-lighting-engine,organ,12-rendering-materials,Materials shaders color lighting and rendering,lighting engine,"Functional subsystem for lighting engine in materials shaders color lighting and rendering; orchestrates lower-level components, applies policy and emits results plus evidence.",SRC-MATERIALX;SRC-WEBGPU;SRC-OCIO;SRC-GLTF;SRC-CSSCOLOR,cross-standard,candidate,research-seed,True,
AXM-12-RENDERING-MATERIALS-O-006-color-management-organ,organ,12-rendering-materials,Materials shaders color lighting and rendering,color-management organ,"Functional subsystem for color-management organ in materials shaders color lighting and rendering; orchestrates lower-level components, applies policy and emits results plus evidence.",SRC-MATERIALX;SRC-WEBGPU;SRC-OCIO;SRC-GLTF;SRC-CSSCOLOR,cross-standard,candidate,research-seed,True,
AXM-12-RENDERING-MATERIALS-O-007-post-processing-organ,organ,12-rendering-materials,Materials shaders color lighting and rendering,post-processing organ,"Functional subsystem for post-processing organ in materials shaders color lighting and rendering; orchestrates lower-level components, applies policy and emits results plus evidence.",SRC-MATERIALX;SRC-WEBGPU;SRC-OCIO;SRC-GLTF;SRC-CSSCOLOR,cross-standard,candidate,research-seed,True,
AXM-12-RENDERING-MATERIALS-O-008-texture-sampling-organ,organ,12-rendering-materials,Materials shaders color lighting and rendering,texture-sampling organ,"Functional subsystem for texture-sampling organ in materials shaders color lighting and rendering; orchestrates lower-level components, applies policy and emits results plus evidence.",SRC-MATERIALX;SRC-WEBGPU;SRC-OCIO;SRC-GLTF;SRC-CSSCOLOR,cross-standard,candidate,research-seed,True,
AXM-12-RENDERING-MATERIALS-O-009-material-baker,organ,12-rendering-materials,Materials shaders color lighting and rendering,material baker,"Functional subsystem for material baker in materials shaders color lighting and rendering; orchestrates lower-level components, applies policy and emits results plus evidence.",SRC-MATERIALX;SRC-WEBGPU;SRC-OCIO;SRC-GLTF;SRC-CSSCOLOR,cross-standard,candidate,research-seed,True,
AXM-12-RENDERING-MATERIALS-O-010-render-state-validator,organ,12-rendering-materials,Materials shaders color lighting and rendering,render-state validator,"Functional subsystem for render-state validator in materials shaders color lighting and rendering; orchestrates lower-level components, applies policy and emits results plus evidence.",SRC-MATERIALX;SRC-WEBGPU;SRC-OCIO;SRC-GLTF;SRC-CSSCOLOR,cross-standard,candidate,research-seed,True,
AXM-12-RENDERING-MATERIALS-O-011-gpu-resource-manager,organ,12-rendering-materials,Materials shaders color lighting and rendering,GPU-resource manager,"Functional subsystem for GPU-resource manager in materials shaders color lighting and rendering; orchestrates lower-level components, applies policy and emits results plus evidence.",SRC-MATERIALX;SRC-WEBGPU;SRC-OCIO;SRC-GLTF;SRC-CSSCOLOR,cross-standard,candidate,research-seed,True,
AXM-12-RENDERING-MATERIALS-O-012-renderer,organ,12-rendering-materials,Materials shaders color lighting and rendering,renderer,"Functional subsystem for renderer in materials shaders color lighting and rendering; orchestrates lower-level components, applies policy and emits results plus evidence.",SRC-MATERIALX;SRC-WEBGPU;SRC-OCIO;SRC-GLTF;SRC-CSSCOLOR,cross-standard,candidate,research-seed,True,
AXM-12-RENDERING-MATERIALS-O-013-render-graph-scheduler,organ,12-rendering-materials,Materials shaders color lighting and rendering,render-graph scheduler,"Functional subsystem for render-graph scheduler in materials shaders color lighting and rendering; orchestrates lower-level components, applies policy and emits results plus evidence.",SRC-MATERIALX;SRC-WEBGPU;SRC-OCIO;SRC-GLTF;SRC-CSSCOLOR,cross-standard,candidate,research-seed,True,
AXM-12-RENDERING-MATERIALS-O-014-light-baking-organ,organ,12-rendering-materials,Materials shaders color lighting and rendering,light-baking organ,"Functional subsystem for light-baking organ in materials shaders color lighting and rendering; orchestrates lower-level components, applies policy and emits results plus evidence.",SRC-MATERIALX;SRC-WEBGPU;SRC-OCIO;SRC-GLTF;SRC-CSSCOLOR,cross-standard,candidate,research-seed,True,
AXM-12-RENDERING-MATERIALS-O-015-frame-capture-organ,organ,12-rendering-materials,Materials shaders color lighting and rendering,frame-capture organ,"Functional subsystem for frame-capture organ in materials shaders color lighting and rendering; orchestrates lower-level components, applies policy and emits results plus evidence.",SRC-MATERIALX;SRC-WEBGPU;SRC-OCIO;SRC-GLTF;SRC-CSSCOLOR,cross-standard,candidate,research-seed,True,
AXM-13-ANIMATION-VIDEO-A-001-frame,atom,13-animation-video,Animation motion video cinematics and timelines,frame,"Smallest independently addressable frame unit in animation motion video cinematics and timelines, intended to be typed, referenced, transformed or validated without requiring a whole finished asset.",SRC-OTIO;SRC-GLTF;SRC-WEBCODECS;SRC-WEBVTT;SRC-SCXML,cross-standard,candidate,research-seed,True,
AXM-13-ANIMATION-VIDEO-A-002-video-sample,atom,13-animation-video,Animation motion video cinematics and timelines,video sample,"Smallest independently addressable video sample unit in animation motion video cinematics and timelines, intended to be typed, referenced, transformed or validated without requiring a whole finished asset.",SRC-OTIO;SRC-GLTF;SRC-WEBCODECS;SRC-WEBVTT;SRC-SCXML,cross-standard,candidate,research-seed,True,
AXM-13-ANIMATION-VIDEO-A-003-audio-sample-reference,atom,13-animation-video,Animation motion video cinematics and timelines,audio-sample reference,"Smallest independently addressable audio-sample reference unit in animation motion video cinematics and timelines, intended to be typed, referenced, transformed or validated without requiring a whole finished asset.",SRC-OTIO;SRC-GLTF;SRC-WEBCODECS;SRC-WEBVTT;SRC-SCXML,cross-standard,candidate,research-seed,True,
AXM-13-ANIMATION-VIDEO-A-004-timecode,atom,13-animation-video,Animation motion video cinematics and timelines,timecode,"Smallest independently addressable timecode unit in animation motion video cinematics and timelines, intended to be typed, referenced, transformed or validated without requiring a whole finished asset.",SRC-OTIO;SRC-GLTF;SRC-WEBCODECS;SRC-WEBVTT;SRC-SCXML,cross-standard,candidate,research-seed,True,
AXM-13-ANIMATION-VIDEO-A-005-frame-rate,atom,13-animation-video,Animation motion video cinematics and timelines,frame rate,"Smallest independently addressable frame rate unit in animation motion video cinematics and timelines, intended to be typed, referenced, transformed or validated without requiring a whole finished asset.",SRC-OTIO;SRC-GLTF;SRC-WEBCODECS;SRC-WEBVTT;SRC-SCXML,cross-standard,candidate,research-seed,True,
AXM-13-ANIMATION-VIDEO-A-006-keyframe,atom,13-animation-video,Animation motion video cinematics and timelines,keyframe,"Smallest independently addressable keyframe unit in animation motion video cinematics and timelines, intended to be typed, referenced, transformed or validated without requiring a whole finished asset.",SRC-OTIO;SRC-GLTF;SRC-WEBCODECS;SRC-WEBVTT;SRC-SCXML,cross-standard,candidate,research-seed,True,
AXM-13-ANIMATION-VIDEO-A-007-interpolation-mode,atom,13-animation-video,Animation motion video cinematics and timelines,interpolation mode,"Smallest independently addressable interpolation mode unit in animation motion video cinematics and timelines, intended to be typed, referenced, transformed or validated without requiring a whole finished asset.",SRC-OTIO;SRC-GLTF;SRC-WEBCODECS;SRC-WEBVTT;SRC-SCXML,cross-standard,candidate,research-seed,True,
AXM-13-ANIMATION-VIDEO-A-008-tangent,atom,13-animation-video,Animation motion video cinematics and timelines,tangent,"Smallest independently addressable tangent unit in animation motion video cinematics and timelines, intended to be typed, referenced, transformed or validated without requiring a whole finished asset.",SRC-OTIO;SRC-GLTF;SRC-WEBCODECS;SRC-WEBVTT;SRC-SCXML,cross-standard,candidate,research-seed,True,
AXM-13-ANIMATION-VIDEO-A-009-animation-channel,atom,13-animation-video,Animation motion video cinematics and timelines,animation channel,"Smallest independently addressable animation channel unit in animation motion video cinematics and timelines, intended to be typed, referenced, transformed or validated without requiring a whole finished asset.",SRC-OTIO;SRC-GLTF;SRC-WEBCODECS;SRC-WEBVTT;SRC-SCXML,cross-standard,candidate,research-seed,True,
AXM-13-ANIMATION-VIDEO-A-010-target-property,atom,13-animation-video,Animation motion video cinematics and timelines,target property,"Smallest independently addressable target property unit in animation motion video cinematics and timelines, intended to be typed, referenced, transformed or validated without requiring a whole finished asset.",SRC-OTIO;SRC-GLTF;SRC-WEBCODECS;SRC-WEBVTT;SRC-SCXML,cross-standard,candidate,research-seed,True,
AXM-13-ANIMATION-VIDEO-A-011-pose-sample,atom,13-animation-video,Animation motion video cinematics and timelines,pose sample,"Smallest independently addressable pose sample unit in animation motion video cinematics and timelines, intended to be typed, referenced, transformed or validated without requiring a whole finished asset.",SRC-OTIO;SRC-GLTF;SRC-WEBCODECS;SRC-WEBVTT;SRC-SCXML,cross-standard,candidate,research-seed,True,
AXM-13-ANIMATION-VIDEO-A-012-bone-transform,atom,13-animation-video,Animation motion video cinematics and timelines,bone transform,"Smallest independently addressable bone transform unit in animation motion video cinematics and timelines, intended to be typed, referenced, transformed or validated without requiring a whole finished asset.",SRC-OTIO;SRC-GLTF;SRC-WEBCODECS;SRC-WEBVTT;SRC-SCXML,cross-standard,candidate,research-seed,True,
AXM-13-ANIMATION-VIDEO-A-013-morph-weight,atom,13-animation-video,Animation motion video cinematics and timelines,morph weight,"Smallest independently addressable morph weight unit in animation motion video cinematics and timelines, intended to be typed, referenced, transformed or validated without requiring a whole finished asset.",SRC-OTIO;SRC-GLTF;SRC-WEBCODECS;SRC-WEBVTT;SRC-SCXML,cross-standard,candidate,research-seed,True,
AXM-13-ANIMATION-VIDEO-A-014-clip-in-point,atom,13-animation-video,Animation motion video cinematics and timelines,clip in-point,"Smallest independently addressable clip in-point unit in animation motion video cinematics and timelines, intended to be typed, referenced, transformed or validated without requiring a whole finished asset.",SRC-OTIO;SRC-GLTF;SRC-WEBCODECS;SRC-WEBVTT;SRC-SCXML,cross-standard,candidate,research-seed,True,
AXM-13-ANIMATION-VIDEO-A-015-clip-out-point,atom,13-animation-video,Animation motion video cinematics and timelines,clip out-point,"Smallest independently addressable clip out-point unit in animation motion video cinematics and timelines, intended to be typed, referenced, transformed or validated without requiring a whole finished asset.",SRC-OTIO;SRC-GLTF;SRC-WEBCODECS;SRC-WEBVTT;SRC-SCXML,cross-standard,candidate,research-seed,True,
AXM-13-ANIMATION-VIDEO-A-016-transition-duration,atom,13-animation-video,Animation motion video cinematics and timelines,transition duration,"Smallest independently addressable transition duration unit in animation motion video cinematics and timelines, intended to be typed, referenced, transformed or validated without requiring a whole finished asset.",SRC-OTIO;SRC-GLTF;SRC-WEBCODECS;SRC-WEBVTT;SRC-SCXML,cross-standard,candidate,research-seed,True,
AXM-13-ANIMATION-VIDEO-A-017-timeline-marker,atom,13-animation-video,Animation motion video cinematics and timelines,timeline marker,"Smallest independently addressable timeline marker unit in animation motion video cinematics and timelines, intended to be typed, referenced, transformed or validated without requiring a whole finished asset.",SRC-OTIO;SRC-GLTF;SRC-WEBCODECS;SRC-WEBVTT;SRC-SCXML,cross-standard,candidate,research-seed,True,
AXM-13-ANIMATION-VIDEO-A-018-effect-parameter,atom,13-animation-video,Animation motion video cinematics and timelines,effect parameter,"Smallest independently addressable effect parameter unit in animation motion video cinematics and timelines, intended to be typed, referenced, transformed or validated without requiring a whole finished asset.",SRC-OTIO;SRC-GLTF;SRC-WEBCODECS;SRC-WEBVTT;SRC-SCXML,cross-standard,candidate,research-seed,True,
AXM-13-ANIMATION-VIDEO-A-019-track-index,atom,13-animation-video,Animation motion video cinematics and timelines,track index,"Smallest independently addressable track index unit in animation motion video cinematics and timelines, intended to be typed, referenced, transformed or validated without requiring a whole finished asset.",SRC-OTIO;SRC-GLTF;SRC-WEBCODECS;SRC-WEBVTT;SRC-SCXML,cross-standard,candidate,research-seed,True,
AXM-13-ANIMATION-VIDEO-A-020-layer-weight,atom,13-animation-video,Animation motion video cinematics and timelines,layer weight,"Smallest independently addressable layer weight unit in animation motion video cinematics and timelines, intended to be typed, referenced, transformed or validated without requiring a whole finished asset.",SRC-OTIO;SRC-GLTF;SRC-WEBCODECS;SRC-WEBVTT;SRC-SCXML,cross-standard,candidate,research-seed,True,
AXM-13-ANIMATION-VIDEO-A-021-camera-cut,atom,13-animation-video,Animation motion video cinematics and timelines,camera cut,"Smallest independently addressable camera cut unit in animation motion video cinematics and timelines, intended to be typed, referenced, transformed or validated without requiring a whole finished asset.",SRC-OTIO;SRC-GLTF;SRC-WEBCODECS;SRC-WEBVTT;SRC-SCXML,cross-standard,candidate,research-seed,True,
AXM-13-ANIMATION-VIDEO-A-022-caption-timestamp,atom,13-animation-video,Animation motion video cinematics and timelines,caption timestamp,"Smallest independently addressable caption timestamp unit in animation motion video cinematics and timelines, intended to be typed, referenced, transformed or validated without requiring a whole finished asset.",SRC-OTIO;SRC-GLTF;SRC-WEBCODECS;SRC-WEBVTT;SRC-SCXML,cross-standard,candidate,research-seed,True,
AXM-13-ANIMATION-VIDEO-A-023-subtitle-text,atom,13-animation-video,Animation motion video cinematics and timelines,subtitle text,"Smallest independently addressable subtitle text unit in animation motion video cinematics and timelines, intended to be typed, referenced, transformed or validated without requiring a whole finished asset.",SRC-OTIO;SRC-GLTF;SRC-WEBCODECS;SRC-WEBVTT;SRC-SCXML,cross-standard,candidate,research-seed,True,
AXM-13-ANIMATION-VIDEO-A-024-caption-region-coordinate,atom,13-animation-video,Animation motion video cinematics and timelines,caption region coordinate,"Smallest independently addressable caption region coordinate unit in animation motion video cinematics and timelines, intended to be typed, referenced, transformed or validated without requiring a whole finished asset.",SRC-OTIO;SRC-GLTF;SRC-WEBCODECS;SRC-WEBVTT;SRC-SCXML,cross-standard,candidate,research-seed,True,
AXM-13-ANIMATION-VIDEO-A-025-codec-parameter,atom,13-animation-video,Animation motion video cinematics and timelines,codec parameter,"Smallest independently addressable codec parameter unit in animation motion video cinematics and timelines, intended to be typed, referenced, transformed or validated without requiring a whole finished asset.",SRC-OTIO;SRC-GLTF;SRC-WEBCODECS;SRC-WEBVTT;SRC-SCXML,cross-standard,candidate,research-seed,True,
AXM-13-ANIMATION-VIDEO-A-026-pixel-format,atom,13-animation-video,Animation motion video cinematics and timelines,pixel format,"Smallest independently addressable pixel format unit in animation motion video cinematics and timelines, intended to be typed, referenced, transformed or validated without requiring a whole finished asset.",SRC-OTIO;SRC-GLTF;SRC-WEBCODECS;SRC-WEBVTT;SRC-SCXML,cross-standard,candidate,research-seed,True,
AXM-13-ANIMATION-VIDEO-A-027-sample-timestamp,atom,13-animation-video,Animation motion video cinematics and timelines,sample timestamp,"Smallest independently addressable sample timestamp unit in animation motion video cinematics and timelines, intended to be typed, referenced, transformed or validated without requiring a whole finished asset.",SRC-OTIO;SRC-GLTF;SRC-WEBCODECS;SRC-WEBVTT;SRC-SCXML,cross-standard,candidate,research-seed,True,
AXM-13-ANIMATION-VIDEO-A-028-decode-timestamp,atom,13-animation-video,Animation motion video cinematics and timelines,decode timestamp,"Smallest independently addressable decode timestamp unit in animation motion video cinematics and timelines, intended to be typed, referenced, transformed or validated without requiring a whole finished asset.",SRC-OTIO;SRC-GLTF;SRC-WEBCODECS;SRC-WEBVTT;SRC-SCXML,cross-standard,candidate,research-seed,True,
AXM-13-ANIMATION-VIDEO-A-029-presentation-timestamp,atom,13-animation-video,Animation motion video cinematics and timelines,presentation timestamp,"Smallest independently addressable presentation timestamp unit in animation motion video cinematics and timelines, intended to be typed, referenced, transformed or validated without requiring a whole finished asset.",SRC-OTIO;SRC-GLTF;SRC-WEBCODECS;SRC-WEBVTT;SRC-SCXML,cross-standard,candidate,research-seed,True,
AXM-13-ANIMATION-VIDEO-A-030-motion-vector,atom,13-animation-video,Animation motion video cinematics and timelines,motion vector,"Smallest independently addressable motion vector unit in animation motion video cinematics and timelines, intended to be typed, referenced, transformed or validated without requiring a whole finished asset.",SRC-OTIO;SRC-GLTF;SRC-WEBCODECS;SRC-WEBVTT;SRC-SCXML,cross-standard,candidate,research-seed,True,
AXM-13-ANIMATION-VIDEO-A-031-optical-flow-sample,atom,13-animation-video,Animation motion video cinematics and timelines,optical-flow sample,"Smallest independently addressable optical-flow sample unit in animation motion video cinematics and timelines, intended to be typed, referenced, transformed or validated without requiring a whole finished asset.",SRC-OTIO;SRC-GLTF;SRC-WEBCODECS;SRC-WEBVTT;SRC-SCXML,cross-standard,candidate,research-seed,True,
AXM-13-ANIMATION-VIDEO-C-001-animation-curve,component,13-animation-video,Animation motion video cinematics and timelines,animation curve,"Reusable animation curve assembly in animation motion video cinematics and timelines, with a bounded role and an interface that can be tested independently.",SRC-OTIO;SRC-GLTF;SRC-WEBCODECS;SRC-WEBVTT;SRC-SCXML,cross-standard,candidate,research-seed,True,
AXM-13-ANIMATION-VIDEO-C-002-animation-track,component,13-animation-video,Animation motion video cinematics and timelines,animation track,"Reusable animation track assembly in animation motion video cinematics and timelines, with a bounded role and an interface that can be tested independently.",SRC-OTIO;SRC-GLTF;SRC-WEBCODECS;SRC-WEBVTT;SRC-SCXML,cross-standard,candidate,research-seed,True,
AXM-13-ANIMATION-VIDEO-C-003-animation-clip,component,13-animation-video,Animation motion video cinematics and timelines,animation clip,"Reusable animation clip assembly in animation motion video cinematics and timelines, with a bounded role and an interface that can be tested independently.",SRC-OTIO;SRC-GLTF;SRC-WEBCODECS;SRC-WEBVTT;SRC-SCXML,cross-standard,candidate,research-seed,True,
AXM-13-ANIMATION-VIDEO-C-004-skeletal-animation,component,13-animation-video,Animation motion video cinematics and timelines,skeletal animation,"Reusable skeletal animation assembly in animation motion video cinematics and timelines, with a bounded role and an interface that can be tested independently.",SRC-OTIO;SRC-GLTF;SRC-WEBCODECS;SRC-WEBVTT;SRC-SCXML,cross-standard,candidate,research-seed,True,
AXM-13-ANIMATION-VIDEO-C-005-morph-animation,component,13-animation-video,Animation motion video cinematics and timelines,morph animation,"Reusable morph animation assembly in animation motion video cinematics and timelines, with a bounded role and an interface that can be tested independently.",SRC-OTIO;SRC-GLTF;SRC-WEBCODECS;SRC-WEBVTT;SRC-SCXML,cross-standard,candidate,research-seed,True,
AXM-13-ANIMATION-VIDEO-C-006-transform-animation,component,13-animation-video,Animation motion video cinematics and timelines,transform animation,"Reusable transform animation assembly in animation motion video cinematics and timelines, with a bounded role and an interface that can be tested independently.",SRC-OTIO;SRC-GLTF;SRC-WEBCODECS;SRC-WEBVTT;SRC-SCXML,cross-standard,candidate,research-seed,True,
AXM-13-ANIMATION-VIDEO-C-007-animation-state-machine,component,13-animation-video,Animation motion video cinematics and timelines,animation state machine,"Reusable animation state machine assembly in animation motion video cinematics and timelines, with a bounded role and an interface that can be tested independently.",SRC-OTIO;SRC-GLTF;SRC-WEBCODECS;SRC-WEBVTT;SRC-SCXML,cross-standard,candidate,research-seed,True,
AXM-13-ANIMATION-VIDEO-C-008-blend-tree,component,13-animation-video,Animation motion video cinematics and timelines,blend tree,"Reusable blend tree assembly in animation motion video cinematics and timelines, with a bounded role and an interface that can be tested independently.",SRC-OTIO;SRC-GLTF;SRC-WEBCODECS;SRC-WEBVTT;SRC-SCXML,cross-standard,candidate,research-seed,True,
AXM-13-ANIMATION-VIDEO-C-009-timeline,component,13-animation-video,Animation motion video cinematics and timelines,timeline,"Reusable timeline assembly in animation motion video cinematics and timelines, with a bounded role and an interface that can be tested independently.",SRC-OTIO;SRC-GLTF;SRC-WEBCODECS;SRC-WEBVTT;SRC-SCXML,cross-standard,candidate,research-seed,True,
AXM-13-ANIMATION-VIDEO-C-010-video-track,component,13-animation-video,Animation motion video cinematics and timelines,video track,"Reusable video track assembly in animation motion video cinematics and timelines, with a bounded role and an interface that can be tested independently.",SRC-OTIO;SRC-GLTF;SRC-WEBCODECS;SRC-WEBVTT;SRC-SCXML,cross-standard,candidate,research-seed,True,
AXM-13-ANIMATION-VIDEO-C-011-audio-track,component,13-animation-video,Animation motion video cinematics and timelines,audio track,"Reusable audio track assembly in animation motion video cinematics and timelines, with a bounded role and an interface that can be tested independently.",SRC-OTIO;SRC-GLTF;SRC-WEBCODECS;SRC-WEBVTT;SRC-SCXML,cross-standard,candidate,research-seed,True,
AXM-13-ANIMATION-VIDEO-C-012-media-clip,component,13-animation-video,Animation motion video cinematics and timelines,media clip,"Reusable media clip assembly in animation motion video cinematics and timelines, with a bounded role and an interface that can be tested independently.",SRC-OTIO;SRC-GLTF;SRC-WEBCODECS;SRC-WEBVTT;SRC-SCXML,cross-standard,candidate,research-seed,True,
AXM-13-ANIMATION-VIDEO-C-013-gap,component,13-animation-video,Animation motion video cinematics and timelines,gap,"Reusable gap assembly in animation motion video cinematics and timelines, with a bounded role and an interface that can be tested independently.",SRC-OTIO;SRC-GLTF;SRC-WEBCODECS;SRC-WEBVTT;SRC-SCXML,cross-standard,candidate,research-seed,True,
AXM-13-ANIMATION-VIDEO-C-014-transition,component,13-animation-video,Animation motion video cinematics and timelines,transition,"Reusable transition assembly in animation motion video cinematics and timelines, with a bounded role and an interface that can be tested independently.",SRC-OTIO;SRC-GLTF;SRC-WEBCODECS;SRC-WEBVTT;SRC-SCXML,cross-standard,candidate,research-seed,True,
AXM-13-ANIMATION-VIDEO-C-015-marker,component,13-animation-video,Animation motion video cinematics and timelines,marker,"Reusable marker assembly in animation motion video cinematics and timelines, with a bounded role and an interface that can be tested independently.",SRC-OTIO;SRC-GLTF;SRC-WEBCODECS;SRC-WEBVTT;SRC-SCXML,cross-standard,candidate,research-seed,True,
AXM-13-ANIMATION-VIDEO-C-016-effect,component,13-animation-video,Animation motion video cinematics and timelines,effect,"Reusable effect assembly in animation motion video cinematics and timelines, with a bounded role and an interface that can be tested independently.",SRC-OTIO;SRC-GLTF;SRC-WEBCODECS;SRC-WEBVTT;SRC-SCXML,cross-standard,candidate,research-seed,True,
AXM-13-ANIMATION-VIDEO-C-017-media-reference,component,13-animation-video,Animation motion video cinematics and timelines,media reference,"Reusable media reference assembly in animation motion video cinematics and timelines, with a bounded role and an interface that can be tested independently.",SRC-OTIO;SRC-GLTF;SRC-WEBCODECS;SRC-WEBVTT;SRC-SCXML,cross-standard,candidate,research-seed,True,
AXM-13-ANIMATION-VIDEO-C-018-sequence,component,13-animation-video,Animation motion video cinematics and timelines,sequence,"Reusable sequence assembly in animation motion video cinematics and timelines, with a bounded role and an interface that can be tested independently.",SRC-OTIO;SRC-GLTF;SRC-WEBCODECS;SRC-WEBVTT;SRC-SCXML,cross-standard,candidate,research-seed,True,
AXM-13-ANIMATION-VIDEO-C-019-edit-decision-list,component,13-animation-video,Animation motion video cinematics and timelines,edit decision list,"Reusable edit decision list assembly in animation motion video cinematics and timelines, with a bounded role and an interface that can be tested independently.",SRC-OTIO;SRC-GLTF;SRC-WEBCODECS;SRC-WEBVTT;SRC-SCXML,cross-standard,candidate,research-seed,True,
AXM-13-ANIMATION-VIDEO-C-020-storyboard-panel,component,13-animation-video,Animation motion video cinematics and timelines,storyboard panel,"Reusable storyboard panel assembly in animation motion video cinematics and timelines, with a bounded role and an interface that can be tested independently.",SRC-OTIO;SRC-GLTF;SRC-WEBCODECS;SRC-WEBVTT;SRC-SCXML,cross-standard,candidate,research-seed,True,
AXM-13-ANIMATION-VIDEO-C-021-shot,component,13-animation-video,Animation motion video cinematics and timelines,shot,"Reusable shot assembly in animation motion video cinematics and timelines, with a bounded role and an interface that can be tested independently.",SRC-OTIO;SRC-GLTF;SRC-WEBCODECS;SRC-WEBVTT;SRC-SCXML,cross-standard,candidate,research-seed,True,
AXM-13-ANIMATION-VIDEO-C-022-cinematic-scene,component,13-animation-video,Animation motion video cinematics and timelines,cinematic scene,"Reusable cinematic scene assembly in animation motion video cinematics and timelines, with a bounded role and an interface that can be tested independently.",SRC-OTIO;SRC-GLTF;SRC-WEBCODECS;SRC-WEBVTT;SRC-SCXML,cross-standard,candidate,research-seed,True,
AXM-13-ANIMATION-VIDEO-C-023-caption-cue,component,13-animation-video,Animation motion video cinematics and timelines,caption cue,"Reusable caption cue assembly in animation motion video cinematics and timelines, with a bounded role and an interface that can be tested independently.",SRC-OTIO;SRC-GLTF;SRC-WEBCODECS;SRC-WEBVTT;SRC-SCXML,cross-standard,candidate,research-seed,True,
AXM-13-ANIMATION-VIDEO-C-024-subtitle-track,component,13-animation-video,Animation motion video cinematics and timelines,subtitle track,"Reusable subtitle track assembly in animation motion video cinematics and timelines, with a bounded role and an interface that can be tested independently.",SRC-OTIO;SRC-GLTF;SRC-WEBCODECS;SRC-WEBVTT;SRC-SCXML,cross-standard,candidate,research-seed,True,
AXM-13-ANIMATION-VIDEO-C-025-media-container,component,13-animation-video,Animation motion video cinematics and timelines,media container,"Reusable media container assembly in animation motion video cinematics and timelines, with a bounded role and an interface that can be tested independently.",SRC-OTIO;SRC-GLTF;SRC-WEBCODECS;SRC-WEBVTT;SRC-SCXML,cross-standard,candidate,research-seed,True,
AXM-13-ANIMATION-VIDEO-C-026-proxy-media,component,13-animation-video,Animation motion video cinematics and timelines,proxy media,"Reusable proxy media assembly in animation motion video cinematics and timelines, with a bounded role and an interface that can be tested independently.",SRC-OTIO;SRC-GLTF;SRC-WEBCODECS;SRC-WEBVTT;SRC-SCXML,cross-standard,candidate,research-seed,True,
AXM-13-ANIMATION-VIDEO-C-027-render-queue-item,component,13-animation-video,Animation motion video cinematics and timelines,render-queue item,"Reusable render-queue item assembly in animation motion video cinematics and timelines, with a bounded role and an interface that can be tested independently.",SRC-OTIO;SRC-GLTF;SRC-WEBCODECS;SRC-WEBVTT;SRC-SCXML,cross-standard,candidate,research-seed,True,
AXM-13-ANIMATION-VIDEO-C-028-video-frame,component,13-animation-video,Animation motion video cinematics and timelines,video frame,"Reusable video frame assembly in animation motion video cinematics and timelines, with a bounded role and an interface that can be tested independently.",SRC-OTIO;SRC-GLTF;SRC-WEBCODECS;SRC-WEBVTT;SRC-SCXML,cross-standard,candidate,research-seed,True,
AXM-13-ANIMATION-VIDEO-C-029-audio-frame,component,13-animation-video,Animation motion video cinematics and timelines,audio frame,"Reusable audio frame assembly in animation motion video cinematics and timelines, with a bounded role and an interface that can be tested independently.",SRC-OTIO;SRC-GLTF;SRC-WEBCODECS;SRC-WEBVTT;SRC-SCXML,cross-standard,candidate,research-seed,True,
AXM-13-ANIMATION-VIDEO-C-030-motion-capture-clip,component,13-animation-video,Animation motion video cinematics and timelines,motion-capture clip,"Reusable motion-capture clip assembly in animation motion video cinematics and timelines, with a bounded role and an interface that can be tested independently.",SRC-OTIO;SRC-GLTF;SRC-WEBCODECS;SRC-WEBVTT;SRC-SCXML,cross-standard,candidate,research-seed,True,
AXM-13-ANIMATION-VIDEO-C-031-camera-animation,component,13-animation-video,Animation motion video cinematics and timelines,camera animation,"Reusable camera animation assembly in animation motion video cinematics and timelines, with a bounded role and an interface that can be tested independently.",SRC-OTIO;SRC-GLTF;SRC-WEBCODECS;SRC-WEBVTT;SRC-SCXML,cross-standard,candidate,research-seed,True,
AXM-13-ANIMATION-VIDEO-O-001-animation-engine,organ,13-animation-video,Animation motion video cinematics and timelines,animation engine,"Functional subsystem for animation engine in animation motion video cinematics and timelines; orchestrates lower-level components, applies policy and emits results plus evidence.",SRC-OTIO;SRC-GLTF;SRC-WEBCODECS;SRC-WEBVTT;SRC-SCXML,cross-standard,candidate,research-seed,True,
AXM-13-ANIMATION-VIDEO-O-002-keyframe-editor,organ,13-animation-video,Animation motion video cinematics and timelines,keyframe editor,"Functional subsystem for keyframe editor in animation motion video cinematics and timelines; orchestrates lower-level components, applies policy and emits results plus evidence.",SRC-OTIO;SRC-GLTF;SRC-WEBCODECS;SRC-WEBVTT;SRC-SCXML,cross-standard,candidate,research-seed,True,
AXM-13-ANIMATION-VIDEO-O-003-rig-animation-organ,organ,13-animation-video,Animation motion video cinematics and timelines,rig-animation organ,"Functional subsystem for rig-animation organ in animation motion video cinematics and timelines; orchestrates lower-level components, applies policy and emits results plus evidence.",SRC-OTIO;SRC-GLTF;SRC-WEBCODECS;SRC-WEBVTT;SRC-SCXML,cross-standard,candidate,research-seed,True,
AXM-13-ANIMATION-VIDEO-O-004-timeline-editor,organ,13-animation-video,Animation motion video cinematics and timelines,timeline editor,"Functional subsystem for timeline editor in animation motion video cinematics and timelines; orchestrates lower-level components, applies policy and emits results plus evidence.",SRC-OTIO;SRC-GLTF;SRC-WEBCODECS;SRC-WEBVTT;SRC-SCXML,cross-standard,candidate,research-seed,True,
AXM-13-ANIMATION-VIDEO-O-005-video-compositor,organ,13-animation-video,Animation motion video cinematics and timelines,video compositor,"Functional subsystem for video compositor in animation motion video cinematics and timelines; orchestrates lower-level components, applies policy and emits results plus evidence.",SRC-OTIO;SRC-GLTF;SRC-WEBCODECS;SRC-WEBVTT;SRC-SCXML,cross-standard,candidate,research-seed,True,
AXM-13-ANIMATION-VIDEO-O-006-video-encoder-and-decoder,organ,13-animation-video,Animation motion video cinematics and timelines,video encoder and decoder,"Functional subsystem for video encoder and decoder in animation motion video cinematics and timelines; orchestrates lower-level components, applies policy and emits results plus evidence.",SRC-OTIO;SRC-GLTF;SRC-WEBCODECS;SRC-WEBVTT;SRC-SCXML,cross-standard,candidate,research-seed,True,
AXM-13-ANIMATION-VIDEO-O-007-media-conformer,organ,13-animation-video,Animation motion video cinematics and timelines,media conformer,"Functional subsystem for media conformer in animation motion video cinematics and timelines; orchestrates lower-level components, applies policy and emits results plus evidence.",SRC-OTIO;SRC-GLTF;SRC-WEBCODECS;SRC-WEBVTT;SRC-SCXML,cross-standard,candidate,research-seed,True,
AXM-13-ANIMATION-VIDEO-O-008-shot-manager,organ,13-animation-video,Animation motion video cinematics and timelines,shot manager,"Functional subsystem for shot manager in animation motion video cinematics and timelines; orchestrates lower-level components, applies policy and emits results plus evidence.",SRC-OTIO;SRC-GLTF;SRC-WEBCODECS;SRC-WEBVTT;SRC-SCXML,cross-standard,candidate,research-seed,True,
AXM-13-ANIMATION-VIDEO-O-009-storyboard-generator,organ,13-animation-video,Animation motion video cinematics and timelines,storyboard generator,"Functional subsystem for storyboard generator in animation motion video cinematics and timelines; orchestrates lower-level components, applies policy and emits results plus evidence.",SRC-OTIO;SRC-GLTF;SRC-WEBCODECS;SRC-WEBVTT;SRC-SCXML,cross-standard,candidate,research-seed,True,
AXM-13-ANIMATION-VIDEO-O-010-caption-and-subtitle-organ,organ,13-animation-video,Animation motion video cinematics and timelines,caption and subtitle organ,"Functional subsystem for caption and subtitle organ in animation motion video cinematics and timelines; orchestrates lower-level components, applies policy and emits results plus evidence.",SRC-OTIO;SRC-GLTF;SRC-WEBCODECS;SRC-WEBVTT;SRC-SCXML,cross-standard,candidate,research-seed,True,
AXM-13-ANIMATION-VIDEO-O-011-render-queue-manager,organ,13-animation-video,Animation motion video cinematics and timelines,render-queue manager,"Functional subsystem for render-queue manager in animation motion video cinematics and timelines; orchestrates lower-level components, applies policy and emits results plus evidence.",SRC-OTIO;SRC-GLTF;SRC-WEBCODECS;SRC-WEBVTT;SRC-SCXML,cross-standard,candidate,research-seed,True,
AXM-13-ANIMATION-VIDEO-O-012-motion-retargeting-organ,organ,13-animation-video,Animation motion video cinematics and timelines,motion-retargeting organ,"Functional subsystem for motion-retargeting organ in animation motion video cinematics and timelines; orchestrates lower-level components, applies policy and emits results plus evidence.",SRC-OTIO;SRC-GLTF;SRC-WEBCODECS;SRC-WEBVTT;SRC-SCXML,cross-standard,candidate,research-seed,True,
AXM-13-ANIMATION-VIDEO-O-013-playback-engine,organ,13-animation-video,Animation motion video cinematics and timelines,playback engine,"Functional subsystem for playback engine in animation motion video cinematics and timelines; orchestrates lower-level components, applies policy and emits results plus evidence.",SRC-OTIO;SRC-GLTF;SRC-WEBCODECS;SRC-WEBVTT;SRC-SCXML,cross-standard,candidate,research-seed,True,
AXM-13-ANIMATION-VIDEO-O-014-motion-capture-processor,organ,13-animation-video,Animation motion video cinematics and timelines,motion-capture processor,"Functional subsystem for motion-capture processor in animation motion video cinematics and timelines; orchestrates lower-level components, applies policy and emits results plus evidence.",SRC-OTIO;SRC-GLTF;SRC-WEBCODECS;SRC-WEBVTT;SRC-SCXML,cross-standard,candidate,research-seed,True,
AXM-13-ANIMATION-VIDEO-O-015-video-analysis-organ,organ,13-animation-video,Animation motion video cinematics and timelines,video-analysis organ,"Functional subsystem for video-analysis organ in animation motion video cinematics and timelines; orchestrates lower-level components, applies policy and emits results plus evidence.",SRC-OTIO;SRC-GLTF;SRC-WEBCODECS;SRC-WEBVTT;SRC-SCXML,cross-standard,candidate,research-seed,True,
AXM-14-AUDIO-MUSIC-SPEECH-A-001-audio-sample,atom,14-audio-music-speech,Audio music speech and sonic interaction,audio sample,"Smallest independently addressable audio sample unit in audio music speech and sonic interaction, intended to be typed, referenced, transformed or validated without requiring a whole finished asset.",SRC-WEBAUDIO;SRC-MIDI;SRC-MUSICXML;SRC-WEBCODECS;SRC-WEBVTT,cross-standard,candidate,research-seed,True,
AXM-14-AUDIO-MUSIC-SPEECH-A-002-channel-sample,atom,14-audio-music-speech,Audio music speech and sonic interaction,channel sample,"Smallest independently addressable channel sample unit in audio music speech and sonic interaction, intended to be typed, referenced, transformed or validated without requiring a whole finished asset.",SRC-WEBAUDIO;SRC-MIDI;SRC-MUSICXML;SRC-WEBCODECS;SRC-WEBVTT,cross-standard,candidate,research-seed,True,
AXM-14-AUDIO-MUSIC-SPEECH-A-003-sample-rate,atom,14-audio-music-speech,Audio music speech and sonic interaction,sample rate,"Smallest independently addressable sample rate unit in audio music speech and sonic interaction, intended to be typed, referenced, transformed or validated without requiring a whole finished asset.",SRC-WEBAUDIO;SRC-MIDI;SRC-MUSICXML;SRC-WEBCODECS;SRC-WEBVTT,cross-standard,candidate,research-seed,True,
AXM-14-AUDIO-MUSIC-SPEECH-A-004-bit-depth,atom,14-audio-music-speech,Audio music speech and sonic interaction,bit depth,"Smallest independently addressable bit depth unit in audio music speech and sonic interaction, intended to be typed, referenced, transformed or validated without requiring a whole finished asset.",SRC-WEBAUDIO;SRC-MIDI;SRC-MUSICXML;SRC-WEBCODECS;SRC-WEBVTT,cross-standard,candidate,research-seed,True,
AXM-14-AUDIO-MUSIC-SPEECH-A-005-waveform-point,atom,14-audio-music-speech,Audio music speech and sonic interaction,waveform point,"Smallest independently addressable waveform point unit in audio music speech and sonic interaction, intended to be typed, referenced, transformed or validated without requiring a whole finished asset.",SRC-WEBAUDIO;SRC-MIDI;SRC-MUSICXML;SRC-WEBCODECS;SRC-WEBVTT,cross-standard,candidate,research-seed,True,
AXM-14-AUDIO-MUSIC-SPEECH-A-006-frequency-bin,atom,14-audio-music-speech,Audio music speech and sonic interaction,frequency bin,"Smallest independently addressable frequency bin unit in audio music speech and sonic interaction, intended to be typed, referenced, transformed or validated without requiring a whole finished asset.",SRC-WEBAUDIO;SRC-MIDI;SRC-MUSICXML;SRC-WEBCODECS;SRC-WEBVTT,cross-standard,candidate,research-seed,True,
AXM-14-AUDIO-MUSIC-SPEECH-A-007-phase-value,atom,14-audio-music-speech,Audio music speech and sonic interaction,phase value,"Smallest independently addressable phase value unit in audio music speech and sonic interaction, intended to be typed, referenced, transformed or validated without requiring a whole finished asset.",SRC-WEBAUDIO;SRC-MIDI;SRC-MUSICXML;SRC-WEBCODECS;SRC-WEBVTT,cross-standard,candidate,research-seed,True,
AXM-14-AUDIO-MUSIC-SPEECH-A-008-amplitude,atom,14-audio-music-speech,Audio music speech and sonic interaction,amplitude,"Smallest independently addressable amplitude unit in audio music speech and sonic interaction, intended to be typed, referenced, transformed or validated without requiring a whole finished asset.",SRC-WEBAUDIO;SRC-MIDI;SRC-MUSICXML;SRC-WEBCODECS;SRC-WEBVTT,cross-standard,candidate,research-seed,True,
AXM-14-AUDIO-MUSIC-SPEECH-A-009-gain,atom,14-audio-music-speech,Audio music speech and sonic interaction,gain,"Smallest independently addressable gain unit in audio music speech and sonic interaction, intended to be typed, referenced, transformed or validated without requiring a whole finished asset.",SRC-WEBAUDIO;SRC-MIDI;SRC-MUSICXML;SRC-WEBCODECS;SRC-WEBVTT,cross-standard,candidate,research-seed,True,
AXM-14-AUDIO-MUSIC-SPEECH-A-010-pan-value,atom,14-audio-music-speech,Audio music speech and sonic interaction,pan value,"Smallest independently addressable pan value unit in audio music speech and sonic interaction, intended to be typed, referenced, transformed or validated without requiring a whole finished asset.",SRC-WEBAUDIO;SRC-MIDI;SRC-MUSICXML;SRC-WEBCODECS;SRC-WEBVTT,cross-standard,candidate,research-seed,True,
AXM-14-AUDIO-MUSIC-SPEECH-A-011-pitch,atom,14-audio-music-speech,Audio music speech and sonic interaction,pitch,"Smallest independently addressable pitch unit in audio music speech and sonic interaction, intended to be typed, referenced, transformed or validated without requiring a whole finished asset.",SRC-WEBAUDIO;SRC-MIDI;SRC-MUSICXML;SRC-WEBCODECS;SRC-WEBVTT,cross-standard,candidate,research-seed,True,
AXM-14-AUDIO-MUSIC-SPEECH-A-012-midi-note-number,atom,14-audio-music-speech,Audio music speech and sonic interaction,MIDI note number,"Smallest independently addressable MIDI note number unit in audio music speech and sonic interaction, intended to be typed, referenced, transformed or validated without requiring a whole finished asset.",SRC-WEBAUDIO;SRC-MIDI;SRC-MUSICXML;SRC-WEBCODECS;SRC-WEBVTT,cross-standard,candidate,research-seed,True,
AXM-14-AUDIO-MUSIC-SPEECH-A-013-note-on-event,atom,14-audio-music-speech,Audio music speech and sonic interaction,note-on event,"Smallest independently addressable note-on event unit in audio music speech and sonic interaction, intended to be typed, referenced, transformed or validated without requiring a whole finished asset.",SRC-WEBAUDIO;SRC-MIDI;SRC-MUSICXML;SRC-WEBCODECS;SRC-WEBVTT,cross-standard,candidate,research-seed,True,
AXM-14-AUDIO-MUSIC-SPEECH-A-014-note-off-event,atom,14-audio-music-speech,Audio music speech and sonic interaction,note-off event,"Smallest independently addressable note-off event unit in audio music speech and sonic interaction, intended to be typed, referenced, transformed or validated without requiring a whole finished asset.",SRC-WEBAUDIO;SRC-MIDI;SRC-MUSICXML;SRC-WEBCODECS;SRC-WEBVTT,cross-standard,candidate,research-seed,True,
AXM-14-AUDIO-MUSIC-SPEECH-A-015-velocity,atom,14-audio-music-speech,Audio music speech and sonic interaction,velocity,"Smallest independently addressable velocity unit in audio music speech and sonic interaction, intended to be typed, referenced, transformed or validated without requiring a whole finished asset.",SRC-WEBAUDIO;SRC-MIDI;SRC-MUSICXML;SRC-WEBCODECS;SRC-WEBVTT,cross-standard,candidate,research-seed,True,
AXM-14-AUDIO-MUSIC-SPEECH-A-016-channel-pressure,atom,14-audio-music-speech,Audio music speech and sonic interaction,channel pressure,"Smallest independently addressable channel pressure unit in audio music speech and sonic interaction, intended to be typed, referenced, transformed or validated without requiring a whole finished asset.",SRC-WEBAUDIO;SRC-MIDI;SRC-MUSICXML;SRC-WEBCODECS;SRC-WEBVTT,cross-standard,candidate,research-seed,True,
AXM-14-AUDIO-MUSIC-SPEECH-A-017-pitch-bend-value,atom,14-audio-music-speech,Audio music speech and sonic interaction,pitch-bend value,"Smallest independently addressable pitch-bend value unit in audio music speech and sonic interaction, intended to be typed, referenced, transformed or validated without requiring a whole finished asset.",SRC-WEBAUDIO;SRC-MIDI;SRC-MUSICXML;SRC-WEBCODECS;SRC-WEBVTT,cross-standard,candidate,research-seed,True,
AXM-14-AUDIO-MUSIC-SPEECH-A-018-controller-value,atom,14-audio-music-speech,Audio music speech and sonic interaction,controller value,"Smallest independently addressable controller value unit in audio music speech and sonic interaction, intended to be typed, referenced, transformed or validated without requiring a whole finished asset.",SRC-WEBAUDIO;SRC-MIDI;SRC-MUSICXML;SRC-WEBCODECS;SRC-WEBVTT,cross-standard,candidate,research-seed,True,
AXM-14-AUDIO-MUSIC-SPEECH-A-019-program-number,atom,14-audio-music-speech,Audio music speech and sonic interaction,program number,"Smallest independently addressable program number unit in audio music speech and sonic interaction, intended to be typed, referenced, transformed or validated without requiring a whole finished asset.",SRC-WEBAUDIO;SRC-MIDI;SRC-MUSICXML;SRC-WEBCODECS;SRC-WEBVTT,cross-standard,candidate,research-seed,True,
AXM-14-AUDIO-MUSIC-SPEECH-A-020-tempo,atom,14-audio-music-speech,Audio music speech and sonic interaction,tempo,"Smallest independently addressable tempo unit in audio music speech and sonic interaction, intended to be typed, referenced, transformed or validated without requiring a whole finished asset.",SRC-WEBAUDIO;SRC-MIDI;SRC-MUSICXML;SRC-WEBCODECS;SRC-WEBVTT,cross-standard,candidate,research-seed,True,
AXM-14-AUDIO-MUSIC-SPEECH-A-021-beat,atom,14-audio-music-speech,Audio music speech and sonic interaction,beat,"Smallest independently addressable beat unit in audio music speech and sonic interaction, intended to be typed, referenced, transformed or validated without requiring a whole finished asset.",SRC-WEBAUDIO;SRC-MIDI;SRC-MUSICXML;SRC-WEBCODECS;SRC-WEBVTT,cross-standard,candidate,research-seed,True,
AXM-14-AUDIO-MUSIC-SPEECH-A-022-bar-position,atom,14-audio-music-speech,Audio music speech and sonic interaction,bar position,"Smallest independently addressable bar position unit in audio music speech and sonic interaction, intended to be typed, referenced, transformed or validated without requiring a whole finished asset.",SRC-WEBAUDIO;SRC-MIDI;SRC-MUSICXML;SRC-WEBCODECS;SRC-WEBVTT,cross-standard,candidate,research-seed,True,
AXM-14-AUDIO-MUSIC-SPEECH-A-023-time-signature,atom,14-audio-music-speech,Audio music speech and sonic interaction,time signature,"Smallest independently addressable time signature unit in audio music speech and sonic interaction, intended to be typed, referenced, transformed or validated without requiring a whole finished asset.",SRC-WEBAUDIO;SRC-MIDI;SRC-MUSICXML;SRC-WEBCODECS;SRC-WEBVTT,cross-standard,candidate,research-seed,True,
AXM-14-AUDIO-MUSIC-SPEECH-A-024-key-signature,atom,14-audio-music-speech,Audio music speech and sonic interaction,key signature,"Smallest independently addressable key signature unit in audio music speech and sonic interaction, intended to be typed, referenced, transformed or validated without requiring a whole finished asset.",SRC-WEBAUDIO;SRC-MIDI;SRC-MUSICXML;SRC-WEBCODECS;SRC-WEBVTT,cross-standard,candidate,research-seed,True,
AXM-14-AUDIO-MUSIC-SPEECH-A-025-note-duration,atom,14-audio-music-speech,Audio music speech and sonic interaction,note duration,"Smallest independently addressable note duration unit in audio music speech and sonic interaction, intended to be typed, referenced, transformed or validated without requiring a whole finished asset.",SRC-WEBAUDIO;SRC-MIDI;SRC-MUSICXML;SRC-WEBCODECS;SRC-WEBVTT,cross-standard,candidate,research-seed,True,
AXM-14-AUDIO-MUSIC-SPEECH-A-026-articulation,atom,14-audio-music-speech,Audio music speech and sonic interaction,articulation,"Smallest independently addressable articulation unit in audio music speech and sonic interaction, intended to be typed, referenced, transformed or validated without requiring a whole finished asset.",SRC-WEBAUDIO;SRC-MIDI;SRC-MUSICXML;SRC-WEBCODECS;SRC-WEBVTT,cross-standard,candidate,research-seed,True,
AXM-14-AUDIO-MUSIC-SPEECH-A-027-lyric-syllable,atom,14-audio-music-speech,Audio music speech and sonic interaction,lyric syllable,"Smallest independently addressable lyric syllable unit in audio music speech and sonic interaction, intended to be typed, referenced, transformed or validated without requiring a whole finished asset.",SRC-WEBAUDIO;SRC-MIDI;SRC-MUSICXML;SRC-WEBCODECS;SRC-WEBVTT,cross-standard,candidate,research-seed,True,
AXM-14-AUDIO-MUSIC-SPEECH-A-028-phoneme,atom,14-audio-music-speech,Audio music speech and sonic interaction,phoneme,"Smallest independently addressable phoneme unit in audio music speech and sonic interaction, intended to be typed, referenced, transformed or validated without requiring a whole finished asset.",SRC-WEBAUDIO;SRC-MIDI;SRC-MUSICXML;SRC-WEBCODECS;SRC-WEBVTT,cross-standard,candidate,research-seed,True,
AXM-14-AUDIO-MUSIC-SPEECH-A-029-formant,atom,14-audio-music-speech,Audio music speech and sonic interaction,formant,"Smallest independently addressable formant unit in audio music speech and sonic interaction, intended to be typed, referenced, transformed or validated without requiring a whole finished asset.",SRC-WEBAUDIO;SRC-MIDI;SRC-MUSICXML;SRC-WEBCODECS;SRC-WEBVTT,cross-standard,candidate,research-seed,True,
AXM-14-AUDIO-MUSIC-SPEECH-A-030-speech-timestamp,atom,14-audio-music-speech,Audio music speech and sonic interaction,speech timestamp,"Smallest independently addressable speech timestamp unit in audio music speech and sonic interaction, intended to be typed, referenced, transformed or validated without requiring a whole finished asset.",SRC-WEBAUDIO;SRC-MIDI;SRC-MUSICXML;SRC-WEBCODECS;SRC-WEBVTT,cross-standard,candidate,research-seed,True,
AXM-14-AUDIO-MUSIC-SPEECH-A-031-speaker-identifier,atom,14-audio-music-speech,Audio music speech and sonic interaction,speaker identifier,"Smallest independently addressable speaker identifier unit in audio music speech and sonic interaction, intended to be typed, referenced, transformed or validated without requiring a whole finished asset.",SRC-WEBAUDIO;SRC-MIDI;SRC-MUSICXML;SRC-WEBCODECS;SRC-WEBVTT,cross-standard,candidate,research-seed,True,
AXM-14-AUDIO-MUSIC-SPEECH-A-032-spatial-position,atom,14-audio-music-speech,Audio music speech and sonic interaction,spatial position,"Smallest independently addressable spatial position unit in audio music speech and sonic interaction, intended to be typed, referenced, transformed or validated without requiring a whole finished asset.",SRC-WEBAUDIO;SRC-MIDI;SRC-MUSICXML;SRC-WEBCODECS;SRC-WEBVTT,cross-standard,candidate,research-seed,True,
AXM-14-AUDIO-MUSIC-SPEECH-A-033-orientation,atom,14-audio-music-speech,Audio music speech and sonic interaction,orientation,"Smallest independently addressable orientation unit in audio music speech and sonic interaction, intended to be typed, referenced, transformed or validated without requiring a whole finished asset.",SRC-WEBAUDIO;SRC-MIDI;SRC-MUSICXML;SRC-WEBCODECS;SRC-WEBVTT,cross-standard,candidate,research-seed,True,
AXM-14-AUDIO-MUSIC-SPEECH-A-034-attenuation-parameter,atom,14-audio-music-speech,Audio music speech and sonic interaction,attenuation parameter,"Smallest independently addressable attenuation parameter unit in audio music speech and sonic interaction, intended to be typed, referenced, transformed or validated without requiring a whole finished asset.",SRC-WEBAUDIO;SRC-MIDI;SRC-MUSICXML;SRC-WEBCODECS;SRC-WEBVTT,cross-standard,candidate,research-seed,True,
AXM-14-AUDIO-MUSIC-SPEECH-A-035-loop-point,atom,14-audio-music-speech,Audio music speech and sonic interaction,loop point,"Smallest independently addressable loop point unit in audio music speech and sonic interaction, intended to be typed, referenced, transformed or validated without requiring a whole finished asset.",SRC-WEBAUDIO;SRC-MIDI;SRC-MUSICXML;SRC-WEBCODECS;SRC-WEBVTT,cross-standard,candidate,research-seed,True,
AXM-14-AUDIO-MUSIC-SPEECH-A-036-cue-point,atom,14-audio-music-speech,Audio music speech and sonic interaction,cue point,"Smallest independently addressable cue point unit in audio music speech and sonic interaction, intended to be typed, referenced, transformed or validated without requiring a whole finished asset.",SRC-WEBAUDIO;SRC-MIDI;SRC-MUSICXML;SRC-WEBCODECS;SRC-WEBVTT,cross-standard,candidate,research-seed,True,
AXM-14-AUDIO-MUSIC-SPEECH-A-037-loudness-value,atom,14-audio-music-speech,Audio music speech and sonic interaction,loudness value,"Smallest independently addressable loudness value unit in audio music speech and sonic interaction, intended to be typed, referenced, transformed or validated without requiring a whole finished asset.",SRC-WEBAUDIO;SRC-MIDI;SRC-MUSICXML;SRC-WEBCODECS;SRC-WEBVTT,cross-standard,candidate,research-seed,True,
AXM-14-AUDIO-MUSIC-SPEECH-A-038-dynamic-marking,atom,14-audio-music-speech,Audio music speech and sonic interaction,dynamic marking,"Smallest independently addressable dynamic marking unit in audio music speech and sonic interaction, intended to be typed, referenced, transformed or validated without requiring a whole finished asset.",SRC-WEBAUDIO;SRC-MIDI;SRC-MUSICXML;SRC-WEBCODECS;SRC-WEBVTT,cross-standard,candidate,research-seed,True,
AXM-14-AUDIO-MUSIC-SPEECH-A-039-music-accidental,atom,14-audio-music-speech,Audio music speech and sonic interaction,music accidental,"Smallest independently addressable music accidental unit in audio music speech and sonic interaction, intended to be typed, referenced, transformed or validated without requiring a whole finished asset.",SRC-WEBAUDIO;SRC-MIDI;SRC-MUSICXML;SRC-WEBCODECS;SRC-WEBVTT,cross-standard,candidate,research-seed,True,
AXM-14-AUDIO-MUSIC-SPEECH-A-040-rest-value,atom,14-audio-music-speech,Audio music speech and sonic interaction,rest value,"Smallest independently addressable rest value unit in audio music speech and sonic interaction, intended to be typed, referenced, transformed or validated without requiring a whole finished asset.",SRC-WEBAUDIO;SRC-MIDI;SRC-MUSICXML;SRC-WEBCODECS;SRC-WEBVTT,cross-standard,candidate,research-seed,True,
AXM-14-AUDIO-MUSIC-SPEECH-A-041-harmony-symbol,atom,14-audio-music-speech,Audio music speech and sonic interaction,harmony symbol,"Smallest independently addressable harmony symbol unit in audio music speech and sonic interaction, intended to be typed, referenced, transformed or validated without requiring a whole finished asset.",SRC-WEBAUDIO;SRC-MIDI;SRC-MUSICXML;SRC-WEBCODECS;SRC-WEBVTT,cross-standard,candidate,research-seed,True,
AXM-14-AUDIO-MUSIC-SPEECH-C-001-audio-buffer,component,14-audio-music-speech,Audio music speech and sonic interaction,audio buffer,"Reusable audio buffer assembly in audio music speech and sonic interaction, with a bounded role and an interface that can be tested independently.",SRC-WEBAUDIO;SRC-MIDI;SRC-MUSICXML;SRC-WEBCODECS;SRC-WEBVTT,cross-standard,candidate,research-seed,True,
AXM-14-AUDIO-MUSIC-SPEECH-C-002-audio-clip,component,14-audio-music-speech,Audio music speech and sonic interaction,audio clip,"Reusable audio clip assembly in audio music speech and sonic interaction, with a bounded role and an interface that can be tested independently.",SRC-WEBAUDIO;SRC-MIDI;SRC-MUSICXML;SRC-WEBCODECS;SRC-WEBVTT,cross-standard,candidate,research-seed,True,
AXM-14-AUDIO-MUSIC-SPEECH-C-003-multichannel-stream,component,14-audio-music-speech,Audio music speech and sonic interaction,multichannel stream,"Reusable multichannel stream assembly in audio music speech and sonic interaction, with a bounded role and an interface that can be tested independently.",SRC-WEBAUDIO;SRC-MIDI;SRC-MUSICXML;SRC-WEBCODECS;SRC-WEBVTT,cross-standard,candidate,research-seed,True,
AXM-14-AUDIO-MUSIC-SPEECH-C-004-stem,component,14-audio-music-speech,Audio music speech and sonic interaction,stem,"Reusable stem assembly in audio music speech and sonic interaction, with a bounded role and an interface that can be tested independently.",SRC-WEBAUDIO;SRC-MIDI;SRC-MUSICXML;SRC-WEBCODECS;SRC-WEBVTT,cross-standard,candidate,research-seed,True,
AXM-14-AUDIO-MUSIC-SPEECH-C-005-loop,component,14-audio-music-speech,Audio music speech and sonic interaction,loop,"Reusable loop assembly in audio music speech and sonic interaction, with a bounded role and an interface that can be tested independently.",SRC-WEBAUDIO;SRC-MIDI;SRC-MUSICXML;SRC-WEBCODECS;SRC-WEBVTT,cross-standard,candidate,research-seed,True,
AXM-14-AUDIO-MUSIC-SPEECH-C-006-impulse-response,component,14-audio-music-speech,Audio music speech and sonic interaction,impulse response,"Reusable impulse response assembly in audio music speech and sonic interaction, with a bounded role and an interface that can be tested independently.",SRC-WEBAUDIO;SRC-MIDI;SRC-MUSICXML;SRC-WEBCODECS;SRC-WEBVTT,cross-standard,candidate,research-seed,True,
AXM-14-AUDIO-MUSIC-SPEECH-C-007-sample-instrument,component,14-audio-music-speech,Audio music speech and sonic interaction,sample instrument,"Reusable sample instrument assembly in audio music speech and sonic interaction, with a bounded role and an interface that can be tested independently.",SRC-WEBAUDIO;SRC-MIDI;SRC-MUSICXML;SRC-WEBCODECS;SRC-WEBVTT,cross-standard,candidate,research-seed,True,
AXM-14-AUDIO-MUSIC-SPEECH-C-008-synthesizer-patch,component,14-audio-music-speech,Audio music speech and sonic interaction,synthesizer patch,"Reusable synthesizer patch assembly in audio music speech and sonic interaction, with a bounded role and an interface that can be tested independently.",SRC-WEBAUDIO;SRC-MIDI;SRC-MUSICXML;SRC-WEBCODECS;SRC-WEBVTT,cross-standard,candidate,research-seed,True,
AXM-14-AUDIO-MUSIC-SPEECH-C-009-midi-sequence,component,14-audio-music-speech,Audio music speech and sonic interaction,MIDI sequence,"Reusable MIDI sequence assembly in audio music speech and sonic interaction, with a bounded role and an interface that can be tested independently.",SRC-WEBAUDIO;SRC-MIDI;SRC-MUSICXML;SRC-WEBCODECS;SRC-WEBVTT,cross-standard,candidate,research-seed,True,
AXM-14-AUDIO-MUSIC-SPEECH-C-010-musical-note,component,14-audio-music-speech,Audio music speech and sonic interaction,musical note,"Reusable musical note assembly in audio music speech and sonic interaction, with a bounded role and an interface that can be tested independently.",SRC-WEBAUDIO;SRC-MIDI;SRC-MUSICXML;SRC-WEBCODECS;SRC-WEBVTT,cross-standard,candidate,research-seed,True,
AXM-14-AUDIO-MUSIC-SPEECH-C-011-chord,component,14-audio-music-speech,Audio music speech and sonic interaction,chord,"Reusable chord assembly in audio music speech and sonic interaction, with a bounded role and an interface that can be tested independently.",SRC-WEBAUDIO;SRC-MIDI;SRC-MUSICXML;SRC-WEBCODECS;SRC-WEBVTT,cross-standard,candidate,research-seed,True,
AXM-14-AUDIO-MUSIC-SPEECH-C-012-measure,component,14-audio-music-speech,Audio music speech and sonic interaction,measure,"Reusable measure assembly in audio music speech and sonic interaction, with a bounded role and an interface that can be tested independently.",SRC-WEBAUDIO;SRC-MIDI;SRC-MUSICXML;SRC-WEBCODECS;SRC-WEBVTT,cross-standard,candidate,research-seed,True,
AXM-14-AUDIO-MUSIC-SPEECH-C-013-part,component,14-audio-music-speech,Audio music speech and sonic interaction,part,"Reusable part assembly in audio music speech and sonic interaction, with a bounded role and an interface that can be tested independently.",SRC-WEBAUDIO;SRC-MIDI;SRC-MUSICXML;SRC-WEBCODECS;SRC-WEBVTT,cross-standard,candidate,research-seed,True,
AXM-14-AUDIO-MUSIC-SPEECH-C-014-score,component,14-audio-music-speech,Audio music speech and sonic interaction,score,"Reusable score assembly in audio music speech and sonic interaction, with a bounded role and an interface that can be tested independently.",SRC-WEBAUDIO;SRC-MIDI;SRC-MUSICXML;SRC-WEBCODECS;SRC-WEBVTT,cross-standard,candidate,research-seed,True,
AXM-14-AUDIO-MUSIC-SPEECH-C-015-audio-track,component,14-audio-music-speech,Audio music speech and sonic interaction,audio track,"Reusable audio track assembly in audio music speech and sonic interaction, with a bounded role and an interface that can be tested independently.",SRC-WEBAUDIO;SRC-MIDI;SRC-MUSICXML;SRC-WEBCODECS;SRC-WEBVTT,cross-standard,candidate,research-seed,True,
AXM-14-AUDIO-MUSIC-SPEECH-C-016-bus,component,14-audio-music-speech,Audio music speech and sonic interaction,bus,"Reusable bus assembly in audio music speech and sonic interaction, with a bounded role and an interface that can be tested independently.",SRC-WEBAUDIO;SRC-MIDI;SRC-MUSICXML;SRC-WEBCODECS;SRC-WEBVTT,cross-standard,candidate,research-seed,True,
AXM-14-AUDIO-MUSIC-SPEECH-C-017-mixer-channel,component,14-audio-music-speech,Audio music speech and sonic interaction,mixer channel,"Reusable mixer channel assembly in audio music speech and sonic interaction, with a bounded role and an interface that can be tested independently.",SRC-WEBAUDIO;SRC-MIDI;SRC-MUSICXML;SRC-WEBCODECS;SRC-WEBVTT,cross-standard,candidate,research-seed,True,
AXM-14-AUDIO-MUSIC-SPEECH-C-018-effect-chain,component,14-audio-music-speech,Audio music speech and sonic interaction,effect chain,"Reusable effect chain assembly in audio music speech and sonic interaction, with a bounded role and an interface that can be tested independently.",SRC-WEBAUDIO;SRC-MIDI;SRC-MUSICXML;SRC-WEBCODECS;SRC-WEBVTT,cross-standard,candidate,research-seed,True,
AXM-14-AUDIO-MUSIC-SPEECH-C-019-audio-graph,component,14-audio-music-speech,Audio music speech and sonic interaction,audio graph,"Reusable audio graph assembly in audio music speech and sonic interaction, with a bounded role and an interface that can be tested independently.",SRC-WEBAUDIO;SRC-MIDI;SRC-MUSICXML;SRC-WEBCODECS;SRC-WEBVTT,cross-standard,candidate,research-seed,True,
AXM-14-AUDIO-MUSIC-SPEECH-C-020-spatial-audio-source,component,14-audio-music-speech,Audio music speech and sonic interaction,spatial-audio source,"Reusable spatial-audio source assembly in audio music speech and sonic interaction, with a bounded role and an interface that can be tested independently.",SRC-WEBAUDIO;SRC-MIDI;SRC-MUSICXML;SRC-WEBCODECS;SRC-WEBVTT,cross-standard,candidate,research-seed,True,
AXM-14-AUDIO-MUSIC-SPEECH-C-021-speech-segment,component,14-audio-music-speech,Audio music speech and sonic interaction,speech segment,"Reusable speech segment assembly in audio music speech and sonic interaction, with a bounded role and an interface that can be tested independently.",SRC-WEBAUDIO;SRC-MIDI;SRC-MUSICXML;SRC-WEBCODECS;SRC-WEBVTT,cross-standard,candidate,research-seed,True,
AXM-14-AUDIO-MUSIC-SPEECH-C-022-transcript,component,14-audio-music-speech,Audio music speech and sonic interaction,transcript,"Reusable transcript assembly in audio music speech and sonic interaction, with a bounded role and an interface that can be tested independently.",SRC-WEBAUDIO;SRC-MIDI;SRC-MUSICXML;SRC-WEBCODECS;SRC-WEBVTT,cross-standard,candidate,research-seed,True,
AXM-14-AUDIO-MUSIC-SPEECH-C-023-pronunciation-lexicon,component,14-audio-music-speech,Audio music speech and sonic interaction,pronunciation lexicon,"Reusable pronunciation lexicon assembly in audio music speech and sonic interaction, with a bounded role and an interface that can be tested independently.",SRC-WEBAUDIO;SRC-MIDI;SRC-MUSICXML;SRC-WEBCODECS;SRC-WEBVTT,cross-standard,candidate,research-seed,True,
AXM-14-AUDIO-MUSIC-SPEECH-C-024-voice-profile,component,14-audio-music-speech,Audio music speech and sonic interaction,voice profile,"Reusable voice profile assembly in audio music speech and sonic interaction, with a bounded role and an interface that can be tested independently.",SRC-WEBAUDIO;SRC-MIDI;SRC-MUSICXML;SRC-WEBCODECS;SRC-WEBVTT,cross-standard,candidate,research-seed,True,
AXM-14-AUDIO-MUSIC-SPEECH-C-025-alignment-map,component,14-audio-music-speech,Audio music speech and sonic interaction,alignment map,"Reusable alignment map assembly in audio music speech and sonic interaction, with a bounded role and an interface that can be tested independently.",SRC-WEBAUDIO;SRC-MIDI;SRC-MUSICXML;SRC-WEBCODECS;SRC-WEBVTT,cross-standard,candidate,research-seed,True,
AXM-14-AUDIO-MUSIC-SPEECH-C-026-caption-audio-synchronization-map,component,14-audio-music-speech,Audio music speech and sonic interaction,caption-audio synchronization map,"Reusable caption-audio synchronization map assembly in audio music speech and sonic interaction, with a bounded role and an interface that can be tested independently.",SRC-WEBAUDIO;SRC-MIDI;SRC-MUSICXML;SRC-WEBCODECS;SRC-WEBVTT,cross-standard,candidate,research-seed,True,
AXM-14-AUDIO-MUSIC-SPEECH-C-027-playlist,component,14-audio-music-speech,Audio music speech and sonic interaction,playlist,"Reusable playlist assembly in audio music speech and sonic interaction, with a bounded role and an interface that can be tested independently.",SRC-WEBAUDIO;SRC-MIDI;SRC-MUSICXML;SRC-WEBCODECS;SRC-WEBVTT,cross-standard,candidate,research-seed,True,
AXM-14-AUDIO-MUSIC-SPEECH-C-028-sound-bank,component,14-audio-music-speech,Audio music speech and sonic interaction,sound bank,"Reusable sound bank assembly in audio music speech and sonic interaction, with a bounded role and an interface that can be tested independently.",SRC-WEBAUDIO;SRC-MIDI;SRC-MUSICXML;SRC-WEBCODECS;SRC-WEBVTT,cross-standard,candidate,research-seed,True,
AXM-14-AUDIO-MUSIC-SPEECH-C-029-ambisonic-field,component,14-audio-music-speech,Audio music speech and sonic interaction,ambisonic field,"Reusable ambisonic field assembly in audio music speech and sonic interaction, with a bounded role and an interface that can be tested independently.",SRC-WEBAUDIO;SRC-MIDI;SRC-MUSICXML;SRC-WEBCODECS;SRC-WEBVTT,cross-standard,candidate,research-seed,True,
AXM-14-AUDIO-MUSIC-SPEECH-C-030-audio-scene,component,14-audio-music-speech,Audio music speech and sonic interaction,audio scene,"Reusable audio scene assembly in audio music speech and sonic interaction, with a bounded role and an interface that can be tested independently.",SRC-WEBAUDIO;SRC-MIDI;SRC-MUSICXML;SRC-WEBCODECS;SRC-WEBVTT,cross-standard,candidate,research-seed,True,
AXM-14-AUDIO-MUSIC-SPEECH-C-031-music-pattern,component,14-audio-music-speech,Audio music speech and sonic interaction,music pattern,"Reusable music pattern assembly in audio music speech and sonic interaction, with a bounded role and an interface that can be tested independently.",SRC-WEBAUDIO;SRC-MIDI;SRC-MUSICXML;SRC-WEBCODECS;SRC-WEBVTT,cross-standard,candidate,research-seed,True,
AXM-14-AUDIO-MUSIC-SPEECH-O-001-audio-engine,organ,14-audio-music-speech,Audio music speech and sonic interaction,audio engine,"Functional subsystem for audio engine in audio music speech and sonic interaction; orchestrates lower-level components, applies policy and emits results plus evidence.",SRC-WEBAUDIO;SRC-MIDI;SRC-MUSICXML;SRC-WEBCODECS;SRC-WEBVTT,cross-standard,candidate,research-seed,True,
AXM-14-AUDIO-MUSIC-SPEECH-O-002-mixer,organ,14-audio-music-speech,Audio music speech and sonic interaction,mixer,"Functional subsystem for mixer in audio music speech and sonic interaction; orchestrates lower-level components, applies policy and emits results plus evidence.",SRC-WEBAUDIO;SRC-MIDI;SRC-MUSICXML;SRC-WEBCODECS;SRC-WEBVTT,cross-standard,candidate,research-seed,True,
AXM-14-AUDIO-MUSIC-SPEECH-O-003-synthesizer,organ,14-audio-music-speech,Audio music speech and sonic interaction,synthesizer,"Functional subsystem for synthesizer in audio music speech and sonic interaction; orchestrates lower-level components, applies policy and emits results plus evidence.",SRC-WEBAUDIO;SRC-MIDI;SRC-MUSICXML;SRC-WEBCODECS;SRC-WEBVTT,cross-standard,candidate,research-seed,True,
AXM-14-AUDIO-MUSIC-SPEECH-O-004-sampler,organ,14-audio-music-speech,Audio music speech and sonic interaction,sampler,"Functional subsystem for sampler in audio music speech and sonic interaction; orchestrates lower-level components, applies policy and emits results plus evidence.",SRC-WEBAUDIO;SRC-MIDI;SRC-MUSICXML;SRC-WEBCODECS;SRC-WEBVTT,cross-standard,candidate,research-seed,True,
AXM-14-AUDIO-MUSIC-SPEECH-O-005-sequencer,organ,14-audio-music-speech,Audio music speech and sonic interaction,sequencer,"Functional subsystem for sequencer in audio music speech and sonic interaction; orchestrates lower-level components, applies policy and emits results plus evidence.",SRC-WEBAUDIO;SRC-MIDI;SRC-MUSICXML;SRC-WEBCODECS;SRC-WEBVTT,cross-standard,candidate,research-seed,True,
AXM-14-AUDIO-MUSIC-SPEECH-O-006-score-renderer,organ,14-audio-music-speech,Audio music speech and sonic interaction,score renderer,"Functional subsystem for score renderer in audio music speech and sonic interaction; orchestrates lower-level components, applies policy and emits results plus evidence.",SRC-WEBAUDIO;SRC-MIDI;SRC-MUSICXML;SRC-WEBCODECS;SRC-WEBVTT,cross-standard,candidate,research-seed,True,
AXM-14-AUDIO-MUSIC-SPEECH-O-007-audio-effect-processor,organ,14-audio-music-speech,Audio music speech and sonic interaction,audio-effect processor,"Functional subsystem for audio-effect processor in audio music speech and sonic interaction; orchestrates lower-level components, applies policy and emits results plus evidence.",SRC-WEBAUDIO;SRC-MIDI;SRC-MUSICXML;SRC-WEBCODECS;SRC-WEBVTT,cross-standard,candidate,research-seed,True,
AXM-14-AUDIO-MUSIC-SPEECH-O-008-spatial-audio-renderer,organ,14-audio-music-speech,Audio music speech and sonic interaction,spatial-audio renderer,"Functional subsystem for spatial-audio renderer in audio music speech and sonic interaction; orchestrates lower-level components, applies policy and emits results plus evidence.",SRC-WEBAUDIO;SRC-MIDI;SRC-MUSICXML;SRC-WEBCODECS;SRC-WEBVTT,cross-standard,candidate,research-seed,True,
AXM-14-AUDIO-MUSIC-SPEECH-O-009-audio-encoder-and-decoder,organ,14-audio-music-speech,Audio music speech and sonic interaction,audio encoder and decoder,"Functional subsystem for audio encoder and decoder in audio music speech and sonic interaction; orchestrates lower-level components, applies policy and emits results plus evidence.",SRC-WEBAUDIO;SRC-MIDI;SRC-MUSICXML;SRC-WEBCODECS;SRC-WEBVTT,cross-standard,candidate,research-seed,True,
AXM-14-AUDIO-MUSIC-SPEECH-O-010-speech-recognizer,organ,14-audio-music-speech,Audio music speech and sonic interaction,speech recognizer,"Functional subsystem for speech recognizer in audio music speech and sonic interaction; orchestrates lower-level components, applies policy and emits results plus evidence.",SRC-WEBAUDIO;SRC-MIDI;SRC-MUSICXML;SRC-WEBCODECS;SRC-WEBVTT,cross-standard,candidate,research-seed,True,
AXM-14-AUDIO-MUSIC-SPEECH-O-011-speech-synthesizer,organ,14-audio-music-speech,Audio music speech and sonic interaction,speech synthesizer,"Functional subsystem for speech synthesizer in audio music speech and sonic interaction; orchestrates lower-level components, applies policy and emits results plus evidence.",SRC-WEBAUDIO;SRC-MIDI;SRC-MUSICXML;SRC-WEBCODECS;SRC-WEBVTT,cross-standard,candidate,research-seed,True,
AXM-14-AUDIO-MUSIC-SPEECH-O-012-voice-manager,organ,14-audio-music-speech,Audio music speech and sonic interaction,voice manager,"Functional subsystem for voice manager in audio music speech and sonic interaction; orchestrates lower-level components, applies policy and emits results plus evidence.",SRC-WEBAUDIO;SRC-MIDI;SRC-MUSICXML;SRC-WEBCODECS;SRC-WEBVTT,cross-standard,candidate,research-seed,True,
AXM-14-AUDIO-MUSIC-SPEECH-O-013-loudness-analyzer,organ,14-audio-music-speech,Audio music speech and sonic interaction,loudness analyzer,"Functional subsystem for loudness analyzer in audio music speech and sonic interaction; orchestrates lower-level components, applies policy and emits results plus evidence.",SRC-WEBAUDIO;SRC-MIDI;SRC-MUSICXML;SRC-WEBCODECS;SRC-WEBVTT,cross-standard,candidate,research-seed,True,
AXM-14-AUDIO-MUSIC-SPEECH-O-014-music-generator,organ,14-audio-music-speech,Audio music speech and sonic interaction,music generator,"Functional subsystem for music generator in audio music speech and sonic interaction; orchestrates lower-level components, applies policy and emits results plus evidence.",SRC-WEBAUDIO;SRC-MIDI;SRC-MUSICXML;SRC-WEBCODECS;SRC-WEBVTT,cross-standard,candidate,research-seed,True,
AXM-14-AUDIO-MUSIC-SPEECH-O-015-audio-restoration-organ,organ,14-audio-music-speech,Audio music speech and sonic interaction,audio-restoration organ,"Functional subsystem for audio-restoration organ in audio music speech and sonic interaction; orchestrates lower-level components, applies policy and emits results plus evidence.",SRC-WEBAUDIO;SRC-MIDI;SRC-MUSICXML;SRC-WEBCODECS;SRC-WEBVTT,cross-standard,candidate,research-seed,True,
AXM-14-AUDIO-MUSIC-SPEECH-O-016-sound-event-detector,organ,14-audio-music-speech,Audio music speech and sonic interaction,sound-event detector,"Functional subsystem for sound-event detector in audio music speech and sonic interaction; orchestrates lower-level components, applies policy and emits results plus evidence.",SRC-WEBAUDIO;SRC-MIDI;SRC-MUSICXML;SRC-WEBCODECS;SRC-WEBVTT,cross-standard,candidate,research-seed,True,
AXM-14-AUDIO-MUSIC-SPEECH-O-017-music-notation-organ,organ,14-audio-music-speech,Audio music speech and sonic interaction,music-notation organ,"Functional subsystem for music-notation organ in audio music speech and sonic interaction; orchestrates lower-level components, applies policy and emits results plus evidence.",SRC-WEBAUDIO;SRC-MIDI;SRC-MUSICXML;SRC-WEBCODECS;SRC-WEBVTT,cross-standard,candidate,research-seed,True,
AXM-14-AUDIO-MUSIC-SPEECH-O-018-audio-mastering-organ,organ,14-audio-music-speech,Audio music speech and sonic interaction,audio-mastering organ,"Functional subsystem for audio-mastering organ in audio music speech and sonic interaction; orchestrates lower-level components, applies policy and emits results plus evidence.",SRC-WEBAUDIO;SRC-MIDI;SRC-MUSICXML;SRC-WEBCODECS;SRC-WEBVTT,cross-standard,candidate,research-seed,True,
AXM-15-SIMULATION-XR-A-001-mass,atom,15-simulation-xr,Simulation physics robotics navigation and XR,mass,"Smallest independently addressable mass unit in simulation physics robotics navigation and xr, intended to be typed, referenced, transformed or validated without requiring a whole finished asset.",SRC-USDPHYS;SRC-URDF;SRC-OPENXR;SRC-SCXML;SRC-OPENVDB,cross-standard,candidate,research-seed,True,
AXM-15-SIMULATION-XR-A-002-center-of-mass,atom,15-simulation-xr,Simulation physics robotics navigation and XR,center of mass,"Smallest independently addressable center of mass unit in simulation physics robotics navigation and xr, intended to be typed, referenced, transformed or validated without requiring a whole finished asset.",SRC-USDPHYS;SRC-URDF;SRC-OPENXR;SRC-SCXML;SRC-OPENVDB,cross-standard,candidate,research-seed,True,
AXM-15-SIMULATION-XR-A-003-inertia-tensor-element,atom,15-simulation-xr,Simulation physics robotics navigation and XR,inertia-tensor element,"Smallest independently addressable inertia-tensor element unit in simulation physics robotics navigation and xr, intended to be typed, referenced, transformed or validated without requiring a whole finished asset.",SRC-USDPHYS;SRC-URDF;SRC-OPENXR;SRC-SCXML;SRC-OPENVDB,cross-standard,candidate,research-seed,True,
AXM-15-SIMULATION-XR-A-004-position,atom,15-simulation-xr,Simulation physics robotics navigation and XR,position,"Smallest independently addressable position unit in simulation physics robotics navigation and xr, intended to be typed, referenced, transformed or validated without requiring a whole finished asset.",SRC-USDPHYS;SRC-URDF;SRC-OPENXR;SRC-SCXML;SRC-OPENVDB,cross-standard,candidate,research-seed,True,
AXM-15-SIMULATION-XR-A-005-orientation,atom,15-simulation-xr,Simulation physics robotics navigation and XR,orientation,"Smallest independently addressable orientation unit in simulation physics robotics navigation and xr, intended to be typed, referenced, transformed or validated without requiring a whole finished asset.",SRC-USDPHYS;SRC-URDF;SRC-OPENXR;SRC-SCXML;SRC-OPENVDB,cross-standard,candidate,research-seed,True,
AXM-15-SIMULATION-XR-A-006-linear-velocity,atom,15-simulation-xr,Simulation physics robotics navigation and XR,linear velocity,"Smallest independently addressable linear velocity unit in simulation physics robotics navigation and xr, intended to be typed, referenced, transformed or validated without requiring a whole finished asset.",SRC-USDPHYS;SRC-URDF;SRC-OPENXR;SRC-SCXML;SRC-OPENVDB,cross-standard,candidate,research-seed,True,
AXM-15-SIMULATION-XR-A-007-angular-velocity,atom,15-simulation-xr,Simulation physics robotics navigation and XR,angular velocity,"Smallest independently addressable angular velocity unit in simulation physics robotics navigation and xr, intended to be typed, referenced, transformed or validated without requiring a whole finished asset.",SRC-USDPHYS;SRC-URDF;SRC-OPENXR;SRC-SCXML;SRC-OPENVDB,cross-standard,candidate,research-seed,True,
AXM-15-SIMULATION-XR-A-008-force,atom,15-simulation-xr,Simulation physics robotics navigation and XR,force,"Smallest independently addressable force unit in simulation physics robotics navigation and xr, intended to be typed, referenced, transformed or validated without requiring a whole finished asset.",SRC-USDPHYS;SRC-URDF;SRC-OPENXR;SRC-SCXML;SRC-OPENVDB,cross-standard,candidate,research-seed,True,
AXM-15-SIMULATION-XR-A-009-torque,atom,15-simulation-xr,Simulation physics robotics navigation and XR,torque,"Smallest independently addressable torque unit in simulation physics robotics navigation and xr, intended to be typed, referenced, transformed or validated without requiring a whole finished asset.",SRC-USDPHYS;SRC-URDF;SRC-OPENXR;SRC-SCXML;SRC-OPENVDB,cross-standard,candidate,research-seed,True,
AXM-15-SIMULATION-XR-A-010-impulse,atom,15-simulation-xr,Simulation physics robotics navigation and XR,impulse,"Smallest independently addressable impulse unit in simulation physics robotics navigation and xr, intended to be typed, referenced, transformed or validated without requiring a whole finished asset.",SRC-USDPHYS;SRC-URDF;SRC-OPENXR;SRC-SCXML;SRC-OPENVDB,cross-standard,candidate,research-seed,True,
AXM-15-SIMULATION-XR-A-011-acceleration,atom,15-simulation-xr,Simulation physics robotics navigation and XR,acceleration,"Smallest independently addressable acceleration unit in simulation physics robotics navigation and xr, intended to be typed, referenced, transformed or validated without requiring a whole finished asset.",SRC-USDPHYS;SRC-URDF;SRC-OPENXR;SRC-SCXML;SRC-OPENVDB,cross-standard,candidate,research-seed,True,
AXM-15-SIMULATION-XR-A-012-gravity-value,atom,15-simulation-xr,Simulation physics robotics navigation and XR,gravity value,"Smallest independently addressable gravity value unit in simulation physics robotics navigation and xr, intended to be typed, referenced, transformed or validated without requiring a whole finished asset.",SRC-USDPHYS;SRC-URDF;SRC-OPENXR;SRC-SCXML;SRC-OPENVDB,cross-standard,candidate,research-seed,True,
AXM-15-SIMULATION-XR-A-013-friction,atom,15-simulation-xr,Simulation physics robotics navigation and XR,friction,"Smallest independently addressable friction unit in simulation physics robotics navigation and xr, intended to be typed, referenced, transformed or validated without requiring a whole finished asset.",SRC-USDPHYS;SRC-URDF;SRC-OPENXR;SRC-SCXML;SRC-OPENVDB,cross-standard,candidate,research-seed,True,
AXM-15-SIMULATION-XR-A-014-restitution,atom,15-simulation-xr,Simulation physics robotics navigation and XR,restitution,"Smallest independently addressable restitution unit in simulation physics robotics navigation and xr, intended to be typed, referenced, transformed or validated without requiring a whole finished asset.",SRC-USDPHYS;SRC-URDF;SRC-OPENXR;SRC-SCXML;SRC-OPENVDB,cross-standard,candidate,research-seed,True,
AXM-15-SIMULATION-XR-A-015-damping,atom,15-simulation-xr,Simulation physics robotics navigation and XR,damping,"Smallest independently addressable damping unit in simulation physics robotics navigation and xr, intended to be typed, referenced, transformed or validated without requiring a whole finished asset.",SRC-USDPHYS;SRC-URDF;SRC-OPENXR;SRC-SCXML;SRC-OPENVDB,cross-standard,candidate,research-seed,True,
AXM-15-SIMULATION-XR-A-016-collision-layer,atom,15-simulation-xr,Simulation physics robotics navigation and XR,collision layer,"Smallest independently addressable collision layer unit in simulation physics robotics navigation and xr, intended to be typed, referenced, transformed or validated without requiring a whole finished asset.",SRC-USDPHYS;SRC-URDF;SRC-OPENXR;SRC-SCXML;SRC-OPENVDB,cross-standard,candidate,research-seed,True,
AXM-15-SIMULATION-XR-A-017-contact-point,atom,15-simulation-xr,Simulation physics robotics navigation and XR,contact point,"Smallest independently addressable contact point unit in simulation physics robotics navigation and xr, intended to be typed, referenced, transformed or validated without requiring a whole finished asset.",SRC-USDPHYS;SRC-URDF;SRC-OPENXR;SRC-SCXML;SRC-OPENVDB,cross-standard,candidate,research-seed,True,
AXM-15-SIMULATION-XR-A-018-contact-normal,atom,15-simulation-xr,Simulation physics robotics navigation and XR,contact normal,"Smallest independently addressable contact normal unit in simulation physics robotics navigation and xr, intended to be typed, referenced, transformed or validated without requiring a whole finished asset.",SRC-USDPHYS;SRC-URDF;SRC-OPENXR;SRC-SCXML;SRC-OPENVDB,cross-standard,candidate,research-seed,True,
AXM-15-SIMULATION-XR-A-019-joint-axis,atom,15-simulation-xr,Simulation physics robotics navigation and XR,joint axis,"Smallest independently addressable joint axis unit in simulation physics robotics navigation and xr, intended to be typed, referenced, transformed or validated without requiring a whole finished asset.",SRC-USDPHYS;SRC-URDF;SRC-OPENXR;SRC-SCXML;SRC-OPENVDB,cross-standard,candidate,research-seed,True,
AXM-15-SIMULATION-XR-A-020-joint-limit,atom,15-simulation-xr,Simulation physics robotics navigation and XR,joint limit,"Smallest independently addressable joint limit unit in simulation physics robotics navigation and xr, intended to be typed, referenced, transformed or validated without requiring a whole finished asset.",SRC-USDPHYS;SRC-URDF;SRC-OPENXR;SRC-SCXML;SRC-OPENVDB,cross-standard,candidate,research-seed,True,
AXM-15-SIMULATION-XR-A-021-motor-target,atom,15-simulation-xr,Simulation physics robotics navigation and XR,motor target,"Smallest independently addressable motor target unit in simulation physics robotics navigation and xr, intended to be typed, referenced, transformed or validated without requiring a whole finished asset.",SRC-USDPHYS;SRC-URDF;SRC-OPENXR;SRC-SCXML;SRC-OPENVDB,cross-standard,candidate,research-seed,True,
AXM-15-SIMULATION-XR-A-022-constraint-error,atom,15-simulation-xr,Simulation physics robotics navigation and XR,constraint error,"Smallest independently addressable constraint error unit in simulation physics robotics navigation and xr, intended to be typed, referenced, transformed or validated without requiring a whole finished asset.",SRC-USDPHYS;SRC-URDF;SRC-OPENXR;SRC-SCXML;SRC-OPENVDB,cross-standard,candidate,research-seed,True,
AXM-15-SIMULATION-XR-A-023-time-step,atom,15-simulation-xr,Simulation physics robotics navigation and XR,time step,"Smallest independently addressable time step unit in simulation physics robotics navigation and xr, intended to be typed, referenced, transformed or validated without requiring a whole finished asset.",SRC-USDPHYS;SRC-URDF;SRC-OPENXR;SRC-SCXML;SRC-OPENVDB,cross-standard,candidate,research-seed,True,
AXM-15-SIMULATION-XR-A-024-solver-iteration,atom,15-simulation-xr,Simulation physics robotics navigation and XR,solver iteration,"Smallest independently addressable solver iteration unit in simulation physics robotics navigation and xr, intended to be typed, referenced, transformed or validated without requiring a whole finished asset.",SRC-USDPHYS;SRC-URDF;SRC-OPENXR;SRC-SCXML;SRC-OPENVDB,cross-standard,candidate,research-seed,True,
AXM-15-SIMULATION-XR-A-025-sensor-reading,atom,15-simulation-xr,Simulation physics robotics navigation and XR,sensor reading,"Smallest independently addressable sensor reading unit in simulation physics robotics navigation and xr, intended to be typed, referenced, transformed or validated without requiring a whole finished asset.",SRC-USDPHYS;SRC-URDF;SRC-OPENXR;SRC-SCXML;SRC-OPENVDB,cross-standard,candidate,research-seed,True,
AXM-15-SIMULATION-XR-A-026-actuator-command,atom,15-simulation-xr,Simulation physics robotics navigation and XR,actuator command,"Smallest independently addressable actuator command unit in simulation physics robotics navigation and xr, intended to be typed, referenced, transformed or validated without requiring a whole finished asset.",SRC-USDPHYS;SRC-URDF;SRC-OPENXR;SRC-SCXML;SRC-OPENVDB,cross-standard,candidate,research-seed,True,
AXM-15-SIMULATION-XR-A-027-robot-link-reference,atom,15-simulation-xr,Simulation physics robotics navigation and XR,robot-link reference,"Smallest independently addressable robot-link reference unit in simulation physics robotics navigation and xr, intended to be typed, referenced, transformed or validated without requiring a whole finished asset.",SRC-USDPHYS;SRC-URDF;SRC-OPENXR;SRC-SCXML;SRC-OPENVDB,cross-standard,candidate,research-seed,True,
AXM-15-SIMULATION-XR-A-028-robot-joint-reference,atom,15-simulation-xr,Simulation physics robotics navigation and XR,robot-joint reference,"Smallest independently addressable robot-joint reference unit in simulation physics robotics navigation and xr, intended to be typed, referenced, transformed or validated without requiring a whole finished asset.",SRC-USDPHYS;SRC-URDF;SRC-OPENXR;SRC-SCXML;SRC-OPENVDB,cross-standard,candidate,research-seed,True,
AXM-15-SIMULATION-XR-A-029-xr-space-reference,atom,15-simulation-xr,Simulation physics robotics navigation and XR,XR-space reference,"Smallest independently addressable XR-space reference unit in simulation physics robotics navigation and xr, intended to be typed, referenced, transformed or validated without requiring a whole finished asset.",SRC-USDPHYS;SRC-URDF;SRC-OPENXR;SRC-SCXML;SRC-OPENVDB,cross-standard,candidate,research-seed,True,
AXM-15-SIMULATION-XR-A-030-pose,atom,15-simulation-xr,Simulation physics robotics navigation and XR,pose,"Smallest independently addressable pose unit in simulation physics robotics navigation and xr, intended to be typed, referenced, transformed or validated without requiring a whole finished asset.",SRC-USDPHYS;SRC-URDF;SRC-OPENXR;SRC-SCXML;SRC-OPENVDB,cross-standard,candidate,research-seed,True,
AXM-15-SIMULATION-XR-A-031-action-state,atom,15-simulation-xr,Simulation physics robotics navigation and XR,action state,"Smallest independently addressable action state unit in simulation physics robotics navigation and xr, intended to be typed, referenced, transformed or validated without requiring a whole finished asset.",SRC-USDPHYS;SRC-URDF;SRC-OPENXR;SRC-SCXML;SRC-OPENVDB,cross-standard,candidate,research-seed,True,
AXM-15-SIMULATION-XR-A-032-interaction-path,atom,15-simulation-xr,Simulation physics robotics navigation and XR,interaction path,"Smallest independently addressable interaction path unit in simulation physics robotics navigation and xr, intended to be typed, referenced, transformed or validated without requiring a whole finished asset.",SRC-USDPHYS;SRC-URDF;SRC-OPENXR;SRC-SCXML;SRC-OPENVDB,cross-standard,candidate,research-seed,True,
AXM-15-SIMULATION-XR-A-033-haptic-amplitude,atom,15-simulation-xr,Simulation physics robotics navigation and XR,haptic amplitude,"Smallest independently addressable haptic amplitude unit in simulation physics robotics navigation and xr, intended to be typed, referenced, transformed or validated without requiring a whole finished asset.",SRC-USDPHYS;SRC-URDF;SRC-OPENXR;SRC-SCXML;SRC-OPENVDB,cross-standard,candidate,research-seed,True,
AXM-15-SIMULATION-XR-A-034-haptic-duration,atom,15-simulation-xr,Simulation physics robotics navigation and XR,haptic duration,"Smallest independently addressable haptic duration unit in simulation physics robotics navigation and xr, intended to be typed, referenced, transformed or validated without requiring a whole finished asset.",SRC-USDPHYS;SRC-URDF;SRC-OPENXR;SRC-SCXML;SRC-OPENVDB,cross-standard,candidate,research-seed,True,
AXM-15-SIMULATION-XR-A-035-field-value,atom,15-simulation-xr,Simulation physics robotics navigation and XR,field value,"Smallest independently addressable field value unit in simulation physics robotics navigation and xr, intended to be typed, referenced, transformed or validated without requiring a whole finished asset.",SRC-USDPHYS;SRC-URDF;SRC-OPENXR;SRC-SCXML;SRC-OPENVDB,cross-standard,candidate,research-seed,True,
AXM-15-SIMULATION-XR-A-036-particle-state,atom,15-simulation-xr,Simulation physics robotics navigation and XR,particle state,"Smallest independently addressable particle state unit in simulation physics robotics navigation and xr, intended to be typed, referenced, transformed or validated without requiring a whole finished asset.",SRC-USDPHYS;SRC-URDF;SRC-OPENXR;SRC-SCXML;SRC-OPENVDB,cross-standard,candidate,research-seed,True,
AXM-15-SIMULATION-XR-A-037-navigation-cost,atom,15-simulation-xr,Simulation physics robotics navigation and XR,navigation cost,"Smallest independently addressable navigation cost unit in simulation physics robotics navigation and xr, intended to be typed, referenced, transformed or validated without requiring a whole finished asset.",SRC-USDPHYS;SRC-URDF;SRC-OPENXR;SRC-SCXML;SRC-OPENVDB,cross-standard,candidate,research-seed,True,
AXM-15-SIMULATION-XR-A-038-path-waypoint,atom,15-simulation-xr,Simulation physics robotics navigation and XR,path waypoint,"Smallest independently addressable path waypoint unit in simulation physics robotics navigation and xr, intended to be typed, referenced, transformed or validated without requiring a whole finished asset.",SRC-USDPHYS;SRC-URDF;SRC-OPENXR;SRC-SCXML;SRC-OPENVDB,cross-standard,candidate,research-seed,True,
AXM-15-SIMULATION-XR-A-039-fluid-density,atom,15-simulation-xr,Simulation physics robotics navigation and XR,fluid density,"Smallest independently addressable fluid density unit in simulation physics robotics navigation and xr, intended to be typed, referenced, transformed or validated without requiring a whole finished asset.",SRC-USDPHYS;SRC-URDF;SRC-OPENXR;SRC-SCXML;SRC-OPENVDB,cross-standard,candidate,research-seed,True,
AXM-15-SIMULATION-XR-A-040-fluid-velocity,atom,15-simulation-xr,Simulation physics robotics navigation and XR,fluid velocity,"Smallest independently addressable fluid velocity unit in simulation physics robotics navigation and xr, intended to be typed, referenced, transformed or validated without requiring a whole finished asset.",SRC-USDPHYS;SRC-URDF;SRC-OPENXR;SRC-SCXML;SRC-OPENVDB,cross-standard,candidate,research-seed,True,
AXM-15-SIMULATION-XR-A-041-temperature-sample,atom,15-simulation-xr,Simulation physics robotics navigation and XR,temperature sample,"Smallest independently addressable temperature sample unit in simulation physics robotics navigation and xr, intended to be typed, referenced, transformed or validated without requiring a whole finished asset.",SRC-USDPHYS;SRC-URDF;SRC-OPENXR;SRC-SCXML;SRC-OPENVDB,cross-standard,candidate,research-seed,True,
AXM-15-SIMULATION-XR-A-042-pressure-sample,atom,15-simulation-xr,Simulation physics robotics navigation and XR,pressure sample,"Smallest independently addressable pressure sample unit in simulation physics robotics navigation and xr, intended to be typed, referenced, transformed or validated without requiring a whole finished asset.",SRC-USDPHYS;SRC-URDF;SRC-OPENXR;SRC-SCXML;SRC-OPENVDB,cross-standard,candidate,research-seed,True,
AXM-15-SIMULATION-XR-C-001-rigid-body,component,15-simulation-xr,Simulation physics robotics navigation and XR,rigid body,"Reusable rigid body assembly in simulation physics robotics navigation and xr, with a bounded role and an interface that can be tested independently.",SRC-USDPHYS;SRC-URDF;SRC-OPENXR;SRC-SCXML;SRC-OPENVDB,cross-standard,candidate,research-seed,True,
AXM-15-SIMULATION-XR-C-002-soft-body,component,15-simulation-xr,Simulation physics robotics navigation and XR,soft body,"Reusable soft body assembly in simulation physics robotics navigation and xr, with a bounded role and an interface that can be tested independently.",SRC-USDPHYS;SRC-URDF;SRC-OPENXR;SRC-SCXML;SRC-OPENVDB,cross-standard,candidate,research-seed,True,
AXM-15-SIMULATION-XR-C-003-collider,component,15-simulation-xr,Simulation physics robotics navigation and XR,collider,"Reusable collider assembly in simulation physics robotics navigation and xr, with a bounded role and an interface that can be tested independently.",SRC-USDPHYS;SRC-URDF;SRC-OPENXR;SRC-SCXML;SRC-OPENVDB,cross-standard,candidate,research-seed,True,
AXM-15-SIMULATION-XR-C-004-collision-pair,component,15-simulation-xr,Simulation physics robotics navigation and XR,collision pair,"Reusable collision pair assembly in simulation physics robotics navigation and xr, with a bounded role and an interface that can be tested independently.",SRC-USDPHYS;SRC-URDF;SRC-OPENXR;SRC-SCXML;SRC-OPENVDB,cross-standard,candidate,research-seed,True,
AXM-15-SIMULATION-XR-C-005-physical-constraint,component,15-simulation-xr,Simulation physics robotics navigation and XR,physical constraint,"Reusable physical constraint assembly in simulation physics robotics navigation and xr, with a bounded role and an interface that can be tested independently.",SRC-USDPHYS;SRC-URDF;SRC-OPENXR;SRC-SCXML;SRC-OPENVDB,cross-standard,candidate,research-seed,True,
AXM-15-SIMULATION-XR-C-006-joint,component,15-simulation-xr,Simulation physics robotics navigation and XR,joint,"Reusable joint assembly in simulation physics robotics navigation and xr, with a bounded role and an interface that can be tested independently.",SRC-USDPHYS;SRC-URDF;SRC-OPENXR;SRC-SCXML;SRC-OPENVDB,cross-standard,candidate,research-seed,True,
AXM-15-SIMULATION-XR-C-007-motor,component,15-simulation-xr,Simulation physics robotics navigation and XR,motor,"Reusable motor assembly in simulation physics robotics navigation and xr, with a bounded role and an interface that can be tested independently.",SRC-USDPHYS;SRC-URDF;SRC-OPENXR;SRC-SCXML;SRC-OPENVDB,cross-standard,candidate,research-seed,True,
AXM-15-SIMULATION-XR-C-008-character-controller,component,15-simulation-xr,Simulation physics robotics navigation and XR,character controller,"Reusable character controller assembly in simulation physics robotics navigation and xr, with a bounded role and an interface that can be tested independently.",SRC-USDPHYS;SRC-URDF;SRC-OPENXR;SRC-SCXML;SRC-OPENVDB,cross-standard,candidate,research-seed,True,
AXM-15-SIMULATION-XR-C-009-particle-system,component,15-simulation-xr,Simulation physics robotics navigation and XR,particle system,"Reusable particle system assembly in simulation physics robotics navigation and xr, with a bounded role and an interface that can be tested independently.",SRC-USDPHYS;SRC-URDF;SRC-OPENXR;SRC-SCXML;SRC-OPENVDB,cross-standard,candidate,research-seed,True,
AXM-15-SIMULATION-XR-C-010-fluid-grid,component,15-simulation-xr,Simulation physics robotics navigation and XR,fluid grid,"Reusable fluid grid assembly in simulation physics robotics navigation and xr, with a bounded role and an interface that can be tested independently.",SRC-USDPHYS;SRC-URDF;SRC-OPENXR;SRC-SCXML;SRC-OPENVDB,cross-standard,candidate,research-seed,True,
AXM-15-SIMULATION-XR-C-011-cloth-mesh,component,15-simulation-xr,Simulation physics robotics navigation and XR,cloth mesh,"Reusable cloth mesh assembly in simulation physics robotics navigation and xr, with a bounded role and an interface that can be tested independently.",SRC-USDPHYS;SRC-URDF;SRC-OPENXR;SRC-SCXML;SRC-OPENVDB,cross-standard,candidate,research-seed,True,
AXM-15-SIMULATION-XR-C-012-destruction-cluster,component,15-simulation-xr,Simulation physics robotics navigation and XR,destruction cluster,"Reusable destruction cluster assembly in simulation physics robotics navigation and xr, with a bounded role and an interface that can be tested independently.",SRC-USDPHYS;SRC-URDF;SRC-OPENXR;SRC-SCXML;SRC-OPENVDB,cross-standard,candidate,research-seed,True,
AXM-15-SIMULATION-XR-C-013-simulation-world,component,15-simulation-xr,Simulation physics robotics navigation and XR,simulation world,"Reusable simulation world assembly in simulation physics robotics navigation and xr, with a bounded role and an interface that can be tested independently.",SRC-USDPHYS;SRC-URDF;SRC-OPENXR;SRC-SCXML;SRC-OPENVDB,cross-standard,candidate,research-seed,True,
AXM-15-SIMULATION-XR-C-014-solver-configuration,component,15-simulation-xr,Simulation physics robotics navigation and XR,solver configuration,"Reusable solver configuration assembly in simulation physics robotics navigation and xr, with a bounded role and an interface that can be tested independently.",SRC-USDPHYS;SRC-URDF;SRC-OPENXR;SRC-SCXML;SRC-OPENVDB,cross-standard,candidate,research-seed,True,
AXM-15-SIMULATION-XR-C-015-robot-link,component,15-simulation-xr,Simulation physics robotics navigation and XR,robot link,"Reusable robot link assembly in simulation physics robotics navigation and xr, with a bounded role and an interface that can be tested independently.",SRC-USDPHYS;SRC-URDF;SRC-OPENXR;SRC-SCXML;SRC-OPENVDB,cross-standard,candidate,research-seed,True,
AXM-15-SIMULATION-XR-C-016-robot-joint,component,15-simulation-xr,Simulation physics robotics navigation and XR,robot joint,"Reusable robot joint assembly in simulation physics robotics navigation and xr, with a bounded role and an interface that can be tested independently.",SRC-USDPHYS;SRC-URDF;SRC-OPENXR;SRC-SCXML;SRC-OPENVDB,cross-standard,candidate,research-seed,True,
AXM-15-SIMULATION-XR-C-017-robot-model,component,15-simulation-xr,Simulation physics robotics navigation and XR,robot model,"Reusable robot model assembly in simulation physics robotics navigation and xr, with a bounded role and an interface that can be tested independently.",SRC-USDPHYS;SRC-URDF;SRC-OPENXR;SRC-SCXML;SRC-OPENVDB,cross-standard,candidate,research-seed,True,
AXM-15-SIMULATION-XR-C-018-kinematic-chain,component,15-simulation-xr,Simulation physics robotics navigation and XR,kinematic chain,"Reusable kinematic chain assembly in simulation physics robotics navigation and xr, with a bounded role and an interface that can be tested independently.",SRC-USDPHYS;SRC-URDF;SRC-OPENXR;SRC-SCXML;SRC-OPENVDB,cross-standard,candidate,research-seed,True,
AXM-15-SIMULATION-XR-C-019-sensor-model,component,15-simulation-xr,Simulation physics robotics navigation and XR,sensor model,"Reusable sensor model assembly in simulation physics robotics navigation and xr, with a bounded role and an interface that can be tested independently.",SRC-USDPHYS;SRC-URDF;SRC-OPENXR;SRC-SCXML;SRC-OPENVDB,cross-standard,candidate,research-seed,True,
AXM-15-SIMULATION-XR-C-020-actuator-model,component,15-simulation-xr,Simulation physics robotics navigation and XR,actuator model,"Reusable actuator model assembly in simulation physics robotics navigation and xr, with a bounded role and an interface that can be tested independently.",SRC-USDPHYS;SRC-URDF;SRC-OPENXR;SRC-SCXML;SRC-OPENVDB,cross-standard,candidate,research-seed,True,
AXM-15-SIMULATION-XR-C-021-navigation-mesh,component,15-simulation-xr,Simulation physics robotics navigation and XR,navigation mesh,"Reusable navigation mesh assembly in simulation physics robotics navigation and xr, with a bounded role and an interface that can be tested independently.",SRC-USDPHYS;SRC-URDF;SRC-OPENXR;SRC-SCXML;SRC-OPENVDB,cross-standard,candidate,research-seed,True,
AXM-15-SIMULATION-XR-C-022-navigation-path,component,15-simulation-xr,Simulation physics robotics navigation and XR,navigation path,"Reusable navigation path assembly in simulation physics robotics navigation and xr, with a bounded role and an interface that can be tested independently.",SRC-USDPHYS;SRC-URDF;SRC-OPENXR;SRC-SCXML;SRC-OPENVDB,cross-standard,candidate,research-seed,True,
AXM-15-SIMULATION-XR-C-023-xr-action-set,component,15-simulation-xr,Simulation physics robotics navigation and XR,XR action set,"Reusable XR action set assembly in simulation physics robotics navigation and xr, with a bounded role and an interface that can be tested independently.",SRC-USDPHYS;SRC-URDF;SRC-OPENXR;SRC-SCXML;SRC-OPENVDB,cross-standard,candidate,research-seed,True,
AXM-15-SIMULATION-XR-C-024-interaction-profile,component,15-simulation-xr,Simulation physics robotics navigation and XR,interaction profile,"Reusable interaction profile assembly in simulation physics robotics navigation and xr, with a bounded role and an interface that can be tested independently.",SRC-USDPHYS;SRC-URDF;SRC-OPENXR;SRC-SCXML;SRC-OPENVDB,cross-standard,candidate,research-seed,True,
AXM-15-SIMULATION-XR-C-025-reference-space,component,15-simulation-xr,Simulation physics robotics navigation and XR,reference space,"Reusable reference space assembly in simulation physics robotics navigation and xr, with a bounded role and an interface that can be tested independently.",SRC-USDPHYS;SRC-URDF;SRC-OPENXR;SRC-SCXML;SRC-OPENVDB,cross-standard,candidate,research-seed,True,
AXM-15-SIMULATION-XR-C-026-view-configuration,component,15-simulation-xr,Simulation physics robotics navigation and XR,view configuration,"Reusable view configuration assembly in simulation physics robotics navigation and xr, with a bounded role and an interface that can be tested independently.",SRC-USDPHYS;SRC-URDF;SRC-OPENXR;SRC-SCXML;SRC-OPENVDB,cross-standard,candidate,research-seed,True,
AXM-15-SIMULATION-XR-C-027-composition-layer,component,15-simulation-xr,Simulation physics robotics navigation and XR,composition layer,"Reusable composition layer assembly in simulation physics robotics navigation and xr, with a bounded role and an interface that can be tested independently.",SRC-USDPHYS;SRC-URDF;SRC-OPENXR;SRC-SCXML;SRC-OPENVDB,cross-standard,candidate,research-seed,True,
AXM-15-SIMULATION-XR-C-028-haptic-pattern,component,15-simulation-xr,Simulation physics robotics navigation and XR,haptic pattern,"Reusable haptic pattern assembly in simulation physics robotics navigation and xr, with a bounded role and an interface that can be tested independently.",SRC-USDPHYS;SRC-URDF;SRC-OPENXR;SRC-SCXML;SRC-OPENVDB,cross-standard,candidate,research-seed,True,
AXM-15-SIMULATION-XR-C-029-physics-material,component,15-simulation-xr,Simulation physics robotics navigation and XR,physics material,"Reusable physics material assembly in simulation physics robotics navigation and xr, with a bounded role and an interface that can be tested independently.",SRC-USDPHYS;SRC-URDF;SRC-OPENXR;SRC-SCXML;SRC-OPENVDB,cross-standard,candidate,research-seed,True,
AXM-15-SIMULATION-XR-C-030-simulation-cache,component,15-simulation-xr,Simulation physics robotics navigation and XR,simulation cache,"Reusable simulation cache assembly in simulation physics robotics navigation and xr, with a bounded role and an interface that can be tested independently.",SRC-USDPHYS;SRC-URDF;SRC-OPENXR;SRC-SCXML;SRC-OPENVDB,cross-standard,candidate,research-seed,True,
AXM-15-SIMULATION-XR-C-031-occupancy-grid,component,15-simulation-xr,Simulation physics robotics navigation and XR,occupancy grid,"Reusable occupancy grid assembly in simulation physics robotics navigation and xr, with a bounded role and an interface that can be tested independently.",SRC-USDPHYS;SRC-URDF;SRC-OPENXR;SRC-SCXML;SRC-OPENVDB,cross-standard,candidate,research-seed,True,
AXM-15-SIMULATION-XR-O-001-physics-engine,organ,15-simulation-xr,Simulation physics robotics navigation and XR,physics engine,"Functional subsystem for physics engine in simulation physics robotics navigation and xr; orchestrates lower-level components, applies policy and emits results plus evidence.",SRC-USDPHYS;SRC-URDF;SRC-OPENXR;SRC-SCXML;SRC-OPENVDB,cross-standard,candidate,research-seed,True,
AXM-15-SIMULATION-XR-O-002-collision-detector,organ,15-simulation-xr,Simulation physics robotics navigation and XR,collision detector,"Functional subsystem for collision detector in simulation physics robotics navigation and xr; orchestrates lower-level components, applies policy and emits results plus evidence.",SRC-USDPHYS;SRC-URDF;SRC-OPENXR;SRC-SCXML;SRC-OPENVDB,cross-standard,candidate,research-seed,True,
AXM-15-SIMULATION-XR-O-003-rigid-body-solver,organ,15-simulation-xr,Simulation physics robotics navigation and XR,rigid-body solver,"Functional subsystem for rigid-body solver in simulation physics robotics navigation and xr; orchestrates lower-level components, applies policy and emits results plus evidence.",SRC-USDPHYS;SRC-URDF;SRC-OPENXR;SRC-SCXML;SRC-OPENVDB,cross-standard,candidate,research-seed,True,
AXM-15-SIMULATION-XR-O-004-soft-body-solver,organ,15-simulation-xr,Simulation physics robotics navigation and XR,soft-body solver,"Functional subsystem for soft-body solver in simulation physics robotics navigation and xr; orchestrates lower-level components, applies policy and emits results plus evidence.",SRC-USDPHYS;SRC-URDF;SRC-OPENXR;SRC-SCXML;SRC-OPENVDB,cross-standard,candidate,research-seed,True,
AXM-15-SIMULATION-XR-O-005-fluid-simulator,organ,15-simulation-xr,Simulation physics robotics navigation and XR,fluid simulator,"Functional subsystem for fluid simulator in simulation physics robotics navigation and xr; orchestrates lower-level components, applies policy and emits results plus evidence.",SRC-USDPHYS;SRC-URDF;SRC-OPENXR;SRC-SCXML;SRC-OPENVDB,cross-standard,candidate,research-seed,True,
AXM-15-SIMULATION-XR-O-006-particle-simulator,organ,15-simulation-xr,Simulation physics robotics navigation and XR,particle simulator,"Functional subsystem for particle simulator in simulation physics robotics navigation and xr; orchestrates lower-level components, applies policy and emits results plus evidence.",SRC-USDPHYS;SRC-URDF;SRC-OPENXR;SRC-SCXML;SRC-OPENVDB,cross-standard,candidate,research-seed,True,
AXM-15-SIMULATION-XR-O-007-cloth-simulator,organ,15-simulation-xr,Simulation physics robotics navigation and XR,cloth simulator,"Functional subsystem for cloth simulator in simulation physics robotics navigation and xr; orchestrates lower-level components, applies policy and emits results plus evidence.",SRC-USDPHYS;SRC-URDF;SRC-OPENXR;SRC-SCXML;SRC-OPENVDB,cross-standard,candidate,research-seed,True,
AXM-15-SIMULATION-XR-O-008-robotics-kinematics-organ,organ,15-simulation-xr,Simulation physics robotics navigation and XR,robotics-kinematics organ,"Functional subsystem for robotics-kinematics organ in simulation physics robotics navigation and xr; orchestrates lower-level components, applies policy and emits results plus evidence.",SRC-USDPHYS;SRC-URDF;SRC-OPENXR;SRC-SCXML;SRC-OPENVDB,cross-standard,candidate,research-seed,True,
AXM-15-SIMULATION-XR-O-009-robotics-dynamics-organ,organ,15-simulation-xr,Simulation physics robotics navigation and XR,robotics-dynamics organ,"Functional subsystem for robotics-dynamics organ in simulation physics robotics navigation and xr; orchestrates lower-level components, applies policy and emits results plus evidence.",SRC-USDPHYS;SRC-URDF;SRC-OPENXR;SRC-SCXML;SRC-OPENVDB,cross-standard,candidate,research-seed,True,
AXM-15-SIMULATION-XR-O-010-navigation-and-pathfinding-organ,organ,15-simulation-xr,Simulation physics robotics navigation and XR,navigation and pathfinding organ,"Functional subsystem for navigation and pathfinding organ in simulation physics robotics navigation and xr; orchestrates lower-level components, applies policy and emits results plus evidence.",SRC-USDPHYS;SRC-URDF;SRC-OPENXR;SRC-SCXML;SRC-OPENVDB,cross-standard,candidate,research-seed,True,
AXM-15-SIMULATION-XR-O-011-sensor-fusion-organ,organ,15-simulation-xr,Simulation physics robotics navigation and XR,sensor-fusion organ,"Functional subsystem for sensor-fusion organ in simulation physics robotics navigation and xr; orchestrates lower-level components, applies policy and emits results plus evidence.",SRC-USDPHYS;SRC-URDF;SRC-OPENXR;SRC-SCXML;SRC-OPENVDB,cross-standard,candidate,research-seed,True,
AXM-15-SIMULATION-XR-O-012-xr-runtime-adapter,organ,15-simulation-xr,Simulation physics robotics navigation and XR,XR-runtime adapter,"Functional subsystem for XR-runtime adapter in simulation physics robotics navigation and xr; orchestrates lower-level components, applies policy and emits results plus evidence.",SRC-USDPHYS;SRC-URDF;SRC-OPENXR;SRC-SCXML;SRC-OPENVDB,cross-standard,candidate,research-seed,True,
AXM-15-SIMULATION-XR-O-013-haptics-organ,organ,15-simulation-xr,Simulation physics robotics navigation and XR,haptics organ,"Functional subsystem for haptics organ in simulation physics robotics navigation and xr; orchestrates lower-level components, applies policy and emits results plus evidence.",SRC-USDPHYS;SRC-URDF;SRC-OPENXR;SRC-SCXML;SRC-OPENVDB,cross-standard,candidate,research-seed,True,
AXM-15-SIMULATION-XR-O-014-simulation-recorder,organ,15-simulation-xr,Simulation physics robotics navigation and XR,simulation recorder,"Functional subsystem for simulation recorder in simulation physics robotics navigation and xr; orchestrates lower-level components, applies policy and emits results plus evidence.",SRC-USDPHYS;SRC-URDF;SRC-OPENXR;SRC-SCXML;SRC-OPENVDB,cross-standard,candidate,research-seed,True,
AXM-15-SIMULATION-XR-O-015-deterministic-replay-organ,organ,15-simulation-xr,Simulation physics robotics navigation and XR,deterministic-replay organ,"Functional subsystem for deterministic-replay organ in simulation physics robotics navigation and xr; orchestrates lower-level components, applies policy and emits results plus evidence.",SRC-USDPHYS;SRC-URDF;SRC-OPENXR;SRC-SCXML;SRC-OPENVDB,cross-standard,candidate,research-seed,True,
AXM-15-SIMULATION-XR-O-016-field-simulator,organ,15-simulation-xr,Simulation physics robotics navigation and XR,field simulator,"Functional subsystem for field simulator in simulation physics robotics navigation and xr; orchestrates lower-level components, applies policy and emits results plus evidence.",SRC-USDPHYS;SRC-URDF;SRC-OPENXR;SRC-SCXML;SRC-OPENVDB,cross-standard,candidate,research-seed,True,
AXM-15-SIMULATION-XR-O-017-destruction-simulator,organ,15-simulation-xr,Simulation physics robotics navigation and XR,destruction simulator,"Functional subsystem for destruction simulator in simulation physics robotics navigation and xr; orchestrates lower-level components, applies policy and emits results plus evidence.",SRC-USDPHYS;SRC-URDF;SRC-OPENXR;SRC-SCXML;SRC-OPENVDB,cross-standard,candidate,research-seed,True,
AXM-15-SIMULATION-XR-O-018-simulation-validator,organ,15-simulation-xr,Simulation physics robotics navigation and XR,simulation validator,"Functional subsystem for simulation validator in simulation physics robotics navigation and xr; orchestrates lower-level components, applies policy and emits results plus evidence.",SRC-USDPHYS;SRC-URDF;SRC-OPENXR;SRC-SCXML;SRC-OPENVDB,cross-standard,candidate,research-seed,True,
AXM-16-GAMES-A-001-entity-identifier,atom,16-games,Games interactive worlds and playable systems,entity identifier,"Smallest independently addressable entity identifier unit in games interactive worlds and playable systems, intended to be typed, referenced, transformed or validated without requiring a whole finished asset.",SRC-GLTF;SRC-USDPHYS;SRC-SCXML;SRC-OPENXR;SRC-WEBAUDIO,cross-standard,candidate,research-seed,True,
AXM-16-GAMES-A-002-component-identifier,atom,16-games,Games interactive worlds and playable systems,component identifier,"Smallest independently addressable component identifier unit in games interactive worlds and playable systems, intended to be typed, referenced, transformed or validated without requiring a whole finished asset.",SRC-GLTF;SRC-USDPHYS;SRC-SCXML;SRC-OPENXR;SRC-WEBAUDIO,cross-standard,candidate,research-seed,True,
AXM-16-GAMES-A-003-system-identifier,atom,16-games,Games interactive worlds and playable systems,system identifier,"Smallest independently addressable system identifier unit in games interactive worlds and playable systems, intended to be typed, referenced, transformed or validated without requiring a whole finished asset.",SRC-GLTF;SRC-USDPHYS;SRC-SCXML;SRC-OPENXR;SRC-WEBAUDIO,cross-standard,candidate,research-seed,True,
AXM-16-GAMES-A-004-gameplay-tag,atom,16-games,Games interactive worlds and playable systems,gameplay tag,"Smallest independently addressable gameplay tag unit in games interactive worlds and playable systems, intended to be typed, referenced, transformed or validated without requiring a whole finished asset.",SRC-GLTF;SRC-USDPHYS;SRC-SCXML;SRC-OPENXR;SRC-WEBAUDIO,cross-standard,candidate,research-seed,True,
AXM-16-GAMES-A-005-stat-value,atom,16-games,Games interactive worlds and playable systems,stat value,"Smallest independently addressable stat value unit in games interactive worlds and playable systems, intended to be typed, referenced, transformed or validated without requiring a whole finished asset.",SRC-GLTF;SRC-USDPHYS;SRC-SCXML;SRC-OPENXR;SRC-WEBAUDIO,cross-standard,candidate,research-seed,True,
AXM-16-GAMES-A-006-resource-value,atom,16-games,Games interactive worlds and playable systems,resource value,"Smallest independently addressable resource value unit in games interactive worlds and playable systems, intended to be typed, referenced, transformed or validated without requiring a whole finished asset.",SRC-GLTF;SRC-USDPHYS;SRC-SCXML;SRC-OPENXR;SRC-WEBAUDIO,cross-standard,candidate,research-seed,True,
AXM-16-GAMES-A-007-health-value,atom,16-games,Games interactive worlds and playable systems,health value,"Smallest independently addressable health value unit in games interactive worlds and playable systems, intended to be typed, referenced, transformed or validated without requiring a whole finished asset.",SRC-GLTF;SRC-USDPHYS;SRC-SCXML;SRC-OPENXR;SRC-WEBAUDIO,cross-standard,candidate,research-seed,True,
AXM-16-GAMES-A-008-score-value,atom,16-games,Games interactive worlds and playable systems,score value,"Smallest independently addressable score value unit in games interactive worlds and playable systems, intended to be typed, referenced, transformed or validated without requiring a whole finished asset.",SRC-GLTF;SRC-USDPHYS;SRC-SCXML;SRC-OPENXR;SRC-WEBAUDIO,cross-standard,candidate,research-seed,True,
AXM-16-GAMES-A-009-input-action,atom,16-games,Games interactive worlds and playable systems,input action,"Smallest independently addressable input action unit in games interactive worlds and playable systems, intended to be typed, referenced, transformed or validated without requiring a whole finished asset.",SRC-GLTF;SRC-USDPHYS;SRC-SCXML;SRC-OPENXR;SRC-WEBAUDIO,cross-standard,candidate,research-seed,True,
AXM-16-GAMES-A-010-trigger-volume,atom,16-games,Games interactive worlds and playable systems,trigger volume,"Smallest independently addressable trigger volume unit in games interactive worlds and playable systems, intended to be typed, referenced, transformed or validated without requiring a whole finished asset.",SRC-GLTF;SRC-USDPHYS;SRC-SCXML;SRC-OPENXR;SRC-WEBAUDIO,cross-standard,candidate,research-seed,True,
AXM-16-GAMES-A-011-spawn-point,atom,16-games,Games interactive worlds and playable systems,spawn point,"Smallest independently addressable spawn point unit in games interactive worlds and playable systems, intended to be typed, referenced, transformed or validated without requiring a whole finished asset.",SRC-GLTF;SRC-USDPHYS;SRC-SCXML;SRC-OPENXR;SRC-WEBAUDIO,cross-standard,candidate,research-seed,True,
AXM-16-GAMES-A-012-waypoint,atom,16-games,Games interactive worlds and playable systems,waypoint,"Smallest independently addressable waypoint unit in games interactive worlds and playable systems, intended to be typed, referenced, transformed or validated without requiring a whole finished asset.",SRC-GLTF;SRC-USDPHYS;SRC-SCXML;SRC-OPENXR;SRC-WEBAUDIO,cross-standard,candidate,research-seed,True,
AXM-16-GAMES-A-013-navigation-link,atom,16-games,Games interactive worlds and playable systems,navigation link,"Smallest independently addressable navigation link unit in games interactive worlds and playable systems, intended to be typed, referenced, transformed or validated without requiring a whole finished asset.",SRC-GLTF;SRC-USDPHYS;SRC-SCXML;SRC-OPENXR;SRC-WEBAUDIO,cross-standard,candidate,research-seed,True,
AXM-16-GAMES-A-014-tile-identifier,atom,16-games,Games interactive worlds and playable systems,tile identifier,"Smallest independently addressable tile identifier unit in games interactive worlds and playable systems, intended to be typed, referenced, transformed or validated without requiring a whole finished asset.",SRC-GLTF;SRC-USDPHYS;SRC-SCXML;SRC-OPENXR;SRC-WEBAUDIO,cross-standard,candidate,research-seed,True,
AXM-16-GAMES-A-015-biome-tag,atom,16-games,Games interactive worlds and playable systems,biome tag,"Smallest independently addressable biome tag unit in games interactive worlds and playable systems, intended to be typed, referenced, transformed or validated without requiring a whole finished asset.",SRC-GLTF;SRC-USDPHYS;SRC-SCXML;SRC-OPENXR;SRC-WEBAUDIO,cross-standard,candidate,research-seed,True,
AXM-16-GAMES-A-016-faction-identifier,atom,16-games,Games interactive worlds and playable systems,faction identifier,"Smallest independently addressable faction identifier unit in games interactive worlds and playable systems, intended to be typed, referenced, transformed or validated without requiring a whole finished asset.",SRC-GLTF;SRC-USDPHYS;SRC-SCXML;SRC-OPENXR;SRC-WEBAUDIO,cross-standard,candidate,research-seed,True,
AXM-16-GAMES-A-017-quest-state,atom,16-games,Games interactive worlds and playable systems,quest state,"Smallest independently addressable quest state unit in games interactive worlds and playable systems, intended to be typed, referenced, transformed or validated without requiring a whole finished asset.",SRC-GLTF;SRC-USDPHYS;SRC-SCXML;SRC-OPENXR;SRC-WEBAUDIO,cross-standard,candidate,research-seed,True,
AXM-16-GAMES-A-018-dialogue-line,atom,16-games,Games interactive worlds and playable systems,dialogue line,"Smallest independently addressable dialogue line unit in games interactive worlds and playable systems, intended to be typed, referenced, transformed or validated without requiring a whole finished asset.",SRC-GLTF;SRC-USDPHYS;SRC-SCXML;SRC-OPENXR;SRC-WEBAUDIO,cross-standard,candidate,research-seed,True,
AXM-16-GAMES-A-019-choice,atom,16-games,Games interactive worlds and playable systems,choice,"Smallest independently addressable choice unit in games interactive worlds and playable systems, intended to be typed, referenced, transformed or validated without requiring a whole finished asset.",SRC-GLTF;SRC-USDPHYS;SRC-SCXML;SRC-OPENXR;SRC-WEBAUDIO,cross-standard,candidate,research-seed,True,
AXM-16-GAMES-A-020-gameplay-condition,atom,16-games,Games interactive worlds and playable systems,gameplay condition,"Smallest independently addressable gameplay condition unit in games interactive worlds and playable systems, intended to be typed, referenced, transformed or validated without requiring a whole finished asset.",SRC-GLTF;SRC-USDPHYS;SRC-SCXML;SRC-OPENXR;SRC-WEBAUDIO,cross-standard,candidate,research-seed,True,
AXM-16-GAMES-A-021-reward,atom,16-games,Games interactive worlds and playable systems,reward,"Smallest independently addressable reward unit in games interactive worlds and playable systems, intended to be typed, referenced, transformed or validated without requiring a whole finished asset.",SRC-GLTF;SRC-USDPHYS;SRC-SCXML;SRC-OPENXR;SRC-WEBAUDIO,cross-standard,candidate,research-seed,True,
AXM-16-GAMES-A-022-loot-weight,atom,16-games,Games interactive worlds and playable systems,loot weight,"Smallest independently addressable loot weight unit in games interactive worlds and playable systems, intended to be typed, referenced, transformed or validated without requiring a whole finished asset.",SRC-GLTF;SRC-USDPHYS;SRC-SCXML;SRC-OPENXR;SRC-WEBAUDIO,cross-standard,candidate,research-seed,True,
AXM-16-GAMES-A-023-encounter-weight,atom,16-games,Games interactive worlds and playable systems,encounter weight,"Smallest independently addressable encounter weight unit in games interactive worlds and playable systems, intended to be typed, referenced, transformed or validated without requiring a whole finished asset.",SRC-GLTF;SRC-USDPHYS;SRC-SCXML;SRC-OPENXR;SRC-WEBAUDIO,cross-standard,candidate,research-seed,True,
AXM-16-GAMES-A-024-checkpoint-identifier,atom,16-games,Games interactive worlds and playable systems,checkpoint identifier,"Smallest independently addressable checkpoint identifier unit in games interactive worlds and playable systems, intended to be typed, referenced, transformed or validated without requiring a whole finished asset.",SRC-GLTF;SRC-USDPHYS;SRC-SCXML;SRC-OPENXR;SRC-WEBAUDIO,cross-standard,candidate,research-seed,True,
AXM-16-GAMES-A-025-save-key,atom,16-games,Games interactive worlds and playable systems,save key,"Smallest independently addressable save key unit in games interactive worlds and playable systems, intended to be typed, referenced, transformed or validated without requiring a whole finished asset.",SRC-GLTF;SRC-USDPHYS;SRC-SCXML;SRC-OPENXR;SRC-WEBAUDIO,cross-standard,candidate,research-seed,True,
AXM-16-GAMES-A-026-network-tick,atom,16-games,Games interactive worlds and playable systems,network tick,"Smallest independently addressable network tick unit in games interactive worlds and playable systems, intended to be typed, referenced, transformed or validated without requiring a whole finished asset.",SRC-GLTF;SRC-USDPHYS;SRC-SCXML;SRC-OPENXR;SRC-WEBAUDIO,cross-standard,candidate,research-seed,True,
AXM-16-GAMES-A-027-player-slot,atom,16-games,Games interactive worlds and playable systems,player slot,"Smallest independently addressable player slot unit in games interactive worlds and playable systems, intended to be typed, referenced, transformed or validated without requiring a whole finished asset.",SRC-GLTF;SRC-USDPHYS;SRC-SCXML;SRC-OPENXR;SRC-WEBAUDIO,cross-standard,candidate,research-seed,True,
AXM-16-GAMES-A-028-difficulty-value,atom,16-games,Games interactive worlds and playable systems,difficulty value,"Smallest independently addressable difficulty value unit in games interactive worlds and playable systems, intended to be typed, referenced, transformed or validated without requiring a whole finished asset.",SRC-GLTF;SRC-USDPHYS;SRC-SCXML;SRC-OPENXR;SRC-WEBAUDIO,cross-standard,candidate,research-seed,True,
AXM-16-GAMES-A-029-experience-value,atom,16-games,Games interactive worlds and playable systems,experience value,"Smallest independently addressable experience value unit in games interactive worlds and playable systems, intended to be typed, referenced, transformed or validated without requiring a whole finished asset.",SRC-GLTF;SRC-USDPHYS;SRC-SCXML;SRC-OPENXR;SRC-WEBAUDIO,cross-standard,candidate,research-seed,True,
AXM-16-GAMES-A-030-level-value,atom,16-games,Games interactive worlds and playable systems,level value,"Smallest independently addressable level value unit in games interactive worlds and playable systems, intended to be typed, referenced, transformed or validated without requiring a whole finished asset.",SRC-GLTF;SRC-USDPHYS;SRC-SCXML;SRC-OPENXR;SRC-WEBAUDIO,cross-standard,candidate,research-seed,True,
AXM-16-GAMES-A-031-cooldown-value,atom,16-games,Games interactive worlds and playable systems,cooldown value,"Smallest independently addressable cooldown value unit in games interactive worlds and playable systems, intended to be typed, referenced, transformed or validated without requiring a whole finished asset.",SRC-GLTF;SRC-USDPHYS;SRC-SCXML;SRC-OPENXR;SRC-WEBAUDIO,cross-standard,candidate,research-seed,True,
AXM-16-GAMES-A-032-damage-value,atom,16-games,Games interactive worlds and playable systems,damage value,"Smallest independently addressable damage value unit in games interactive worlds and playable systems, intended to be typed, referenced, transformed or validated without requiring a whole finished asset.",SRC-GLTF;SRC-USDPHYS;SRC-SCXML;SRC-OPENXR;SRC-WEBAUDIO,cross-standard,candidate,research-seed,True,
AXM-16-GAMES-A-033-team-identifier,atom,16-games,Games interactive worlds and playable systems,team identifier,"Smallest independently addressable team identifier unit in games interactive worlds and playable systems, intended to be typed, referenced, transformed or validated without requiring a whole finished asset.",SRC-GLTF;SRC-USDPHYS;SRC-SCXML;SRC-OPENXR;SRC-WEBAUDIO,cross-standard,candidate,research-seed,True,
AXM-16-GAMES-A-034-world-seed,atom,16-games,Games interactive worlds and playable systems,world seed,"Smallest independently addressable world seed unit in games interactive worlds and playable systems, intended to be typed, referenced, transformed or validated without requiring a whole finished asset.",SRC-GLTF;SRC-USDPHYS;SRC-SCXML;SRC-OPENXR;SRC-WEBAUDIO,cross-standard,candidate,research-seed,True,
AXM-16-GAMES-C-001-entity,component,16-games,Games interactive worlds and playable systems,entity,"Reusable entity assembly in games interactive worlds and playable systems, with a bounded role and an interface that can be tested independently.",SRC-GLTF;SRC-USDPHYS;SRC-SCXML;SRC-OPENXR;SRC-WEBAUDIO,cross-standard,candidate,research-seed,True,
AXM-16-GAMES-C-002-gameplay-component,component,16-games,Games interactive worlds and playable systems,gameplay component,"Reusable gameplay component assembly in games interactive worlds and playable systems, with a bounded role and an interface that can be tested independently.",SRC-GLTF;SRC-USDPHYS;SRC-SCXML;SRC-OPENXR;SRC-WEBAUDIO,cross-standard,candidate,research-seed,True,
AXM-16-GAMES-C-003-ecs-archetype,component,16-games,Games interactive worlds and playable systems,ECS archetype,"Reusable ECS archetype assembly in games interactive worlds and playable systems, with a bounded role and an interface that can be tested independently.",SRC-GLTF;SRC-USDPHYS;SRC-SCXML;SRC-OPENXR;SRC-WEBAUDIO,cross-standard,candidate,research-seed,True,
AXM-16-GAMES-C-004-prefab,component,16-games,Games interactive worlds and playable systems,prefab,"Reusable prefab assembly in games interactive worlds and playable systems, with a bounded role and an interface that can be tested independently.",SRC-GLTF;SRC-USDPHYS;SRC-SCXML;SRC-OPENXR;SRC-WEBAUDIO,cross-standard,candidate,research-seed,True,
AXM-16-GAMES-C-005-game-object,component,16-games,Games interactive worlds and playable systems,game object,"Reusable game object assembly in games interactive worlds and playable systems, with a bounded role and an interface that can be tested independently.",SRC-GLTF;SRC-USDPHYS;SRC-SCXML;SRC-OPENXR;SRC-WEBAUDIO,cross-standard,candidate,research-seed,True,
AXM-16-GAMES-C-006-game-scene,component,16-games,Games interactive worlds and playable systems,game scene,"Reusable game scene assembly in games interactive worlds and playable systems, with a bounded role and an interface that can be tested independently.",SRC-GLTF;SRC-USDPHYS;SRC-SCXML;SRC-OPENXR;SRC-WEBAUDIO,cross-standard,candidate,research-seed,True,
AXM-16-GAMES-C-007-level,component,16-games,Games interactive worlds and playable systems,level,"Reusable level assembly in games interactive worlds and playable systems, with a bounded role and an interface that can be tested independently.",SRC-GLTF;SRC-USDPHYS;SRC-SCXML;SRC-OPENXR;SRC-WEBAUDIO,cross-standard,candidate,research-seed,True,
AXM-16-GAMES-C-008-world-chunk,component,16-games,Games interactive worlds and playable systems,world chunk,"Reusable world chunk assembly in games interactive worlds and playable systems, with a bounded role and an interface that can be tested independently.",SRC-GLTF;SRC-USDPHYS;SRC-SCXML;SRC-OPENXR;SRC-WEBAUDIO,cross-standard,candidate,research-seed,True,
AXM-16-GAMES-C-009-map-tile,component,16-games,Games interactive worlds and playable systems,map tile,"Reusable map tile assembly in games interactive worlds and playable systems, with a bounded role and an interface that can be tested independently.",SRC-GLTF;SRC-USDPHYS;SRC-SCXML;SRC-OPENXR;SRC-WEBAUDIO,cross-standard,candidate,research-seed,True,
AXM-16-GAMES-C-010-character,component,16-games,Games interactive worlds and playable systems,character,"Reusable character assembly in games interactive worlds and playable systems, with a bounded role and an interface that can be tested independently.",SRC-GLTF;SRC-USDPHYS;SRC-SCXML;SRC-OPENXR;SRC-WEBAUDIO,cross-standard,candidate,research-seed,True,
AXM-16-GAMES-C-011-ability,component,16-games,Games interactive worlds and playable systems,ability,"Reusable ability assembly in games interactive worlds and playable systems, with a bounded role and an interface that can be tested independently.",SRC-GLTF;SRC-USDPHYS;SRC-SCXML;SRC-OPENXR;SRC-WEBAUDIO,cross-standard,candidate,research-seed,True,
AXM-16-GAMES-C-012-item,component,16-games,Games interactive worlds and playable systems,item,"Reusable item assembly in games interactive worlds and playable systems, with a bounded role and an interface that can be tested independently.",SRC-GLTF;SRC-USDPHYS;SRC-SCXML;SRC-OPENXR;SRC-WEBAUDIO,cross-standard,candidate,research-seed,True,
AXM-16-GAMES-C-013-inventory,component,16-games,Games interactive worlds and playable systems,inventory,"Reusable inventory assembly in games interactive worlds and playable systems, with a bounded role and an interface that can be tested independently.",SRC-GLTF;SRC-USDPHYS;SRC-SCXML;SRC-OPENXR;SRC-WEBAUDIO,cross-standard,candidate,research-seed,True,
AXM-16-GAMES-C-014-quest-node,component,16-games,Games interactive worlds and playable systems,quest node,"Reusable quest node assembly in games interactive worlds and playable systems, with a bounded role and an interface that can be tested independently.",SRC-GLTF;SRC-USDPHYS;SRC-SCXML;SRC-OPENXR;SRC-WEBAUDIO,cross-standard,candidate,research-seed,True,
AXM-16-GAMES-C-015-dialogue-node,component,16-games,Games interactive worlds and playable systems,dialogue node,"Reusable dialogue node assembly in games interactive worlds and playable systems, with a bounded role and an interface that can be tested independently.",SRC-GLTF;SRC-USDPHYS;SRC-SCXML;SRC-OPENXR;SRC-WEBAUDIO,cross-standard,candidate,research-seed,True,
AXM-16-GAMES-C-016-encounter,component,16-games,Games interactive worlds and playable systems,encounter,"Reusable encounter assembly in games interactive worlds and playable systems, with a bounded role and an interface that can be tested independently.",SRC-GLTF;SRC-USDPHYS;SRC-SCXML;SRC-OPENXR;SRC-WEBAUDIO,cross-standard,candidate,research-seed,True,
AXM-16-GAMES-C-017-faction,component,16-games,Games interactive worlds and playable systems,faction,"Reusable faction assembly in games interactive worlds and playable systems, with a bounded role and an interface that can be tested independently.",SRC-GLTF;SRC-USDPHYS;SRC-SCXML;SRC-OPENXR;SRC-WEBAUDIO,cross-standard,candidate,research-seed,True,
AXM-16-GAMES-C-018-economy-rule,component,16-games,Games interactive worlds and playable systems,economy rule,"Reusable economy rule assembly in games interactive worlds and playable systems, with a bounded role and an interface that can be tested independently.",SRC-GLTF;SRC-USDPHYS;SRC-SCXML;SRC-OPENXR;SRC-WEBAUDIO,cross-standard,candidate,research-seed,True,
AXM-16-GAMES-C-019-crafting-recipe,component,16-games,Games interactive worlds and playable systems,crafting recipe,"Reusable crafting recipe assembly in games interactive worlds and playable systems, with a bounded role and an interface that can be tested independently.",SRC-GLTF;SRC-USDPHYS;SRC-SCXML;SRC-OPENXR;SRC-WEBAUDIO,cross-standard,candidate,research-seed,True,
AXM-16-GAMES-C-020-progression-tree,component,16-games,Games interactive worlds and playable systems,progression tree,"Reusable progression tree assembly in games interactive worlds and playable systems, with a bounded role and an interface that can be tested independently.",SRC-GLTF;SRC-USDPHYS;SRC-SCXML;SRC-OPENXR;SRC-WEBAUDIO,cross-standard,candidate,research-seed,True,
AXM-16-GAMES-C-021-input-map,component,16-games,Games interactive worlds and playable systems,input map,"Reusable input map assembly in games interactive worlds and playable systems, with a bounded role and an interface that can be tested independently.",SRC-GLTF;SRC-USDPHYS;SRC-SCXML;SRC-OPENXR;SRC-WEBAUDIO,cross-standard,candidate,research-seed,True,
AXM-16-GAMES-C-022-camera-rig,component,16-games,Games interactive worlds and playable systems,camera rig,"Reusable camera rig assembly in games interactive worlds and playable systems, with a bounded role and an interface that can be tested independently.",SRC-GLTF;SRC-USDPHYS;SRC-SCXML;SRC-OPENXR;SRC-WEBAUDIO,cross-standard,candidate,research-seed,True,
AXM-16-GAMES-C-023-hud-widget,component,16-games,Games interactive worlds and playable systems,HUD widget,"Reusable HUD widget assembly in games interactive worlds and playable systems, with a bounded role and an interface that can be tested independently.",SRC-GLTF;SRC-USDPHYS;SRC-SCXML;SRC-OPENXR;SRC-WEBAUDIO,cross-standard,candidate,research-seed,True,
AXM-16-GAMES-C-024-save-schema,component,16-games,Games interactive worlds and playable systems,save schema,"Reusable save schema assembly in games interactive worlds and playable systems, with a bounded role and an interface that can be tested independently.",SRC-GLTF;SRC-USDPHYS;SRC-SCXML;SRC-OPENXR;SRC-WEBAUDIO,cross-standard,candidate,research-seed,True,
AXM-16-GAMES-C-025-replay-stream,component,16-games,Games interactive worlds and playable systems,replay stream,"Reusable replay stream assembly in games interactive worlds and playable systems, with a bounded role and an interface that can be tested independently.",SRC-GLTF;SRC-USDPHYS;SRC-SCXML;SRC-OPENXR;SRC-WEBAUDIO,cross-standard,candidate,research-seed,True,
AXM-16-GAMES-C-026-network-snapshot,component,16-games,Games interactive worlds and playable systems,network snapshot,"Reusable network snapshot assembly in games interactive worlds and playable systems, with a bounded role and an interface that can be tested independently.",SRC-GLTF;SRC-USDPHYS;SRC-SCXML;SRC-OPENXR;SRC-WEBAUDIO,cross-standard,candidate,research-seed,True,
AXM-16-GAMES-C-027-localization-table,component,16-games,Games interactive worlds and playable systems,localization table,"Reusable localization table assembly in games interactive worlds and playable systems, with a bounded role and an interface that can be tested independently.",SRC-GLTF;SRC-USDPHYS;SRC-SCXML;SRC-OPENXR;SRC-WEBAUDIO,cross-standard,candidate,research-seed,True,
AXM-16-GAMES-C-028-game-mode,component,16-games,Games interactive worlds and playable systems,game mode,"Reusable game mode assembly in games interactive worlds and playable systems, with a bounded role and an interface that can be tested independently.",SRC-GLTF;SRC-USDPHYS;SRC-SCXML;SRC-OPENXR;SRC-WEBAUDIO,cross-standard,candidate,research-seed,True,
AXM-16-GAMES-C-029-mission,component,16-games,Games interactive worlds and playable systems,mission,"Reusable mission assembly in games interactive worlds and playable systems, with a bounded role and an interface that can be tested independently.",SRC-GLTF;SRC-USDPHYS;SRC-SCXML;SRC-OPENXR;SRC-WEBAUDIO,cross-standard,candidate,research-seed,True,
AXM-16-GAMES-C-030-achievement,component,16-games,Games interactive worlds and playable systems,achievement,"Reusable achievement assembly in games interactive worlds and playable systems, with a bounded role and an interface that can be tested independently.",SRC-GLTF;SRC-USDPHYS;SRC-SCXML;SRC-OPENXR;SRC-WEBAUDIO,cross-standard,candidate,research-seed,True,
AXM-16-GAMES-C-031-match-configuration,component,16-games,Games interactive worlds and playable systems,match configuration,"Reusable match configuration assembly in games interactive worlds and playable systems, with a bounded role and an interface that can be tested independently.",SRC-GLTF;SRC-USDPHYS;SRC-SCXML;SRC-OPENXR;SRC-WEBAUDIO,cross-standard,candidate,research-seed,True,
AXM-16-GAMES-C-032-world-state,component,16-games,Games interactive worlds and playable systems,world state,"Reusable world state assembly in games interactive worlds and playable systems, with a bounded role and an interface that can be tested independently.",SRC-GLTF;SRC-USDPHYS;SRC-SCXML;SRC-OPENXR;SRC-WEBAUDIO,cross-standard,candidate,research-seed,True,
AXM-16-GAMES-O-001-game-loop-runtime,organ,16-games,Games interactive worlds and playable systems,game-loop runtime,"Functional subsystem for game-loop runtime in games interactive worlds and playable systems; orchestrates lower-level components, applies policy and emits results plus evidence.",SRC-GLTF;SRC-USDPHYS;SRC-SCXML;SRC-OPENXR;SRC-WEBAUDIO,cross-standard,candidate,research-seed,True,
AXM-16-GAMES-O-002-entity-component-system,organ,16-games,Games interactive worlds and playable systems,entity-component system,"Functional subsystem for entity-component system in games interactive worlds and playable systems; orchestrates lower-level components, applies policy and emits results plus evidence.",SRC-GLTF;SRC-USDPHYS;SRC-SCXML;SRC-OPENXR;SRC-WEBAUDIO,cross-standard,candidate,research-seed,True,
AXM-16-GAMES-O-003-gameplay-rule-engine,organ,16-games,Games interactive worlds and playable systems,gameplay-rule engine,"Functional subsystem for gameplay-rule engine in games interactive worlds and playable systems; orchestrates lower-level components, applies policy and emits results plus evidence.",SRC-GLTF;SRC-USDPHYS;SRC-SCXML;SRC-OPENXR;SRC-WEBAUDIO,cross-standard,candidate,research-seed,True,
AXM-16-GAMES-O-004-world-builder,organ,16-games,Games interactive worlds and playable systems,world builder,"Functional subsystem for world builder in games interactive worlds and playable systems; orchestrates lower-level components, applies policy and emits results plus evidence.",SRC-GLTF;SRC-USDPHYS;SRC-SCXML;SRC-OPENXR;SRC-WEBAUDIO,cross-standard,candidate,research-seed,True,
AXM-16-GAMES-O-005-level-streaming-organ,organ,16-games,Games interactive worlds and playable systems,level-streaming organ,"Functional subsystem for level-streaming organ in games interactive worlds and playable systems; orchestrates lower-level components, applies policy and emits results plus evidence.",SRC-GLTF;SRC-USDPHYS;SRC-SCXML;SRC-OPENXR;SRC-WEBAUDIO,cross-standard,candidate,research-seed,True,
AXM-16-GAMES-O-006-encounter-director,organ,16-games,Games interactive worlds and playable systems,encounter director,"Functional subsystem for encounter director in games interactive worlds and playable systems; orchestrates lower-level components, applies policy and emits results plus evidence.",SRC-GLTF;SRC-USDPHYS;SRC-SCXML;SRC-OPENXR;SRC-WEBAUDIO,cross-standard,candidate,research-seed,True,
AXM-16-GAMES-O-007-quest-and-dialogue-engine,organ,16-games,Games interactive worlds and playable systems,quest and dialogue engine,"Functional subsystem for quest and dialogue engine in games interactive worlds and playable systems; orchestrates lower-level components, applies policy and emits results plus evidence.",SRC-GLTF;SRC-USDPHYS;SRC-SCXML;SRC-OPENXR;SRC-WEBAUDIO,cross-standard,candidate,research-seed,True,
AXM-16-GAMES-O-008-inventory-and-economy-organ,organ,16-games,Games interactive worlds and playable systems,inventory and economy organ,"Functional subsystem for inventory and economy organ in games interactive worlds and playable systems; orchestrates lower-level components, applies policy and emits results plus evidence.",SRC-GLTF;SRC-USDPHYS;SRC-SCXML;SRC-OPENXR;SRC-WEBAUDIO,cross-standard,candidate,research-seed,True,
AXM-16-GAMES-O-009-input-system,organ,16-games,Games interactive worlds and playable systems,input system,"Functional subsystem for input system in games interactive worlds and playable systems; orchestrates lower-level components, applies policy and emits results plus evidence.",SRC-GLTF;SRC-USDPHYS;SRC-SCXML;SRC-OPENXR;SRC-WEBAUDIO,cross-standard,candidate,research-seed,True,
AXM-16-GAMES-O-010-camera-system,organ,16-games,Games interactive worlds and playable systems,camera system,"Functional subsystem for camera system in games interactive worlds and playable systems; orchestrates lower-level components, applies policy and emits results plus evidence.",SRC-GLTF;SRC-USDPHYS;SRC-SCXML;SRC-OPENXR;SRC-WEBAUDIO,cross-standard,candidate,research-seed,True,
AXM-16-GAMES-O-011-save-and-load-organ,organ,16-games,Games interactive worlds and playable systems,save and load organ,"Functional subsystem for save and load organ in games interactive worlds and playable systems; orchestrates lower-level components, applies policy and emits results plus evidence.",SRC-GLTF;SRC-USDPHYS;SRC-SCXML;SRC-OPENXR;SRC-WEBAUDIO,cross-standard,candidate,research-seed,True,
AXM-16-GAMES-O-012-replay-organ,organ,16-games,Games interactive worlds and playable systems,replay organ,"Functional subsystem for replay organ in games interactive worlds and playable systems; orchestrates lower-level components, applies policy and emits results plus evidence.",SRC-GLTF;SRC-USDPHYS;SRC-SCXML;SRC-OPENXR;SRC-WEBAUDIO,cross-standard,candidate,research-seed,True,
AXM-16-GAMES-O-013-multiplayer-synchronization-organ,organ,16-games,Games interactive worlds and playable systems,multiplayer-synchronization organ,"Functional subsystem for multiplayer-synchronization organ in games interactive worlds and playable systems; orchestrates lower-level components, applies policy and emits results plus evidence.",SRC-GLTF;SRC-USDPHYS;SRC-SCXML;SRC-OPENXR;SRC-WEBAUDIO,cross-standard,candidate,research-seed,True,
AXM-16-GAMES-O-014-game-ui-and-hud-organ,organ,16-games,Games interactive worlds and playable systems,game UI and HUD organ,"Functional subsystem for game UI and HUD organ in games interactive worlds and playable systems; orchestrates lower-level components, applies policy and emits results plus evidence.",SRC-GLTF;SRC-USDPHYS;SRC-SCXML;SRC-OPENXR;SRC-WEBAUDIO,cross-standard,candidate,research-seed,True,
AXM-16-GAMES-O-015-content-packager,organ,16-games,Games interactive worlds and playable systems,content packager,"Functional subsystem for content packager in games interactive worlds and playable systems; orchestrates lower-level components, applies policy and emits results plus evidence.",SRC-GLTF;SRC-USDPHYS;SRC-SCXML;SRC-OPENXR;SRC-WEBAUDIO,cross-standard,candidate,research-seed,True,
AXM-16-GAMES-O-016-balance-analyzer,organ,16-games,Games interactive worlds and playable systems,balance analyzer,"Functional subsystem for balance analyzer in games interactive worlds and playable systems; orchestrates lower-level components, applies policy and emits results plus evidence.",SRC-GLTF;SRC-USDPHYS;SRC-SCXML;SRC-OPENXR;SRC-WEBAUDIO,cross-standard,candidate,research-seed,True,
AXM-16-GAMES-O-017-procedural-world-organ,organ,16-games,Games interactive worlds and playable systems,procedural-world organ,"Functional subsystem for procedural-world organ in games interactive worlds and playable systems; orchestrates lower-level components, applies policy and emits results plus evidence.",SRC-GLTF;SRC-USDPHYS;SRC-SCXML;SRC-OPENXR;SRC-WEBAUDIO,cross-standard,candidate,research-seed,True,
AXM-16-GAMES-O-018-matchmaking-organ,organ,16-games,Games interactive worlds and playable systems,matchmaking organ,"Functional subsystem for matchmaking organ in games interactive worlds and playable systems; orchestrates lower-level components, applies policy and emits results plus evidence.",SRC-GLTF;SRC-USDPHYS;SRC-SCXML;SRC-OPENXR;SRC-WEBAUDIO,cross-standard,candidate,research-seed,True,
AXM-16-GAMES-O-019-gameplay-telemetry-organ,organ,16-games,Games interactive worlds and playable systems,gameplay-telemetry organ,"Functional subsystem for gameplay-telemetry organ in games interactive worlds and playable systems; orchestrates lower-level components, applies policy and emits results plus evidence.",SRC-GLTF;SRC-USDPHYS;SRC-SCXML;SRC-OPENXR;SRC-WEBAUDIO,cross-standard,candidate,research-seed,True,
AXM-17-DOCUMENTS-OFFICE-A-001-document-character,atom,17-documents-office,Documents publishing spreadsheets presentations and forms,document character,"Smallest independently addressable document character unit in documents publishing spreadsheets presentations and forms, intended to be typed, referenced, transformed or validated without requiring a whole finished asset.",SRC-ODF;SRC-PDF;SRC-EPUB;SRC-HTML;SRC-OPENTYPE,cross-standard,candidate,research-seed,True,
AXM-17-DOCUMENTS-OFFICE-A-002-glyph-reference,atom,17-documents-office,Documents publishing spreadsheets presentations and forms,glyph reference,"Smallest independently addressable glyph reference unit in documents publishing spreadsheets presentations and forms, intended to be typed, referenced, transformed or validated without requiring a whole finished asset.",SRC-ODF;SRC-PDF;SRC-EPUB;SRC-HTML;SRC-OPENTYPE,cross-standard,candidate,research-seed,True,
AXM-17-DOCUMENTS-OFFICE-A-003-text-style-property,atom,17-documents-office,Documents publishing spreadsheets presentations and forms,text-style property,"Smallest independently addressable text-style property unit in documents publishing spreadsheets presentations and forms, intended to be typed, referenced, transformed or validated without requiring a whole finished asset.",SRC-ODF;SRC-PDF;SRC-EPUB;SRC-HTML;SRC-OPENTYPE,cross-standard,candidate,research-seed,True,
AXM-17-DOCUMENTS-OFFICE-A-004-paragraph-style-property,atom,17-documents-office,Documents publishing spreadsheets presentations and forms,paragraph-style property,"Smallest independently addressable paragraph-style property unit in documents publishing spreadsheets presentations and forms, intended to be typed, referenced, transformed or validated without requiring a whole finished asset.",SRC-ODF;SRC-PDF;SRC-EPUB;SRC-HTML;SRC-OPENTYPE,cross-standard,candidate,research-seed,True,
AXM-17-DOCUMENTS-OFFICE-A-005-section-break,atom,17-documents-office,Documents publishing spreadsheets presentations and forms,section break,"Smallest independently addressable section break unit in documents publishing spreadsheets presentations and forms, intended to be typed, referenced, transformed or validated without requiring a whole finished asset.",SRC-ODF;SRC-PDF;SRC-EPUB;SRC-HTML;SRC-OPENTYPE,cross-standard,candidate,research-seed,True,
AXM-17-DOCUMENTS-OFFICE-A-006-page-break,atom,17-documents-office,Documents publishing spreadsheets presentations and forms,page break,"Smallest independently addressable page break unit in documents publishing spreadsheets presentations and forms, intended to be typed, referenced, transformed or validated without requiring a whole finished asset.",SRC-ODF;SRC-PDF;SRC-EPUB;SRC-HTML;SRC-OPENTYPE,cross-standard,candidate,research-seed,True,
AXM-17-DOCUMENTS-OFFICE-A-007-column-break,atom,17-documents-office,Documents publishing spreadsheets presentations and forms,column break,"Smallest independently addressable column break unit in documents publishing spreadsheets presentations and forms, intended to be typed, referenced, transformed or validated without requiring a whole finished asset.",SRC-ODF;SRC-PDF;SRC-EPUB;SRC-HTML;SRC-OPENTYPE,cross-standard,candidate,research-seed,True,
AXM-17-DOCUMENTS-OFFICE-A-008-list-marker,atom,17-documents-office,Documents publishing spreadsheets presentations and forms,list marker,"Smallest independently addressable list marker unit in documents publishing spreadsheets presentations and forms, intended to be typed, referenced, transformed or validated without requiring a whole finished asset.",SRC-ODF;SRC-PDF;SRC-EPUB;SRC-HTML;SRC-OPENTYPE,cross-standard,candidate,research-seed,True,
AXM-17-DOCUMENTS-OFFICE-A-009-footnote-marker,atom,17-documents-office,Documents publishing spreadsheets presentations and forms,footnote marker,"Smallest independently addressable footnote marker unit in documents publishing spreadsheets presentations and forms, intended to be typed, referenced, transformed or validated without requiring a whole finished asset.",SRC-ODF;SRC-PDF;SRC-EPUB;SRC-HTML;SRC-OPENTYPE,cross-standard,candidate,research-seed,True,
AXM-17-DOCUMENTS-OFFICE-A-010-citation-key,atom,17-documents-office,Documents publishing spreadsheets presentations and forms,citation key,"Smallest independently addressable citation key unit in documents publishing spreadsheets presentations and forms, intended to be typed, referenced, transformed or validated without requiring a whole finished asset.",SRC-ODF;SRC-PDF;SRC-EPUB;SRC-HTML;SRC-OPENTYPE,cross-standard,candidate,research-seed,True,
AXM-17-DOCUMENTS-OFFICE-A-011-bookmark,atom,17-documents-office,Documents publishing spreadsheets presentations and forms,bookmark,"Smallest independently addressable bookmark unit in documents publishing spreadsheets presentations and forms, intended to be typed, referenced, transformed or validated without requiring a whole finished asset.",SRC-ODF;SRC-PDF;SRC-EPUB;SRC-HTML;SRC-OPENTYPE,cross-standard,candidate,research-seed,True,
AXM-17-DOCUMENTS-OFFICE-A-012-hyperlink-target,atom,17-documents-office,Documents publishing spreadsheets presentations and forms,hyperlink target,"Smallest independently addressable hyperlink target unit in documents publishing spreadsheets presentations and forms, intended to be typed, referenced, transformed or validated without requiring a whole finished asset.",SRC-ODF;SRC-PDF;SRC-EPUB;SRC-HTML;SRC-OPENTYPE,cross-standard,candidate,research-seed,True,
AXM-17-DOCUMENTS-OFFICE-A-013-field-code,atom,17-documents-office,Documents publishing spreadsheets presentations and forms,field code,"Smallest independently addressable field code unit in documents publishing spreadsheets presentations and forms, intended to be typed, referenced, transformed or validated without requiring a whole finished asset.",SRC-ODF;SRC-PDF;SRC-EPUB;SRC-HTML;SRC-OPENTYPE,cross-standard,candidate,research-seed,True,
AXM-17-DOCUMENTS-OFFICE-A-014-page-number,atom,17-documents-office,Documents publishing spreadsheets presentations and forms,page number,"Smallest independently addressable page number unit in documents publishing spreadsheets presentations and forms, intended to be typed, referenced, transformed or validated without requiring a whole finished asset.",SRC-ODF;SRC-PDF;SRC-EPUB;SRC-HTML;SRC-OPENTYPE,cross-standard,candidate,research-seed,True,
AXM-17-DOCUMENTS-OFFICE-A-015-cell-address,atom,17-documents-office,Documents publishing spreadsheets presentations and forms,cell address,"Smallest independently addressable cell address unit in documents publishing spreadsheets presentations and forms, intended to be typed, referenced, transformed or validated without requiring a whole finished asset.",SRC-ODF;SRC-PDF;SRC-EPUB;SRC-HTML;SRC-OPENTYPE,cross-standard,candidate,research-seed,True,
AXM-17-DOCUMENTS-OFFICE-A-016-cell-value,atom,17-documents-office,Documents publishing spreadsheets presentations and forms,cell value,"Smallest independently addressable cell value unit in documents publishing spreadsheets presentations and forms, intended to be typed, referenced, transformed or validated without requiring a whole finished asset.",SRC-ODF;SRC-PDF;SRC-EPUB;SRC-HTML;SRC-OPENTYPE,cross-standard,candidate,research-seed,True,
AXM-17-DOCUMENTS-OFFICE-A-017-formula-token,atom,17-documents-office,Documents publishing spreadsheets presentations and forms,formula token,"Smallest independently addressable formula token unit in documents publishing spreadsheets presentations and forms, intended to be typed, referenced, transformed or validated without requiring a whole finished asset.",SRC-ODF;SRC-PDF;SRC-EPUB;SRC-HTML;SRC-OPENTYPE,cross-standard,candidate,research-seed,True,
AXM-17-DOCUMENTS-OFFICE-A-018-formula-operator,atom,17-documents-office,Documents publishing spreadsheets presentations and forms,formula operator,"Smallest independently addressable formula operator unit in documents publishing spreadsheets presentations and forms, intended to be typed, referenced, transformed or validated without requiring a whole finished asset.",SRC-ODF;SRC-PDF;SRC-EPUB;SRC-HTML;SRC-OPENTYPE,cross-standard,candidate,research-seed,True,
AXM-17-DOCUMENTS-OFFICE-A-019-named-range-reference,atom,17-documents-office,Documents publishing spreadsheets presentations and forms,named-range reference,"Smallest independently addressable named-range reference unit in documents publishing spreadsheets presentations and forms, intended to be typed, referenced, transformed or validated without requiring a whole finished asset.",SRC-ODF;SRC-PDF;SRC-EPUB;SRC-HTML;SRC-OPENTYPE,cross-standard,candidate,research-seed,True,
AXM-17-DOCUMENTS-OFFICE-A-020-row-index,atom,17-documents-office,Documents publishing spreadsheets presentations and forms,row index,"Smallest independently addressable row index unit in documents publishing spreadsheets presentations and forms, intended to be typed, referenced, transformed or validated without requiring a whole finished asset.",SRC-ODF;SRC-PDF;SRC-EPUB;SRC-HTML;SRC-OPENTYPE,cross-standard,candidate,research-seed,True,
AXM-17-DOCUMENTS-OFFICE-A-021-column-index,atom,17-documents-office,Documents publishing spreadsheets presentations and forms,column index,"Smallest independently addressable column index unit in documents publishing spreadsheets presentations and forms, intended to be typed, referenced, transformed or validated without requiring a whole finished asset.",SRC-ODF;SRC-PDF;SRC-EPUB;SRC-HTML;SRC-OPENTYPE,cross-standard,candidate,research-seed,True,
AXM-17-DOCUMENTS-OFFICE-A-022-merge-span,atom,17-documents-office,Documents publishing spreadsheets presentations and forms,merge span,"Smallest independently addressable merge span unit in documents publishing spreadsheets presentations and forms, intended to be typed, referenced, transformed or validated without requiring a whole finished asset.",SRC-ODF;SRC-PDF;SRC-EPUB;SRC-HTML;SRC-OPENTYPE,cross-standard,candidate,research-seed,True,
AXM-17-DOCUMENTS-OFFICE-A-023-slide-index,atom,17-documents-office,Documents publishing spreadsheets presentations and forms,slide index,"Smallest independently addressable slide index unit in documents publishing spreadsheets presentations and forms, intended to be typed, referenced, transformed or validated without requiring a whole finished asset.",SRC-ODF;SRC-PDF;SRC-EPUB;SRC-HTML;SRC-OPENTYPE,cross-standard,candidate,research-seed,True,
AXM-17-DOCUMENTS-OFFICE-A-024-object-anchor,atom,17-documents-office,Documents publishing spreadsheets presentations and forms,object anchor,"Smallest independently addressable object anchor unit in documents publishing spreadsheets presentations and forms, intended to be typed, referenced, transformed or validated without requiring a whole finished asset.",SRC-ODF;SRC-PDF;SRC-EPUB;SRC-HTML;SRC-OPENTYPE,cross-standard,candidate,research-seed,True,
AXM-17-DOCUMENTS-OFFICE-A-025-master-layout-reference,atom,17-documents-office,Documents publishing spreadsheets presentations and forms,master-layout reference,"Smallest independently addressable master-layout reference unit in documents publishing spreadsheets presentations and forms, intended to be typed, referenced, transformed or validated without requiring a whole finished asset.",SRC-ODF;SRC-PDF;SRC-EPUB;SRC-HTML;SRC-OPENTYPE,cross-standard,candidate,research-seed,True,
AXM-17-DOCUMENTS-OFFICE-A-026-speaker-note-marker,atom,17-documents-office,Documents publishing spreadsheets presentations and forms,speaker-note marker,"Smallest independently addressable speaker-note marker unit in documents publishing spreadsheets presentations and forms, intended to be typed, referenced, transformed or validated without requiring a whole finished asset.",SRC-ODF;SRC-PDF;SRC-EPUB;SRC-HTML;SRC-OPENTYPE,cross-standard,candidate,research-seed,True,
AXM-17-DOCUMENTS-OFFICE-A-027-form-field-value,atom,17-documents-office,Documents publishing spreadsheets presentations and forms,form-field value,"Smallest independently addressable form-field value unit in documents publishing spreadsheets presentations and forms, intended to be typed, referenced, transformed or validated without requiring a whole finished asset.",SRC-ODF;SRC-PDF;SRC-EPUB;SRC-HTML;SRC-OPENTYPE,cross-standard,candidate,research-seed,True,
AXM-17-DOCUMENTS-OFFICE-A-028-tag-tree-role,atom,17-documents-office,Documents publishing spreadsheets presentations and forms,tag-tree role,"Smallest independently addressable tag-tree role unit in documents publishing spreadsheets presentations and forms, intended to be typed, referenced, transformed or validated without requiring a whole finished asset.",SRC-ODF;SRC-PDF;SRC-EPUB;SRC-HTML;SRC-OPENTYPE,cross-standard,candidate,research-seed,True,
AXM-17-DOCUMENTS-OFFICE-A-029-reading-order-index,atom,17-documents-office,Documents publishing spreadsheets presentations and forms,reading-order index,"Smallest independently addressable reading-order index unit in documents publishing spreadsheets presentations and forms, intended to be typed, referenced, transformed or validated without requiring a whole finished asset.",SRC-ODF;SRC-PDF;SRC-EPUB;SRC-HTML;SRC-OPENTYPE,cross-standard,candidate,research-seed,True,
AXM-17-DOCUMENTS-OFFICE-A-030-print-margin,atom,17-documents-office,Documents publishing spreadsheets presentations and forms,print margin,"Smallest independently addressable print margin unit in documents publishing spreadsheets presentations and forms, intended to be typed, referenced, transformed or validated without requiring a whole finished asset.",SRC-ODF;SRC-PDF;SRC-EPUB;SRC-HTML;SRC-OPENTYPE,cross-standard,candidate,research-seed,True,
AXM-17-DOCUMENTS-OFFICE-A-031-page-size,atom,17-documents-office,Documents publishing spreadsheets presentations and forms,page size,"Smallest independently addressable page size unit in documents publishing spreadsheets presentations and forms, intended to be typed, referenced, transformed or validated without requiring a whole finished asset.",SRC-ODF;SRC-PDF;SRC-EPUB;SRC-HTML;SRC-OPENTYPE,cross-standard,candidate,research-seed,True,
AXM-17-DOCUMENTS-OFFICE-A-032-orientation-value,atom,17-documents-office,Documents publishing spreadsheets presentations and forms,orientation value,"Smallest independently addressable orientation value unit in documents publishing spreadsheets presentations and forms, intended to be typed, referenced, transformed or validated without requiring a whole finished asset.",SRC-ODF;SRC-PDF;SRC-EPUB;SRC-HTML;SRC-OPENTYPE,cross-standard,candidate,research-seed,True,
AXM-17-DOCUMENTS-OFFICE-A-033-revision-mark,atom,17-documents-office,Documents publishing spreadsheets presentations and forms,revision mark,"Smallest independently addressable revision mark unit in documents publishing spreadsheets presentations and forms, intended to be typed, referenced, transformed or validated without requiring a whole finished asset.",SRC-ODF;SRC-PDF;SRC-EPUB;SRC-HTML;SRC-OPENTYPE,cross-standard,candidate,research-seed,True,
AXM-17-DOCUMENTS-OFFICE-A-034-comment-anchor,atom,17-documents-office,Documents publishing spreadsheets presentations and forms,comment anchor,"Smallest independently addressable comment anchor unit in documents publishing spreadsheets presentations and forms, intended to be typed, referenced, transformed or validated without requiring a whole finished asset.",SRC-ODF;SRC-PDF;SRC-EPUB;SRC-HTML;SRC-OPENTYPE,cross-standard,candidate,research-seed,True,
AXM-17-DOCUMENTS-OFFICE-C-001-text-run,component,17-documents-office,Documents publishing spreadsheets presentations and forms,text run,"Reusable text run assembly in documents publishing spreadsheets presentations and forms, with a bounded role and an interface that can be tested independently.",SRC-ODF;SRC-PDF;SRC-EPUB;SRC-HTML;SRC-OPENTYPE,cross-standard,candidate,research-seed,True,
AXM-17-DOCUMENTS-OFFICE-C-002-document-paragraph,component,17-documents-office,Documents publishing spreadsheets presentations and forms,document paragraph,"Reusable document paragraph assembly in documents publishing spreadsheets presentations and forms, with a bounded role and an interface that can be tested independently.",SRC-ODF;SRC-PDF;SRC-EPUB;SRC-HTML;SRC-OPENTYPE,cross-standard,candidate,research-seed,True,
AXM-17-DOCUMENTS-OFFICE-C-003-document-heading,component,17-documents-office,Documents publishing spreadsheets presentations and forms,document heading,"Reusable document heading assembly in documents publishing spreadsheets presentations and forms, with a bounded role and an interface that can be tested independently.",SRC-ODF;SRC-PDF;SRC-EPUB;SRC-HTML;SRC-OPENTYPE,cross-standard,candidate,research-seed,True,
AXM-17-DOCUMENTS-OFFICE-C-004-document-list,component,17-documents-office,Documents publishing spreadsheets presentations and forms,document list,"Reusable document list assembly in documents publishing spreadsheets presentations and forms, with a bounded role and an interface that can be tested independently.",SRC-ODF;SRC-PDF;SRC-EPUB;SRC-HTML;SRC-OPENTYPE,cross-standard,candidate,research-seed,True,
AXM-17-DOCUMENTS-OFFICE-C-005-document-table,component,17-documents-office,Documents publishing spreadsheets presentations and forms,document table,"Reusable document table assembly in documents publishing spreadsheets presentations and forms, with a bounded role and an interface that can be tested independently.",SRC-ODF;SRC-PDF;SRC-EPUB;SRC-HTML;SRC-OPENTYPE,cross-standard,candidate,research-seed,True,
AXM-17-DOCUMENTS-OFFICE-C-006-table-cell,component,17-documents-office,Documents publishing spreadsheets presentations and forms,table cell,"Reusable table cell assembly in documents publishing spreadsheets presentations and forms, with a bounded role and an interface that can be tested independently.",SRC-ODF;SRC-PDF;SRC-EPUB;SRC-HTML;SRC-OPENTYPE,cross-standard,candidate,research-seed,True,
AXM-17-DOCUMENTS-OFFICE-C-007-figure,component,17-documents-office,Documents publishing spreadsheets presentations and forms,figure,"Reusable figure assembly in documents publishing spreadsheets presentations and forms, with a bounded role and an interface that can be tested independently.",SRC-ODF;SRC-PDF;SRC-EPUB;SRC-HTML;SRC-OPENTYPE,cross-standard,candidate,research-seed,True,
AXM-17-DOCUMENTS-OFFICE-C-008-caption,component,17-documents-office,Documents publishing spreadsheets presentations and forms,caption,"Reusable caption assembly in documents publishing spreadsheets presentations and forms, with a bounded role and an interface that can be tested independently.",SRC-ODF;SRC-PDF;SRC-EPUB;SRC-HTML;SRC-OPENTYPE,cross-standard,candidate,research-seed,True,
AXM-17-DOCUMENTS-OFFICE-C-009-footnote,component,17-documents-office,Documents publishing spreadsheets presentations and forms,footnote,"Reusable footnote assembly in documents publishing spreadsheets presentations and forms, with a bounded role and an interface that can be tested independently.",SRC-ODF;SRC-PDF;SRC-EPUB;SRC-HTML;SRC-OPENTYPE,cross-standard,candidate,research-seed,True,
AXM-17-DOCUMENTS-OFFICE-C-010-endnote,component,17-documents-office,Documents publishing spreadsheets presentations and forms,endnote,"Reusable endnote assembly in documents publishing spreadsheets presentations and forms, with a bounded role and an interface that can be tested independently.",SRC-ODF;SRC-PDF;SRC-EPUB;SRC-HTML;SRC-OPENTYPE,cross-standard,candidate,research-seed,True,
AXM-17-DOCUMENTS-OFFICE-C-011-citation,component,17-documents-office,Documents publishing spreadsheets presentations and forms,citation,"Reusable citation assembly in documents publishing spreadsheets presentations and forms, with a bounded role and an interface that can be tested independently.",SRC-ODF;SRC-PDF;SRC-EPUB;SRC-HTML;SRC-OPENTYPE,cross-standard,candidate,research-seed,True,
AXM-17-DOCUMENTS-OFFICE-C-012-bibliography-entry,component,17-documents-office,Documents publishing spreadsheets presentations and forms,bibliography entry,"Reusable bibliography entry assembly in documents publishing spreadsheets presentations and forms, with a bounded role and an interface that can be tested independently.",SRC-ODF;SRC-PDF;SRC-EPUB;SRC-HTML;SRC-OPENTYPE,cross-standard,candidate,research-seed,True,
AXM-17-DOCUMENTS-OFFICE-C-013-document-section,component,17-documents-office,Documents publishing spreadsheets presentations and forms,document section,"Reusable document section assembly in documents publishing spreadsheets presentations and forms, with a bounded role and an interface that can be tested independently.",SRC-ODF;SRC-PDF;SRC-EPUB;SRC-HTML;SRC-OPENTYPE,cross-standard,candidate,research-seed,True,
AXM-17-DOCUMENTS-OFFICE-C-014-page,component,17-documents-office,Documents publishing spreadsheets presentations and forms,page,"Reusable page assembly in documents publishing spreadsheets presentations and forms, with a bounded role and an interface that can be tested independently.",SRC-ODF;SRC-PDF;SRC-EPUB;SRC-HTML;SRC-OPENTYPE,cross-standard,candidate,research-seed,True,
AXM-17-DOCUMENTS-OFFICE-C-015-page-style,component,17-documents-office,Documents publishing spreadsheets presentations and forms,page style,"Reusable page style assembly in documents publishing spreadsheets presentations and forms, with a bounded role and an interface that can be tested independently.",SRC-ODF;SRC-PDF;SRC-EPUB;SRC-HTML;SRC-OPENTYPE,cross-standard,candidate,research-seed,True,
AXM-17-DOCUMENTS-OFFICE-C-016-header,component,17-documents-office,Documents publishing spreadsheets presentations and forms,header,"Reusable header assembly in documents publishing spreadsheets presentations and forms, with a bounded role and an interface that can be tested independently.",SRC-ODF;SRC-PDF;SRC-EPUB;SRC-HTML;SRC-OPENTYPE,cross-standard,candidate,research-seed,True,
AXM-17-DOCUMENTS-OFFICE-C-017-footer,component,17-documents-office,Documents publishing spreadsheets presentations and forms,footer,"Reusable footer assembly in documents publishing spreadsheets presentations and forms, with a bounded role and an interface that can be tested independently.",SRC-ODF;SRC-PDF;SRC-EPUB;SRC-HTML;SRC-OPENTYPE,cross-standard,candidate,research-seed,True,
AXM-17-DOCUMENTS-OFFICE-C-018-text-frame,component,17-documents-office,Documents publishing spreadsheets presentations and forms,text frame,"Reusable text frame assembly in documents publishing spreadsheets presentations and forms, with a bounded role and an interface that can be tested independently.",SRC-ODF;SRC-PDF;SRC-EPUB;SRC-HTML;SRC-OPENTYPE,cross-standard,candidate,research-seed,True,
AXM-17-DOCUMENTS-OFFICE-C-019-form-field,component,17-documents-office,Documents publishing spreadsheets presentations and forms,form field,"Reusable form field assembly in documents publishing spreadsheets presentations and forms, with a bounded role and an interface that can be tested independently.",SRC-ODF;SRC-PDF;SRC-EPUB;SRC-HTML;SRC-OPENTYPE,cross-standard,candidate,research-seed,True,
AXM-17-DOCUMENTS-OFFICE-C-020-spreadsheet-sheet,component,17-documents-office,Documents publishing spreadsheets presentations and forms,spreadsheet sheet,"Reusable spreadsheet sheet assembly in documents publishing spreadsheets presentations and forms, with a bounded role and an interface that can be tested independently.",SRC-ODF;SRC-PDF;SRC-EPUB;SRC-HTML;SRC-OPENTYPE,cross-standard,candidate,research-seed,True,
AXM-17-DOCUMENTS-OFFICE-C-021-spreadsheet-range,component,17-documents-office,Documents publishing spreadsheets presentations and forms,spreadsheet range,"Reusable spreadsheet range assembly in documents publishing spreadsheets presentations and forms, with a bounded role and an interface that can be tested independently.",SRC-ODF;SRC-PDF;SRC-EPUB;SRC-HTML;SRC-OPENTYPE,cross-standard,candidate,research-seed,True,
AXM-17-DOCUMENTS-OFFICE-C-022-formula,component,17-documents-office,Documents publishing spreadsheets presentations and forms,formula,"Reusable formula assembly in documents publishing spreadsheets presentations and forms, with a bounded role and an interface that can be tested independently.",SRC-ODF;SRC-PDF;SRC-EPUB;SRC-HTML;SRC-OPENTYPE,cross-standard,candidate,research-seed,True,
AXM-17-DOCUMENTS-OFFICE-C-023-chart,component,17-documents-office,Documents publishing spreadsheets presentations and forms,chart,"Reusable chart assembly in documents publishing spreadsheets presentations and forms, with a bounded role and an interface that can be tested independently.",SRC-ODF;SRC-PDF;SRC-EPUB;SRC-HTML;SRC-OPENTYPE,cross-standard,candidate,research-seed,True,
AXM-17-DOCUMENTS-OFFICE-C-024-pivot-table,component,17-documents-office,Documents publishing spreadsheets presentations and forms,pivot table,"Reusable pivot table assembly in documents publishing spreadsheets presentations and forms, with a bounded role and an interface that can be tested independently.",SRC-ODF;SRC-PDF;SRC-EPUB;SRC-HTML;SRC-OPENTYPE,cross-standard,candidate,research-seed,True,
AXM-17-DOCUMENTS-OFFICE-C-025-slide,component,17-documents-office,Documents publishing spreadsheets presentations and forms,slide,"Reusable slide assembly in documents publishing spreadsheets presentations and forms, with a bounded role and an interface that can be tested independently.",SRC-ODF;SRC-PDF;SRC-EPUB;SRC-HTML;SRC-OPENTYPE,cross-standard,candidate,research-seed,True,
AXM-17-DOCUMENTS-OFFICE-C-026-slide-layout,component,17-documents-office,Documents publishing spreadsheets presentations and forms,slide layout,"Reusable slide layout assembly in documents publishing spreadsheets presentations and forms, with a bounded role and an interface that can be tested independently.",SRC-ODF;SRC-PDF;SRC-EPUB;SRC-HTML;SRC-OPENTYPE,cross-standard,candidate,research-seed,True,
AXM-17-DOCUMENTS-OFFICE-C-027-master-slide,component,17-documents-office,Documents publishing spreadsheets presentations and forms,master slide,"Reusable master slide assembly in documents publishing spreadsheets presentations and forms, with a bounded role and an interface that can be tested independently.",SRC-ODF;SRC-PDF;SRC-EPUB;SRC-HTML;SRC-OPENTYPE,cross-standard,candidate,research-seed,True,
AXM-17-DOCUMENTS-OFFICE-C-028-speaker-notes,component,17-documents-office,Documents publishing spreadsheets presentations and forms,speaker notes,"Reusable speaker notes assembly in documents publishing spreadsheets presentations and forms, with a bounded role and an interface that can be tested independently.",SRC-ODF;SRC-PDF;SRC-EPUB;SRC-HTML;SRC-OPENTYPE,cross-standard,candidate,research-seed,True,
AXM-17-DOCUMENTS-OFFICE-C-029-publication-resource,component,17-documents-office,Documents publishing spreadsheets presentations and forms,publication resource,"Reusable publication resource assembly in documents publishing spreadsheets presentations and forms, with a bounded role and an interface that can be tested independently.",SRC-ODF;SRC-PDF;SRC-EPUB;SRC-HTML;SRC-OPENTYPE,cross-standard,candidate,research-seed,True,
AXM-17-DOCUMENTS-OFFICE-C-030-reading-order,component,17-documents-office,Documents publishing spreadsheets presentations and forms,reading order,"Reusable reading order assembly in documents publishing spreadsheets presentations and forms, with a bounded role and an interface that can be tested independently.",SRC-ODF;SRC-PDF;SRC-EPUB;SRC-HTML;SRC-OPENTYPE,cross-standard,candidate,research-seed,True,
AXM-17-DOCUMENTS-OFFICE-C-031-package-manifest,component,17-documents-office,Documents publishing spreadsheets presentations and forms,package manifest,"Reusable package manifest assembly in documents publishing spreadsheets presentations and forms, with a bounded role and an interface that can be tested independently.",SRC-ODF;SRC-PDF;SRC-EPUB;SRC-HTML;SRC-OPENTYPE,cross-standard,candidate,research-seed,True,
AXM-17-DOCUMENTS-OFFICE-C-032-document-outline,component,17-documents-office,Documents publishing spreadsheets presentations and forms,document outline,"Reusable document outline assembly in documents publishing spreadsheets presentations and forms, with a bounded role and an interface that can be tested independently.",SRC-ODF;SRC-PDF;SRC-EPUB;SRC-HTML;SRC-OPENTYPE,cross-standard,candidate,research-seed,True,
AXM-17-DOCUMENTS-OFFICE-C-033-accessible-tag-tree,component,17-documents-office,Documents publishing spreadsheets presentations and forms,accessible tag tree,"Reusable accessible tag tree assembly in documents publishing spreadsheets presentations and forms, with a bounded role and an interface that can be tested independently.",SRC-ODF;SRC-PDF;SRC-EPUB;SRC-HTML;SRC-OPENTYPE,cross-standard,candidate,research-seed,True,
AXM-17-DOCUMENTS-OFFICE-C-034-annotation,component,17-documents-office,Documents publishing spreadsheets presentations and forms,annotation,"Reusable annotation assembly in documents publishing spreadsheets presentations and forms, with a bounded role and an interface that can be tested independently.",SRC-ODF;SRC-PDF;SRC-EPUB;SRC-HTML;SRC-OPENTYPE,cross-standard,candidate,research-seed,True,
AXM-17-DOCUMENTS-OFFICE-C-035-tracked-change,component,17-documents-office,Documents publishing spreadsheets presentations and forms,tracked change,"Reusable tracked change assembly in documents publishing spreadsheets presentations and forms, with a bounded role and an interface that can be tested independently.",SRC-ODF;SRC-PDF;SRC-EPUB;SRC-HTML;SRC-OPENTYPE,cross-standard,candidate,research-seed,True,
AXM-17-DOCUMENTS-OFFICE-C-036-embedded-object,component,17-documents-office,Documents publishing spreadsheets presentations and forms,embedded object,"Reusable embedded object assembly in documents publishing spreadsheets presentations and forms, with a bounded role and an interface that can be tested independently.",SRC-ODF;SRC-PDF;SRC-EPUB;SRC-HTML;SRC-OPENTYPE,cross-standard,candidate,research-seed,True,
AXM-17-DOCUMENTS-OFFICE-C-037-template,component,17-documents-office,Documents publishing spreadsheets presentations and forms,template,"Reusable template assembly in documents publishing spreadsheets presentations and forms, with a bounded role and an interface that can be tested independently.",SRC-ODF;SRC-PDF;SRC-EPUB;SRC-HTML;SRC-OPENTYPE,cross-standard,candidate,research-seed,True,
AXM-17-DOCUMENTS-OFFICE-O-001-document-editor-engine,organ,17-documents-office,Documents publishing spreadsheets presentations and forms,document-editor engine,"Functional subsystem for document-editor engine in documents publishing spreadsheets presentations and forms; orchestrates lower-level components, applies policy and emits results plus evidence.",SRC-ODF;SRC-PDF;SRC-EPUB;SRC-HTML;SRC-OPENTYPE,cross-standard,candidate,research-seed,True,
AXM-17-DOCUMENTS-OFFICE-O-002-rich-text-compositor,organ,17-documents-office,Documents publishing spreadsheets presentations and forms,rich-text compositor,"Functional subsystem for rich-text compositor in documents publishing spreadsheets presentations and forms; orchestrates lower-level components, applies policy and emits results plus evidence.",SRC-ODF;SRC-PDF;SRC-EPUB;SRC-HTML;SRC-OPENTYPE,cross-standard,candidate,research-seed,True,
AXM-17-DOCUMENTS-OFFICE-O-003-pagination-engine,organ,17-documents-office,Documents publishing spreadsheets presentations and forms,pagination engine,"Functional subsystem for pagination engine in documents publishing spreadsheets presentations and forms; orchestrates lower-level components, applies policy and emits results plus evidence.",SRC-ODF;SRC-PDF;SRC-EPUB;SRC-HTML;SRC-OPENTYPE,cross-standard,candidate,research-seed,True,
AXM-17-DOCUMENTS-OFFICE-O-004-formula-calculator,organ,17-documents-office,Documents publishing spreadsheets presentations and forms,formula calculator,"Functional subsystem for formula calculator in documents publishing spreadsheets presentations and forms; orchestrates lower-level components, applies policy and emits results plus evidence.",SRC-ODF;SRC-PDF;SRC-EPUB;SRC-HTML;SRC-OPENTYPE,cross-standard,candidate,research-seed,True,
AXM-17-DOCUMENTS-OFFICE-O-005-spreadsheet-engine,organ,17-documents-office,Documents publishing spreadsheets presentations and forms,spreadsheet engine,"Functional subsystem for spreadsheet engine in documents publishing spreadsheets presentations and forms; orchestrates lower-level components, applies policy and emits results plus evidence.",SRC-ODF;SRC-PDF;SRC-EPUB;SRC-HTML;SRC-OPENTYPE,cross-standard,candidate,research-seed,True,
AXM-17-DOCUMENTS-OFFICE-O-006-charting-organ,organ,17-documents-office,Documents publishing spreadsheets presentations and forms,charting organ,"Functional subsystem for charting organ in documents publishing spreadsheets presentations and forms; orchestrates lower-level components, applies policy and emits results plus evidence.",SRC-ODF;SRC-PDF;SRC-EPUB;SRC-HTML;SRC-OPENTYPE,cross-standard,candidate,research-seed,True,
AXM-17-DOCUMENTS-OFFICE-O-007-presentation-engine,organ,17-documents-office,Documents publishing spreadsheets presentations and forms,presentation engine,"Functional subsystem for presentation engine in documents publishing spreadsheets presentations and forms; orchestrates lower-level components, applies policy and emits results plus evidence.",SRC-ODF;SRC-PDF;SRC-EPUB;SRC-HTML;SRC-OPENTYPE,cross-standard,candidate,research-seed,True,
AXM-17-DOCUMENTS-OFFICE-O-008-bibliography-and-citation-organ,organ,17-documents-office,Documents publishing spreadsheets presentations and forms,bibliography and citation organ,"Functional subsystem for bibliography and citation organ in documents publishing spreadsheets presentations and forms; orchestrates lower-level components, applies policy and emits results plus evidence.",SRC-ODF;SRC-PDF;SRC-EPUB;SRC-HTML;SRC-OPENTYPE,cross-standard,candidate,research-seed,True,
AXM-17-DOCUMENTS-OFFICE-O-009-form-engine,organ,17-documents-office,Documents publishing spreadsheets presentations and forms,form engine,"Functional subsystem for form engine in documents publishing spreadsheets presentations and forms; orchestrates lower-level components, applies policy and emits results plus evidence.",SRC-ODF;SRC-PDF;SRC-EPUB;SRC-HTML;SRC-OPENTYPE,cross-standard,candidate,research-seed,True,
AXM-17-DOCUMENTS-OFFICE-O-010-accessibility-tagging-organ,organ,17-documents-office,Documents publishing spreadsheets presentations and forms,accessibility-tagging organ,"Functional subsystem for accessibility-tagging organ in documents publishing spreadsheets presentations and forms; orchestrates lower-level components, applies policy and emits results plus evidence.",SRC-ODF;SRC-PDF;SRC-EPUB;SRC-HTML;SRC-OPENTYPE,cross-standard,candidate,research-seed,True,
AXM-17-DOCUMENTS-OFFICE-O-011-publication-packager,organ,17-documents-office,Documents publishing spreadsheets presentations and forms,publication packager,"Functional subsystem for publication packager in documents publishing spreadsheets presentations and forms; orchestrates lower-level components, applies policy and emits results plus evidence.",SRC-ODF;SRC-PDF;SRC-EPUB;SRC-HTML;SRC-OPENTYPE,cross-standard,candidate,research-seed,True,
AXM-17-DOCUMENTS-OFFICE-O-012-pdf-exporter,organ,17-documents-office,Documents publishing spreadsheets presentations and forms,PDF exporter,"Functional subsystem for PDF exporter in documents publishing spreadsheets presentations and forms; orchestrates lower-level components, applies policy and emits results plus evidence.",SRC-ODF;SRC-PDF;SRC-EPUB;SRC-HTML;SRC-OPENTYPE,cross-standard,candidate,research-seed,True,
AXM-17-DOCUMENTS-OFFICE-O-013-epub-exporter,organ,17-documents-office,Documents publishing spreadsheets presentations and forms,EPUB exporter,"Functional subsystem for EPUB exporter in documents publishing spreadsheets presentations and forms; orchestrates lower-level components, applies policy and emits results plus evidence.",SRC-ODF;SRC-PDF;SRC-EPUB;SRC-HTML;SRC-OPENTYPE,cross-standard,candidate,research-seed,True,
AXM-17-DOCUMENTS-OFFICE-O-014-office-document-converter,organ,17-documents-office,Documents publishing spreadsheets presentations and forms,office-document converter,"Functional subsystem for office-document converter in documents publishing spreadsheets presentations and forms; orchestrates lower-level components, applies policy and emits results plus evidence.",SRC-ODF;SRC-PDF;SRC-EPUB;SRC-HTML;SRC-OPENTYPE,cross-standard,candidate,research-seed,True,
AXM-17-DOCUMENTS-OFFICE-O-015-print-preflight-organ,organ,17-documents-office,Documents publishing spreadsheets presentations and forms,print-preflight organ,"Functional subsystem for print-preflight organ in documents publishing spreadsheets presentations and forms; orchestrates lower-level components, applies policy and emits results plus evidence.",SRC-ODF;SRC-PDF;SRC-EPUB;SRC-HTML;SRC-OPENTYPE,cross-standard,candidate,research-seed,True,
AXM-17-DOCUMENTS-OFFICE-O-016-document-diff-organ,organ,17-documents-office,Documents publishing spreadsheets presentations and forms,document-diff organ,"Functional subsystem for document-diff organ in documents publishing spreadsheets presentations and forms; orchestrates lower-level components, applies policy and emits results plus evidence.",SRC-ODF;SRC-PDF;SRC-EPUB;SRC-HTML;SRC-OPENTYPE,cross-standard,candidate,research-seed,True,
AXM-17-DOCUMENTS-OFFICE-O-017-template-engine,organ,17-documents-office,Documents publishing spreadsheets presentations and forms,template engine,"Functional subsystem for template engine in documents publishing spreadsheets presentations and forms; orchestrates lower-level components, applies policy and emits results plus evidence.",SRC-ODF;SRC-PDF;SRC-EPUB;SRC-HTML;SRC-OPENTYPE,cross-standard,candidate,research-seed,True,
AXM-17-DOCUMENTS-OFFICE-O-018-document-validation-organ,organ,17-documents-office,Documents publishing spreadsheets presentations and forms,document-validation organ,"Functional subsystem for document-validation organ in documents publishing spreadsheets presentations and forms; orchestrates lower-level components, applies policy and emits results plus evidence.",SRC-ODF;SRC-PDF;SRC-EPUB;SRC-HTML;SRC-OPENTYPE,cross-standard,candidate,research-seed,True,
AXM-18-VISUALIZATION-GEO-A-001-datum-value,atom,18-visualization-geo,Data visualization geospatial maps and spatial analytics,datum value,"Smallest independently addressable datum value unit in data visualization geospatial maps and spatial analytics, intended to be typed, referenced, transformed or validated without requiring a whole finished asset.",SRC-VEGALITE;SRC-GEOJSON;SRC-OGC;SRC-3DTILES,cross-standard,candidate,research-seed,True,
AXM-18-VISUALIZATION-GEO-A-002-dimension-field,atom,18-visualization-geo,Data visualization geospatial maps and spatial analytics,dimension field,"Smallest independently addressable dimension field unit in data visualization geospatial maps and spatial analytics, intended to be typed, referenced, transformed or validated without requiring a whole finished asset.",SRC-VEGALITE;SRC-GEOJSON;SRC-OGC;SRC-3DTILES,cross-standard,candidate,research-seed,True,
AXM-18-VISUALIZATION-GEO-A-003-measure-field,atom,18-visualization-geo,Data visualization geospatial maps and spatial analytics,measure field,"Smallest independently addressable measure field unit in data visualization geospatial maps and spatial analytics, intended to be typed, referenced, transformed or validated without requiring a whole finished asset.",SRC-VEGALITE;SRC-GEOJSON;SRC-OGC;SRC-3DTILES,cross-standard,candidate,research-seed,True,
AXM-18-VISUALIZATION-GEO-A-004-category-value,atom,18-visualization-geo,Data visualization geospatial maps and spatial analytics,category value,"Smallest independently addressable category value unit in data visualization geospatial maps and spatial analytics, intended to be typed, referenced, transformed or validated without requiring a whole finished asset.",SRC-VEGALITE;SRC-GEOJSON;SRC-OGC;SRC-3DTILES,cross-standard,candidate,research-seed,True,
AXM-18-VISUALIZATION-GEO-A-005-mark-type,atom,18-visualization-geo,Data visualization geospatial maps and spatial analytics,mark type,"Smallest independently addressable mark type unit in data visualization geospatial maps and spatial analytics, intended to be typed, referenced, transformed or validated without requiring a whole finished asset.",SRC-VEGALITE;SRC-GEOJSON;SRC-OGC;SRC-3DTILES,cross-standard,candidate,research-seed,True,
AXM-18-VISUALIZATION-GEO-A-006-encoding-channel,atom,18-visualization-geo,Data visualization geospatial maps and spatial analytics,encoding channel,"Smallest independently addressable encoding channel unit in data visualization geospatial maps and spatial analytics, intended to be typed, referenced, transformed or validated without requiring a whole finished asset.",SRC-VEGALITE;SRC-GEOJSON;SRC-OGC;SRC-3DTILES,cross-standard,candidate,research-seed,True,
AXM-18-VISUALIZATION-GEO-A-007-scale-domain-value,atom,18-visualization-geo,Data visualization geospatial maps and spatial analytics,scale-domain value,"Smallest independently addressable scale-domain value unit in data visualization geospatial maps and spatial analytics, intended to be typed, referenced, transformed or validated without requiring a whole finished asset.",SRC-VEGALITE;SRC-GEOJSON;SRC-OGC;SRC-3DTILES,cross-standard,candidate,research-seed,True,
AXM-18-VISUALIZATION-GEO-A-008-scale-range-value,atom,18-visualization-geo,Data visualization geospatial maps and spatial analytics,scale-range value,"Smallest independently addressable scale-range value unit in data visualization geospatial maps and spatial analytics, intended to be typed, referenced, transformed or validated without requiring a whole finished asset.",SRC-VEGALITE;SRC-GEOJSON;SRC-OGC;SRC-3DTILES,cross-standard,candidate,research-seed,True,
AXM-18-VISUALIZATION-GEO-A-009-axis-tick,atom,18-visualization-geo,Data visualization geospatial maps and spatial analytics,axis tick,"Smallest independently addressable axis tick unit in data visualization geospatial maps and spatial analytics, intended to be typed, referenced, transformed or validated without requiring a whole finished asset.",SRC-VEGALITE;SRC-GEOJSON;SRC-OGC;SRC-3DTILES,cross-standard,candidate,research-seed,True,
AXM-18-VISUALIZATION-GEO-A-010-axis-label,atom,18-visualization-geo,Data visualization geospatial maps and spatial analytics,axis label,"Smallest independently addressable axis label unit in data visualization geospatial maps and spatial analytics, intended to be typed, referenced, transformed or validated without requiring a whole finished asset.",SRC-VEGALITE;SRC-GEOJSON;SRC-OGC;SRC-3DTILES,cross-standard,candidate,research-seed,True,
AXM-18-VISUALIZATION-GEO-A-011-legend-entry,atom,18-visualization-geo,Data visualization geospatial maps and spatial analytics,legend entry,"Smallest independently addressable legend entry unit in data visualization geospatial maps and spatial analytics, intended to be typed, referenced, transformed or validated without requiring a whole finished asset.",SRC-VEGALITE;SRC-GEOJSON;SRC-OGC;SRC-3DTILES,cross-standard,candidate,research-seed,True,
AXM-18-VISUALIZATION-GEO-A-012-bin-boundary,atom,18-visualization-geo,Data visualization geospatial maps and spatial analytics,bin boundary,"Smallest independently addressable bin boundary unit in data visualization geospatial maps and spatial analytics, intended to be typed, referenced, transformed or validated without requiring a whole finished asset.",SRC-VEGALITE;SRC-GEOJSON;SRC-OGC;SRC-3DTILES,cross-standard,candidate,research-seed,True,
AXM-18-VISUALIZATION-GEO-A-013-aggregate-operator,atom,18-visualization-geo,Data visualization geospatial maps and spatial analytics,aggregate operator,"Smallest independently addressable aggregate operator unit in data visualization geospatial maps and spatial analytics, intended to be typed, referenced, transformed or validated without requiring a whole finished asset.",SRC-VEGALITE;SRC-GEOJSON;SRC-OGC;SRC-3DTILES,cross-standard,candidate,research-seed,True,
AXM-18-VISUALIZATION-GEO-A-014-filter-predicate,atom,18-visualization-geo,Data visualization geospatial maps and spatial analytics,filter predicate,"Smallest independently addressable filter predicate unit in data visualization geospatial maps and spatial analytics, intended to be typed, referenced, transformed or validated without requiring a whole finished asset.",SRC-VEGALITE;SRC-GEOJSON;SRC-OGC;SRC-3DTILES,cross-standard,candidate,research-seed,True,
AXM-18-VISUALIZATION-GEO-A-015-selection-state,atom,18-visualization-geo,Data visualization geospatial maps and spatial analytics,selection state,"Smallest independently addressable selection state unit in data visualization geospatial maps and spatial analytics, intended to be typed, referenced, transformed or validated without requiring a whole finished asset.",SRC-VEGALITE;SRC-GEOJSON;SRC-OGC;SRC-3DTILES,cross-standard,candidate,research-seed,True,
AXM-18-VISUALIZATION-GEO-A-016-latitude,atom,18-visualization-geo,Data visualization geospatial maps and spatial analytics,latitude,"Smallest independently addressable latitude unit in data visualization geospatial maps and spatial analytics, intended to be typed, referenced, transformed or validated without requiring a whole finished asset.",SRC-VEGALITE;SRC-GEOJSON;SRC-OGC;SRC-3DTILES,cross-standard,candidate,research-seed,True,
AXM-18-VISUALIZATION-GEO-A-017-longitude,atom,18-visualization-geo,Data visualization geospatial maps and spatial analytics,longitude,"Smallest independently addressable longitude unit in data visualization geospatial maps and spatial analytics, intended to be typed, referenced, transformed or validated without requiring a whole finished asset.",SRC-VEGALITE;SRC-GEOJSON;SRC-OGC;SRC-3DTILES,cross-standard,candidate,research-seed,True,
AXM-18-VISUALIZATION-GEO-A-018-altitude,atom,18-visualization-geo,Data visualization geospatial maps and spatial analytics,altitude,"Smallest independently addressable altitude unit in data visualization geospatial maps and spatial analytics, intended to be typed, referenced, transformed or validated without requiring a whole finished asset.",SRC-VEGALITE;SRC-GEOJSON;SRC-OGC;SRC-3DTILES,cross-standard,candidate,research-seed,True,
AXM-18-VISUALIZATION-GEO-A-019-coordinate-reference-system-reference,atom,18-visualization-geo,Data visualization geospatial maps and spatial analytics,coordinate-reference-system reference,"Smallest independently addressable coordinate-reference-system reference unit in data visualization geospatial maps and spatial analytics, intended to be typed, referenced, transformed or validated without requiring a whole finished asset.",SRC-VEGALITE;SRC-GEOJSON;SRC-OGC;SRC-3DTILES,cross-standard,candidate,research-seed,True,
AXM-18-VISUALIZATION-GEO-A-020-geometry-coordinate,atom,18-visualization-geo,Data visualization geospatial maps and spatial analytics,geometry coordinate,"Smallest independently addressable geometry coordinate unit in data visualization geospatial maps and spatial analytics, intended to be typed, referenced, transformed or validated without requiring a whole finished asset.",SRC-VEGALITE;SRC-GEOJSON;SRC-OGC;SRC-3DTILES,cross-standard,candidate,research-seed,True,
AXM-18-VISUALIZATION-GEO-A-021-feature-property,atom,18-visualization-geo,Data visualization geospatial maps and spatial analytics,feature property,"Smallest independently addressable feature property unit in data visualization geospatial maps and spatial analytics, intended to be typed, referenced, transformed or validated without requiring a whole finished asset.",SRC-VEGALITE;SRC-GEOJSON;SRC-OGC;SRC-3DTILES,cross-standard,candidate,research-seed,True,
AXM-18-VISUALIZATION-GEO-A-022-geospatial-extent,atom,18-visualization-geo,Data visualization geospatial maps and spatial analytics,geospatial extent,"Smallest independently addressable geospatial extent unit in data visualization geospatial maps and spatial analytics, intended to be typed, referenced, transformed or validated without requiring a whole finished asset.",SRC-VEGALITE;SRC-GEOJSON;SRC-OGC;SRC-3DTILES,cross-standard,candidate,research-seed,True,
AXM-18-VISUALIZATION-GEO-A-023-tile-coordinate,atom,18-visualization-geo,Data visualization geospatial maps and spatial analytics,tile coordinate,"Smallest independently addressable tile coordinate unit in data visualization geospatial maps and spatial analytics, intended to be typed, referenced, transformed or validated without requiring a whole finished asset.",SRC-VEGALITE;SRC-GEOJSON;SRC-OGC;SRC-3DTILES,cross-standard,candidate,research-seed,True,
AXM-18-VISUALIZATION-GEO-A-024-zoom-level,atom,18-visualization-geo,Data visualization geospatial maps and spatial analytics,zoom level,"Smallest independently addressable zoom level unit in data visualization geospatial maps and spatial analytics, intended to be typed, referenced, transformed or validated without requiring a whole finished asset.",SRC-VEGALITE;SRC-GEOJSON;SRC-OGC;SRC-3DTILES,cross-standard,candidate,research-seed,True,
AXM-18-VISUALIZATION-GEO-A-025-georeference-tag,atom,18-visualization-geo,Data visualization geospatial maps and spatial analytics,georeference tag,"Smallest independently addressable georeference tag unit in data visualization geospatial maps and spatial analytics, intended to be typed, referenced, transformed or validated without requiring a whole finished asset.",SRC-VEGALITE;SRC-GEOJSON;SRC-OGC;SRC-3DTILES,cross-standard,candidate,research-seed,True,
AXM-18-VISUALIZATION-GEO-A-026-time-coordinate,atom,18-visualization-geo,Data visualization geospatial maps and spatial analytics,time coordinate,"Smallest independently addressable time coordinate unit in data visualization geospatial maps and spatial analytics, intended to be typed, referenced, transformed or validated without requiring a whole finished asset.",SRC-VEGALITE;SRC-GEOJSON;SRC-OGC;SRC-3DTILES,cross-standard,candidate,research-seed,True,
AXM-18-VISUALIZATION-GEO-A-027-map-scale,atom,18-visualization-geo,Data visualization geospatial maps and spatial analytics,map scale,"Smallest independently addressable map scale unit in data visualization geospatial maps and spatial analytics, intended to be typed, referenced, transformed or validated without requiring a whole finished asset.",SRC-VEGALITE;SRC-GEOJSON;SRC-OGC;SRC-3DTILES,cross-standard,candidate,research-seed,True,
AXM-18-VISUALIZATION-GEO-A-028-projection-parameter,atom,18-visualization-geo,Data visualization geospatial maps and spatial analytics,projection parameter,"Smallest independently addressable projection parameter unit in data visualization geospatial maps and spatial analytics, intended to be typed, referenced, transformed or validated without requiring a whole finished asset.",SRC-VEGALITE;SRC-GEOJSON;SRC-OGC;SRC-3DTILES,cross-standard,candidate,research-seed,True,
AXM-18-VISUALIZATION-GEO-A-029-spatial-resolution,atom,18-visualization-geo,Data visualization geospatial maps and spatial analytics,spatial resolution,"Smallest independently addressable spatial resolution unit in data visualization geospatial maps and spatial analytics, intended to be typed, referenced, transformed or validated without requiring a whole finished asset.",SRC-VEGALITE;SRC-GEOJSON;SRC-OGC;SRC-3DTILES,cross-standard,candidate,research-seed,True,
AXM-18-VISUALIZATION-GEO-A-030-nodata-value,atom,18-visualization-geo,Data visualization geospatial maps and spatial analytics,nodata value,"Smallest independently addressable nodata value unit in data visualization geospatial maps and spatial analytics, intended to be typed, referenced, transformed or validated without requiring a whole finished asset.",SRC-VEGALITE;SRC-GEOJSON;SRC-OGC;SRC-3DTILES,cross-standard,candidate,research-seed,True,
AXM-18-VISUALIZATION-GEO-A-031-elevation-value,atom,18-visualization-geo,Data visualization geospatial maps and spatial analytics,elevation value,"Smallest independently addressable elevation value unit in data visualization geospatial maps and spatial analytics, intended to be typed, referenced, transformed or validated without requiring a whole finished asset.",SRC-VEGALITE;SRC-GEOJSON;SRC-OGC;SRC-3DTILES,cross-standard,candidate,research-seed,True,
AXM-18-VISUALIZATION-GEO-C-001-dataset,component,18-visualization-geo,Data visualization geospatial maps and spatial analytics,dataset,"Reusable dataset assembly in data visualization geospatial maps and spatial analytics, with a bounded role and an interface that can be tested independently.",SRC-VEGALITE;SRC-GEOJSON;SRC-OGC;SRC-3DTILES,cross-standard,candidate,research-seed,True,
AXM-18-VISUALIZATION-GEO-C-002-data-transform,component,18-visualization-geo,Data visualization geospatial maps and spatial analytics,data transform,"Reusable data transform assembly in data visualization geospatial maps and spatial analytics, with a bounded role and an interface that can be tested independently.",SRC-VEGALITE;SRC-GEOJSON;SRC-OGC;SRC-3DTILES,cross-standard,candidate,research-seed,True,
AXM-18-VISUALIZATION-GEO-C-003-visual-mark,component,18-visualization-geo,Data visualization geospatial maps and spatial analytics,visual mark,"Reusable visual mark assembly in data visualization geospatial maps and spatial analytics, with a bounded role and an interface that can be tested independently.",SRC-VEGALITE;SRC-GEOJSON;SRC-OGC;SRC-3DTILES,cross-standard,candidate,research-seed,True,
AXM-18-VISUALIZATION-GEO-C-004-encoding-map,component,18-visualization-geo,Data visualization geospatial maps and spatial analytics,encoding map,"Reusable encoding map assembly in data visualization geospatial maps and spatial analytics, with a bounded role and an interface that can be tested independently.",SRC-VEGALITE;SRC-GEOJSON;SRC-OGC;SRC-3DTILES,cross-standard,candidate,research-seed,True,
AXM-18-VISUALIZATION-GEO-C-005-scale,component,18-visualization-geo,Data visualization geospatial maps and spatial analytics,scale,"Reusable scale assembly in data visualization geospatial maps and spatial analytics, with a bounded role and an interface that can be tested independently.",SRC-VEGALITE;SRC-GEOJSON;SRC-OGC;SRC-3DTILES,cross-standard,candidate,research-seed,True,
AXM-18-VISUALIZATION-GEO-C-006-axis,component,18-visualization-geo,Data visualization geospatial maps and spatial analytics,axis,"Reusable axis assembly in data visualization geospatial maps and spatial analytics, with a bounded role and an interface that can be tested independently.",SRC-VEGALITE;SRC-GEOJSON;SRC-OGC;SRC-3DTILES,cross-standard,candidate,research-seed,True,
AXM-18-VISUALIZATION-GEO-C-007-legend,component,18-visualization-geo,Data visualization geospatial maps and spatial analytics,legend,"Reusable legend assembly in data visualization geospatial maps and spatial analytics, with a bounded role and an interface that can be tested independently.",SRC-VEGALITE;SRC-GEOJSON;SRC-OGC;SRC-3DTILES,cross-standard,candidate,research-seed,True,
AXM-18-VISUALIZATION-GEO-C-008-selection,component,18-visualization-geo,Data visualization geospatial maps and spatial analytics,selection,"Reusable selection assembly in data visualization geospatial maps and spatial analytics, with a bounded role and an interface that can be tested independently.",SRC-VEGALITE;SRC-GEOJSON;SRC-OGC;SRC-3DTILES,cross-standard,candidate,research-seed,True,
AXM-18-VISUALIZATION-GEO-C-009-chart,component,18-visualization-geo,Data visualization geospatial maps and spatial analytics,chart,"Reusable chart assembly in data visualization geospatial maps and spatial analytics, with a bounded role and an interface that can be tested independently.",SRC-VEGALITE;SRC-GEOJSON;SRC-OGC;SRC-3DTILES,cross-standard,candidate,research-seed,True,
AXM-18-VISUALIZATION-GEO-C-010-dashboard-view,component,18-visualization-geo,Data visualization geospatial maps and spatial analytics,dashboard view,"Reusable dashboard view assembly in data visualization geospatial maps and spatial analytics, with a bounded role and an interface that can be tested independently.",SRC-VEGALITE;SRC-GEOJSON;SRC-OGC;SRC-3DTILES,cross-standard,candidate,research-seed,True,
AXM-18-VISUALIZATION-GEO-C-011-visual-layer,component,18-visualization-geo,Data visualization geospatial maps and spatial analytics,visual layer,"Reusable visual layer assembly in data visualization geospatial maps and spatial analytics, with a bounded role and an interface that can be tested independently.",SRC-VEGALITE;SRC-GEOJSON;SRC-OGC;SRC-3DTILES,cross-standard,candidate,research-seed,True,
AXM-18-VISUALIZATION-GEO-C-012-faceted-view,component,18-visualization-geo,Data visualization geospatial maps and spatial analytics,faceted view,"Reusable faceted view assembly in data visualization geospatial maps and spatial analytics, with a bounded role and an interface that can be tested independently.",SRC-VEGALITE;SRC-GEOJSON;SRC-OGC;SRC-3DTILES,cross-standard,candidate,research-seed,True,
AXM-18-VISUALIZATION-GEO-C-013-map-feature,component,18-visualization-geo,Data visualization geospatial maps and spatial analytics,map feature,"Reusable map feature assembly in data visualization geospatial maps and spatial analytics, with a bounded role and an interface that can be tested independently.",SRC-VEGALITE;SRC-GEOJSON;SRC-OGC;SRC-3DTILES,cross-standard,candidate,research-seed,True,
AXM-18-VISUALIZATION-GEO-C-014-feature-collection,component,18-visualization-geo,Data visualization geospatial maps and spatial analytics,feature collection,"Reusable feature collection assembly in data visualization geospatial maps and spatial analytics, with a bounded role and an interface that can be tested independently.",SRC-VEGALITE;SRC-GEOJSON;SRC-OGC;SRC-3DTILES,cross-standard,candidate,research-seed,True,
AXM-18-VISUALIZATION-GEO-C-015-geometry-collection,component,18-visualization-geo,Data visualization geospatial maps and spatial analytics,geometry collection,"Reusable geometry collection assembly in data visualization geospatial maps and spatial analytics, with a bounded role and an interface that can be tested independently.",SRC-VEGALITE;SRC-GEOJSON;SRC-OGC;SRC-3DTILES,cross-standard,candidate,research-seed,True,
AXM-18-VISUALIZATION-GEO-C-016-raster-coverage,component,18-visualization-geo,Data visualization geospatial maps and spatial analytics,raster coverage,"Reusable raster coverage assembly in data visualization geospatial maps and spatial analytics, with a bounded role and an interface that can be tested independently.",SRC-VEGALITE;SRC-GEOJSON;SRC-OGC;SRC-3DTILES,cross-standard,candidate,research-seed,True,
AXM-18-VISUALIZATION-GEO-C-017-vector-tile,component,18-visualization-geo,Data visualization geospatial maps and spatial analytics,vector tile,"Reusable vector tile assembly in data visualization geospatial maps and spatial analytics, with a bounded role and an interface that can be tested independently.",SRC-VEGALITE;SRC-GEOJSON;SRC-OGC;SRC-3DTILES,cross-standard,candidate,research-seed,True,
AXM-18-VISUALIZATION-GEO-C-018-raster-tile,component,18-visualization-geo,Data visualization geospatial maps and spatial analytics,raster tile,"Reusable raster tile assembly in data visualization geospatial maps and spatial analytics, with a bounded role and an interface that can be tested independently.",SRC-VEGALITE;SRC-GEOJSON;SRC-OGC;SRC-3DTILES,cross-standard,candidate,research-seed,True,
AXM-18-VISUALIZATION-GEO-C-019-tileset,component,18-visualization-geo,Data visualization geospatial maps and spatial analytics,tileset,"Reusable tileset assembly in data visualization geospatial maps and spatial analytics, with a bounded role and an interface that can be tested independently.",SRC-VEGALITE;SRC-GEOJSON;SRC-OGC;SRC-3DTILES,cross-standard,candidate,research-seed,True,
AXM-18-VISUALIZATION-GEO-C-020-map-style,component,18-visualization-geo,Data visualization geospatial maps and spatial analytics,map style,"Reusable map style assembly in data visualization geospatial maps and spatial analytics, with a bounded role and an interface that can be tested independently.",SRC-VEGALITE;SRC-GEOJSON;SRC-OGC;SRC-3DTILES,cross-standard,candidate,research-seed,True,
AXM-18-VISUALIZATION-GEO-C-021-coordinate-reference-system,component,18-visualization-geo,Data visualization geospatial maps and spatial analytics,coordinate reference system,"Reusable coordinate reference system assembly in data visualization geospatial maps and spatial analytics, with a bounded role and an interface that can be tested independently.",SRC-VEGALITE;SRC-GEOJSON;SRC-OGC;SRC-3DTILES,cross-standard,candidate,research-seed,True,
AXM-18-VISUALIZATION-GEO-C-022-spatial-index,component,18-visualization-geo,Data visualization geospatial maps and spatial analytics,spatial index,"Reusable spatial index assembly in data visualization geospatial maps and spatial analytics, with a bounded role and an interface that can be tested independently.",SRC-VEGALITE;SRC-GEOJSON;SRC-OGC;SRC-3DTILES,cross-standard,candidate,research-seed,True,
AXM-18-VISUALIZATION-GEO-C-023-geocoding-result,component,18-visualization-geo,Data visualization geospatial maps and spatial analytics,geocoding result,"Reusable geocoding result assembly in data visualization geospatial maps and spatial analytics, with a bounded role and an interface that can be tested independently.",SRC-VEGALITE;SRC-GEOJSON;SRC-OGC;SRC-3DTILES,cross-standard,candidate,research-seed,True,
AXM-18-VISUALIZATION-GEO-C-024-route,component,18-visualization-geo,Data visualization geospatial maps and spatial analytics,route,"Reusable route assembly in data visualization geospatial maps and spatial analytics, with a bounded role and an interface that can be tested independently.",SRC-VEGALITE;SRC-GEOJSON;SRC-OGC;SRC-3DTILES,cross-standard,candidate,research-seed,True,
AXM-18-VISUALIZATION-GEO-C-025-elevation-model,component,18-visualization-geo,Data visualization geospatial maps and spatial analytics,elevation model,"Reusable elevation model assembly in data visualization geospatial maps and spatial analytics, with a bounded role and an interface that can be tested independently.",SRC-VEGALITE;SRC-GEOJSON;SRC-OGC;SRC-3DTILES,cross-standard,candidate,research-seed,True,
AXM-18-VISUALIZATION-GEO-C-026-heatmap,component,18-visualization-geo,Data visualization geospatial maps and spatial analytics,heatmap,"Reusable heatmap assembly in data visualization geospatial maps and spatial analytics, with a bounded role and an interface that can be tested independently.",SRC-VEGALITE;SRC-GEOJSON;SRC-OGC;SRC-3DTILES,cross-standard,candidate,research-seed,True,
AXM-18-VISUALIZATION-GEO-C-027-contour-set,component,18-visualization-geo,Data visualization geospatial maps and spatial analytics,contour set,"Reusable contour set assembly in data visualization geospatial maps and spatial analytics, with a bounded role and an interface that can be tested independently.",SRC-VEGALITE;SRC-GEOJSON;SRC-OGC;SRC-3DTILES,cross-standard,candidate,research-seed,True,
AXM-18-VISUALIZATION-GEO-C-028-choropleth-layer,component,18-visualization-geo,Data visualization geospatial maps and spatial analytics,choropleth layer,"Reusable choropleth layer assembly in data visualization geospatial maps and spatial analytics, with a bounded role and an interface that can be tested independently.",SRC-VEGALITE;SRC-GEOJSON;SRC-OGC;SRC-3DTILES,cross-standard,candidate,research-seed,True,
AXM-18-VISUALIZATION-GEO-C-029-time-series-view,component,18-visualization-geo,Data visualization geospatial maps and spatial analytics,time-series view,"Reusable time-series view assembly in data visualization geospatial maps and spatial analytics, with a bounded role and an interface that can be tested independently.",SRC-VEGALITE;SRC-GEOJSON;SRC-OGC;SRC-3DTILES,cross-standard,candidate,research-seed,True,
AXM-18-VISUALIZATION-GEO-C-030-network-visualization,component,18-visualization-geo,Data visualization geospatial maps and spatial analytics,network visualization,"Reusable network visualization assembly in data visualization geospatial maps and spatial analytics, with a bounded role and an interface that can be tested independently.",SRC-VEGALITE;SRC-GEOJSON;SRC-OGC;SRC-3DTILES,cross-standard,candidate,research-seed,True,
AXM-18-VISUALIZATION-GEO-O-001-visualization-compiler,organ,18-visualization-geo,Data visualization geospatial maps and spatial analytics,visualization compiler,"Functional subsystem for visualization compiler in data visualization geospatial maps and spatial analytics; orchestrates lower-level components, applies policy and emits results plus evidence.",SRC-VEGALITE;SRC-GEOJSON;SRC-OGC;SRC-3DTILES,cross-standard,candidate,research-seed,True,
AXM-18-VISUALIZATION-GEO-O-002-chart-renderer,organ,18-visualization-geo,Data visualization geospatial maps and spatial analytics,chart renderer,"Functional subsystem for chart renderer in data visualization geospatial maps and spatial analytics; orchestrates lower-level components, applies policy and emits results plus evidence.",SRC-VEGALITE;SRC-GEOJSON;SRC-OGC;SRC-3DTILES,cross-standard,candidate,research-seed,True,
AXM-18-VISUALIZATION-GEO-O-003-dashboard-composer,organ,18-visualization-geo,Data visualization geospatial maps and spatial analytics,dashboard composer,"Functional subsystem for dashboard composer in data visualization geospatial maps and spatial analytics; orchestrates lower-level components, applies policy and emits results plus evidence.",SRC-VEGALITE;SRC-GEOJSON;SRC-OGC;SRC-3DTILES,cross-standard,candidate,research-seed,True,
AXM-18-VISUALIZATION-GEO-O-004-interactive-selection-organ,organ,18-visualization-geo,Data visualization geospatial maps and spatial analytics,interactive-selection organ,"Functional subsystem for interactive-selection organ in data visualization geospatial maps and spatial analytics; orchestrates lower-level components, applies policy and emits results plus evidence.",SRC-VEGALITE;SRC-GEOJSON;SRC-OGC;SRC-3DTILES,cross-standard,candidate,research-seed,True,
AXM-18-VISUALIZATION-GEO-O-005-map-renderer,organ,18-visualization-geo,Data visualization geospatial maps and spatial analytics,map renderer,"Functional subsystem for map renderer in data visualization geospatial maps and spatial analytics; orchestrates lower-level components, applies policy and emits results plus evidence.",SRC-VEGALITE;SRC-GEOJSON;SRC-OGC;SRC-3DTILES,cross-standard,candidate,research-seed,True,
AXM-18-VISUALIZATION-GEO-O-006-geospatial-transformer,organ,18-visualization-geo,Data visualization geospatial maps and spatial analytics,geospatial transformer,"Functional subsystem for geospatial transformer in data visualization geospatial maps and spatial analytics; orchestrates lower-level components, applies policy and emits results plus evidence.",SRC-VEGALITE;SRC-GEOJSON;SRC-OGC;SRC-3DTILES,cross-standard,candidate,research-seed,True,
AXM-18-VISUALIZATION-GEO-O-007-coordinate-reference-transformer,organ,18-visualization-geo,Data visualization geospatial maps and spatial analytics,coordinate-reference transformer,"Functional subsystem for coordinate-reference transformer in data visualization geospatial maps and spatial analytics; orchestrates lower-level components, applies policy and emits results plus evidence.",SRC-VEGALITE;SRC-GEOJSON;SRC-OGC;SRC-3DTILES,cross-standard,candidate,research-seed,True,
AXM-18-VISUALIZATION-GEO-O-008-tile-server-and-client-organ,organ,18-visualization-geo,Data visualization geospatial maps and spatial analytics,tile-server and client organ,"Functional subsystem for tile-server and client organ in data visualization geospatial maps and spatial analytics; orchestrates lower-level components, applies policy and emits results plus evidence.",SRC-VEGALITE;SRC-GEOJSON;SRC-OGC;SRC-3DTILES,cross-standard,candidate,research-seed,True,
AXM-18-VISUALIZATION-GEO-O-009-feature-query-organ,organ,18-visualization-geo,Data visualization geospatial maps and spatial analytics,feature-query organ,"Functional subsystem for feature-query organ in data visualization geospatial maps and spatial analytics; orchestrates lower-level components, applies policy and emits results plus evidence.",SRC-VEGALITE;SRC-GEOJSON;SRC-OGC;SRC-3DTILES,cross-standard,candidate,research-seed,True,
AXM-18-VISUALIZATION-GEO-O-010-raster-analysis-organ,organ,18-visualization-geo,Data visualization geospatial maps and spatial analytics,raster-analysis organ,"Functional subsystem for raster-analysis organ in data visualization geospatial maps and spatial analytics; orchestrates lower-level components, applies policy and emits results plus evidence.",SRC-VEGALITE;SRC-GEOJSON;SRC-OGC;SRC-3DTILES,cross-standard,candidate,research-seed,True,
AXM-18-VISUALIZATION-GEO-O-011-geocoding-organ,organ,18-visualization-geo,Data visualization geospatial maps and spatial analytics,geocoding organ,"Functional subsystem for geocoding organ in data visualization geospatial maps and spatial analytics; orchestrates lower-level components, applies policy and emits results plus evidence.",SRC-VEGALITE;SRC-GEOJSON;SRC-OGC;SRC-3DTILES,cross-standard,candidate,research-seed,True,
AXM-18-VISUALIZATION-GEO-O-012-routing-organ,organ,18-visualization-geo,Data visualization geospatial maps and spatial analytics,routing organ,"Functional subsystem for routing organ in data visualization geospatial maps and spatial analytics; orchestrates lower-level components, applies policy and emits results plus evidence.",SRC-VEGALITE;SRC-GEOJSON;SRC-OGC;SRC-3DTILES,cross-standard,candidate,research-seed,True,
AXM-18-VISUALIZATION-GEO-O-013-spatial-analytics-organ,organ,18-visualization-geo,Data visualization geospatial maps and spatial analytics,spatial-analytics organ,"Functional subsystem for spatial-analytics organ in data visualization geospatial maps and spatial analytics; orchestrates lower-level components, applies policy and emits results plus evidence.",SRC-VEGALITE;SRC-GEOJSON;SRC-OGC;SRC-3DTILES,cross-standard,candidate,research-seed,True,
AXM-18-VISUALIZATION-GEO-O-014-projection-engine,organ,18-visualization-geo,Data visualization geospatial maps and spatial analytics,projection engine,"Functional subsystem for projection engine in data visualization geospatial maps and spatial analytics; orchestrates lower-level components, applies policy and emits results plus evidence.",SRC-VEGALITE;SRC-GEOJSON;SRC-OGC;SRC-3DTILES,cross-standard,candidate,research-seed,True,
AXM-18-VISUALIZATION-GEO-O-015-visualization-accessibility-organ,organ,18-visualization-geo,Data visualization geospatial maps and spatial analytics,visualization-accessibility organ,"Functional subsystem for visualization-accessibility organ in data visualization geospatial maps and spatial analytics; orchestrates lower-level components, applies policy and emits results plus evidence.",SRC-VEGALITE;SRC-GEOJSON;SRC-OGC;SRC-3DTILES,cross-standard,candidate,research-seed,True,
AXM-19-AI-ML-AGENTS-A-001-token-identifier,atom,19-ai-ml-agents,AI machine learning agents knowledge and retrieval,token identifier,"Smallest independently addressable token identifier unit in ai machine learning agents knowledge and retrieval, intended to be typed, referenced, transformed or validated without requiring a whole finished asset.",SRC-ONNX;SRC-CROISSANT;SRC-OPENML;SRC-TOKENIZERS;SRC-MCP;SRC-RDF,cross-standard,candidate,research-seed,True,
AXM-19-AI-ML-AGENTS-A-002-special-token,atom,19-ai-ml-agents,AI machine learning agents knowledge and retrieval,special token,"Smallest independently addressable special token unit in ai machine learning agents knowledge and retrieval, intended to be typed, referenced, transformed or validated without requiring a whole finished asset.",SRC-ONNX;SRC-CROISSANT;SRC-OPENML;SRC-TOKENIZERS;SRC-MCP;SRC-RDF,cross-standard,candidate,research-seed,True,
AXM-19-AI-ML-AGENTS-A-003-vocabulary-entry,atom,19-ai-ml-agents,AI machine learning agents knowledge and retrieval,vocabulary entry,"Smallest independently addressable vocabulary entry unit in ai machine learning agents knowledge and retrieval, intended to be typed, referenced, transformed or validated without requiring a whole finished asset.",SRC-ONNX;SRC-CROISSANT;SRC-OPENML;SRC-TOKENIZERS;SRC-MCP;SRC-RDF,cross-standard,candidate,research-seed,True,
AXM-19-AI-ML-AGENTS-A-004-normalized-character,atom,19-ai-ml-agents,AI machine learning agents knowledge and retrieval,normalized character,"Smallest independently addressable normalized character unit in ai machine learning agents knowledge and retrieval, intended to be typed, referenced, transformed or validated without requiring a whole finished asset.",SRC-ONNX;SRC-CROISSANT;SRC-OPENML;SRC-TOKENIZERS;SRC-MCP;SRC-RDF,cross-standard,candidate,research-seed,True,
AXM-19-AI-ML-AGENTS-A-005-pre-token-boundary,atom,19-ai-ml-agents,AI machine learning agents knowledge and retrieval,pre-token boundary,"Smallest independently addressable pre-token boundary unit in ai machine learning agents knowledge and retrieval, intended to be typed, referenced, transformed or validated without requiring a whole finished asset.",SRC-ONNX;SRC-CROISSANT;SRC-OPENML;SRC-TOKENIZERS;SRC-MCP;SRC-RDF,cross-standard,candidate,research-seed,True,
AXM-19-AI-ML-AGENTS-A-006-tensor-element,atom,19-ai-ml-agents,AI machine learning agents knowledge and retrieval,tensor element,"Smallest independently addressable tensor element unit in ai machine learning agents knowledge and retrieval, intended to be typed, referenced, transformed or validated without requiring a whole finished asset.",SRC-ONNX;SRC-CROISSANT;SRC-OPENML;SRC-TOKENIZERS;SRC-MCP;SRC-RDF,cross-standard,candidate,research-seed,True,
AXM-19-AI-ML-AGENTS-A-007-tensor-shape-dimension,atom,19-ai-ml-agents,AI machine learning agents knowledge and retrieval,tensor-shape dimension,"Smallest independently addressable tensor-shape dimension unit in ai machine learning agents knowledge and retrieval, intended to be typed, referenced, transformed or validated without requiring a whole finished asset.",SRC-ONNX;SRC-CROISSANT;SRC-OPENML;SRC-TOKENIZERS;SRC-MCP;SRC-RDF,cross-standard,candidate,research-seed,True,
AXM-19-AI-ML-AGENTS-A-008-model-input,atom,19-ai-ml-agents,AI machine learning agents knowledge and retrieval,model input,"Smallest independently addressable model input unit in ai machine learning agents knowledge and retrieval, intended to be typed, referenced, transformed or validated without requiring a whole finished asset.",SRC-ONNX;SRC-CROISSANT;SRC-OPENML;SRC-TOKENIZERS;SRC-MCP;SRC-RDF,cross-standard,candidate,research-seed,True,
AXM-19-AI-ML-AGENTS-A-009-model-output,atom,19-ai-ml-agents,AI machine learning agents knowledge and retrieval,model output,"Smallest independently addressable model output unit in ai machine learning agents knowledge and retrieval, intended to be typed, referenced, transformed or validated without requiring a whole finished asset.",SRC-ONNX;SRC-CROISSANT;SRC-OPENML;SRC-TOKENIZERS;SRC-MCP;SRC-RDF,cross-standard,candidate,research-seed,True,
AXM-19-AI-ML-AGENTS-A-010-operator-attribute,atom,19-ai-ml-agents,AI machine learning agents knowledge and retrieval,operator attribute,"Smallest independently addressable operator attribute unit in ai machine learning agents knowledge and retrieval, intended to be typed, referenced, transformed or validated without requiring a whole finished asset.",SRC-ONNX;SRC-CROISSANT;SRC-OPENML;SRC-TOKENIZERS;SRC-MCP;SRC-RDF,cross-standard,candidate,research-seed,True,
AXM-19-AI-ML-AGENTS-A-011-parameter-weight,atom,19-ai-ml-agents,AI machine learning agents knowledge and retrieval,parameter weight,"Smallest independently addressable parameter weight unit in ai machine learning agents knowledge and retrieval, intended to be typed, referenced, transformed or validated without requiring a whole finished asset.",SRC-ONNX;SRC-CROISSANT;SRC-OPENML;SRC-TOKENIZERS;SRC-MCP;SRC-RDF,cross-standard,candidate,research-seed,True,
AXM-19-AI-ML-AGENTS-A-012-bias-value,atom,19-ai-ml-agents,AI machine learning agents knowledge and retrieval,bias value,"Smallest independently addressable bias value unit in ai machine learning agents knowledge and retrieval, intended to be typed, referenced, transformed or validated without requiring a whole finished asset.",SRC-ONNX;SRC-CROISSANT;SRC-OPENML;SRC-TOKENIZERS;SRC-MCP;SRC-RDF,cross-standard,candidate,research-seed,True,
AXM-19-AI-ML-AGENTS-A-013-activation-value,atom,19-ai-ml-agents,AI machine learning agents knowledge and retrieval,activation value,"Smallest independently addressable activation value unit in ai machine learning agents knowledge and retrieval, intended to be typed, referenced, transformed or validated without requiring a whole finished asset.",SRC-ONNX;SRC-CROISSANT;SRC-OPENML;SRC-TOKENIZERS;SRC-MCP;SRC-RDF,cross-standard,candidate,research-seed,True,
AXM-19-AI-ML-AGENTS-A-014-attention-mask-value,atom,19-ai-ml-agents,AI machine learning agents knowledge and retrieval,attention-mask value,"Smallest independently addressable attention-mask value unit in ai machine learning agents knowledge and retrieval, intended to be typed, referenced, transformed or validated without requiring a whole finished asset.",SRC-ONNX;SRC-CROISSANT;SRC-OPENML;SRC-TOKENIZERS;SRC-MCP;SRC-RDF,cross-standard,candidate,research-seed,True,
AXM-19-AI-ML-AGENTS-A-015-position-identifier,atom,19-ai-ml-agents,AI machine learning agents knowledge and retrieval,position identifier,"Smallest independently addressable position identifier unit in ai machine learning agents knowledge and retrieval, intended to be typed, referenced, transformed or validated without requiring a whole finished asset.",SRC-ONNX;SRC-CROISSANT;SRC-OPENML;SRC-TOKENIZERS;SRC-MCP;SRC-RDF,cross-standard,candidate,research-seed,True,
AXM-19-AI-ML-AGENTS-A-016-embedding-coordinate,atom,19-ai-ml-agents,AI machine learning agents knowledge and retrieval,embedding coordinate,"Smallest independently addressable embedding coordinate unit in ai machine learning agents knowledge and retrieval, intended to be typed, referenced, transformed or validated without requiring a whole finished asset.",SRC-ONNX;SRC-CROISSANT;SRC-OPENML;SRC-TOKENIZERS;SRC-MCP;SRC-RDF,cross-standard,candidate,research-seed,True,
AXM-19-AI-ML-AGENTS-A-017-label,atom,19-ai-ml-agents,AI machine learning agents knowledge and retrieval,label,"Smallest independently addressable label unit in ai machine learning agents knowledge and retrieval, intended to be typed, referenced, transformed or validated without requiring a whole finished asset.",SRC-ONNX;SRC-CROISSANT;SRC-OPENML;SRC-TOKENIZERS;SRC-MCP;SRC-RDF,cross-standard,candidate,research-seed,True,
AXM-19-AI-ML-AGENTS-A-018-feature-value,atom,19-ai-ml-agents,AI machine learning agents knowledge and retrieval,feature value,"Smallest independently addressable feature value unit in ai machine learning agents knowledge and retrieval, intended to be typed, referenced, transformed or validated without requiring a whole finished asset.",SRC-ONNX;SRC-CROISSANT;SRC-OPENML;SRC-TOKENIZERS;SRC-MCP;SRC-RDF,cross-standard,candidate,research-seed,True,
AXM-19-AI-ML-AGENTS-A-019-dataset-split-tag,atom,19-ai-ml-agents,AI machine learning agents knowledge and retrieval,dataset-split tag,"Smallest independently addressable dataset-split tag unit in ai machine learning agents knowledge and retrieval, intended to be typed, referenced, transformed or validated without requiring a whole finished asset.",SRC-ONNX;SRC-CROISSANT;SRC-OPENML;SRC-TOKENIZERS;SRC-MCP;SRC-RDF,cross-standard,candidate,research-seed,True,
AXM-19-AI-ML-AGENTS-A-020-sample-weight,atom,19-ai-ml-agents,AI machine learning agents knowledge and retrieval,sample weight,"Smallest independently addressable sample weight unit in ai machine learning agents knowledge and retrieval, intended to be typed, referenced, transformed or validated without requiring a whole finished asset.",SRC-ONNX;SRC-CROISSANT;SRC-OPENML;SRC-TOKENIZERS;SRC-MCP;SRC-RDF,cross-standard,candidate,research-seed,True,
AXM-19-AI-ML-AGENTS-A-021-hyperparameter,atom,19-ai-ml-agents,AI machine learning agents knowledge and retrieval,hyperparameter,"Smallest independently addressable hyperparameter unit in ai machine learning agents knowledge and retrieval, intended to be typed, referenced, transformed or validated without requiring a whole finished asset.",SRC-ONNX;SRC-CROISSANT;SRC-OPENML;SRC-TOKENIZERS;SRC-MCP;SRC-RDF,cross-standard,candidate,research-seed,True,
AXM-19-AI-ML-AGENTS-A-022-learning-rate,atom,19-ai-ml-agents,AI machine learning agents knowledge and retrieval,learning rate,"Smallest independently addressable learning rate unit in ai machine learning agents knowledge and retrieval, intended to be typed, referenced, transformed or validated without requiring a whole finished asset.",SRC-ONNX;SRC-CROISSANT;SRC-OPENML;SRC-TOKENIZERS;SRC-MCP;SRC-RDF,cross-standard,candidate,research-seed,True,
AXM-19-AI-ML-AGENTS-A-023-loss-value,atom,19-ai-ml-agents,AI machine learning agents knowledge and retrieval,loss value,"Smallest independently addressable loss value unit in ai machine learning agents knowledge and retrieval, intended to be typed, referenced, transformed or validated without requiring a whole finished asset.",SRC-ONNX;SRC-CROISSANT;SRC-OPENML;SRC-TOKENIZERS;SRC-MCP;SRC-RDF,cross-standard,candidate,research-seed,True,
AXM-19-AI-ML-AGENTS-A-024-metric-value,atom,19-ai-ml-agents,AI machine learning agents knowledge and retrieval,metric value,"Smallest independently addressable metric value unit in ai machine learning agents knowledge and retrieval, intended to be typed, referenced, transformed or validated without requiring a whole finished asset.",SRC-ONNX;SRC-CROISSANT;SRC-OPENML;SRC-TOKENIZERS;SRC-MCP;SRC-RDF,cross-standard,candidate,research-seed,True,
AXM-19-AI-ML-AGENTS-A-025-checkpoint-step,atom,19-ai-ml-agents,AI machine learning agents knowledge and retrieval,checkpoint step,"Smallest independently addressable checkpoint step unit in ai machine learning agents knowledge and retrieval, intended to be typed, referenced, transformed or validated without requiring a whole finished asset.",SRC-ONNX;SRC-CROISSANT;SRC-OPENML;SRC-TOKENIZERS;SRC-MCP;SRC-RDF,cross-standard,candidate,research-seed,True,
AXM-19-AI-ML-AGENTS-A-026-prompt-role,atom,19-ai-ml-agents,AI machine learning agents knowledge and retrieval,prompt role,"Smallest independently addressable prompt role unit in ai machine learning agents knowledge and retrieval, intended to be typed, referenced, transformed or validated without requiring a whole finished asset.",SRC-ONNX;SRC-CROISSANT;SRC-OPENML;SRC-TOKENIZERS;SRC-MCP;SRC-RDF,cross-standard,candidate,research-seed,True,
AXM-19-AI-ML-AGENTS-A-027-prompt-message,atom,19-ai-ml-agents,AI machine learning agents knowledge and retrieval,prompt message,"Smallest independently addressable prompt message unit in ai machine learning agents knowledge and retrieval, intended to be typed, referenced, transformed or validated without requiring a whole finished asset.",SRC-ONNX;SRC-CROISSANT;SRC-OPENML;SRC-TOKENIZERS;SRC-MCP;SRC-RDF,cross-standard,candidate,research-seed,True,
AXM-19-AI-ML-AGENTS-A-028-tool-argument-field,atom,19-ai-ml-agents,AI machine learning agents knowledge and retrieval,tool-argument field,"Smallest independently addressable tool-argument field unit in ai machine learning agents knowledge and retrieval, intended to be typed, referenced, transformed or validated without requiring a whole finished asset.",SRC-ONNX;SRC-CROISSANT;SRC-OPENML;SRC-TOKENIZERS;SRC-MCP;SRC-RDF,cross-standard,candidate,research-seed,True,
AXM-19-AI-ML-AGENTS-A-029-tool-result-field,atom,19-ai-ml-agents,AI machine learning agents knowledge and retrieval,tool-result field,"Smallest independently addressable tool-result field unit in ai machine learning agents knowledge and retrieval, intended to be typed, referenced, transformed or validated without requiring a whole finished asset.",SRC-ONNX;SRC-CROISSANT;SRC-OPENML;SRC-TOKENIZERS;SRC-MCP;SRC-RDF,cross-standard,candidate,research-seed,True,
AXM-19-AI-ML-AGENTS-A-030-resource-uri,atom,19-ai-ml-agents,AI machine learning agents knowledge and retrieval,resource URI,"Smallest independently addressable resource URI unit in ai machine learning agents knowledge and retrieval, intended to be typed, referenced, transformed or validated without requiring a whole finished asset.",SRC-ONNX;SRC-CROISSANT;SRC-OPENML;SRC-TOKENIZERS;SRC-MCP;SRC-RDF,cross-standard,candidate,research-seed,True,
AXM-19-AI-ML-AGENTS-A-031-memory-record-field,atom,19-ai-ml-agents,AI machine learning agents knowledge and retrieval,memory-record field,"Smallest independently addressable memory-record field unit in ai machine learning agents knowledge and retrieval, intended to be typed, referenced, transformed or validated without requiring a whole finished asset.",SRC-ONNX;SRC-CROISSANT;SRC-OPENML;SRC-TOKENIZERS;SRC-MCP;SRC-RDF,cross-standard,candidate,research-seed,True,
AXM-19-AI-ML-AGENTS-A-032-retrieval-score,atom,19-ai-ml-agents,AI machine learning agents knowledge and retrieval,retrieval score,"Smallest independently addressable retrieval score unit in ai machine learning agents knowledge and retrieval, intended to be typed, referenced, transformed or validated without requiring a whole finished asset.",SRC-ONNX;SRC-CROISSANT;SRC-OPENML;SRC-TOKENIZERS;SRC-MCP;SRC-RDF,cross-standard,candidate,research-seed,True,
AXM-19-AI-ML-AGENTS-A-033-citation-reference,atom,19-ai-ml-agents,AI machine learning agents knowledge and retrieval,citation reference,"Smallest independently addressable citation reference unit in ai machine learning agents knowledge and retrieval, intended to be typed, referenced, transformed or validated without requiring a whole finished asset.",SRC-ONNX;SRC-CROISSANT;SRC-OPENML;SRC-TOKENIZERS;SRC-MCP;SRC-RDF,cross-standard,candidate,research-seed,True,
AXM-19-AI-ML-AGENTS-A-034-evaluation-score,atom,19-ai-ml-agents,AI machine learning agents knowledge and retrieval,evaluation score,"Smallest independently addressable evaluation score unit in ai machine learning agents knowledge and retrieval, intended to be typed, referenced, transformed or validated without requiring a whole finished asset.",SRC-ONNX;SRC-CROISSANT;SRC-OPENML;SRC-TOKENIZERS;SRC-MCP;SRC-RDF,cross-standard,candidate,research-seed,True,
AXM-19-AI-ML-AGENTS-A-035-policy-outcome,atom,19-ai-ml-agents,AI machine learning agents knowledge and retrieval,policy outcome,"Smallest independently addressable policy outcome unit in ai machine learning agents knowledge and retrieval, intended to be typed, referenced, transformed or validated without requiring a whole finished asset.",SRC-ONNX;SRC-CROISSANT;SRC-OPENML;SRC-TOKENIZERS;SRC-MCP;SRC-RDF,cross-standard,candidate,research-seed,True,
AXM-19-AI-ML-AGENTS-A-036-random-seed,atom,19-ai-ml-agents,AI machine learning agents knowledge and retrieval,random seed,"Smallest independently addressable random seed unit in ai machine learning agents knowledge and retrieval, intended to be typed, referenced, transformed or validated without requiring a whole finished asset.",SRC-ONNX;SRC-CROISSANT;SRC-OPENML;SRC-TOKENIZERS;SRC-MCP;SRC-RDF,cross-standard,candidate,research-seed,True,
AXM-19-AI-ML-AGENTS-A-037-context-window-position,atom,19-ai-ml-agents,AI machine learning agents knowledge and retrieval,context-window position,"Smallest independently addressable context-window position unit in ai machine learning agents knowledge and retrieval, intended to be typed, referenced, transformed or validated without requiring a whole finished asset.",SRC-ONNX;SRC-CROISSANT;SRC-OPENML;SRC-TOKENIZERS;SRC-MCP;SRC-RDF,cross-standard,candidate,research-seed,True,
AXM-19-AI-ML-AGENTS-A-038-sampling-temperature,atom,19-ai-ml-agents,AI machine learning agents knowledge and retrieval,sampling temperature,"Smallest independently addressable sampling temperature unit in ai machine learning agents knowledge and retrieval, intended to be typed, referenced, transformed or validated without requiring a whole finished asset.",SRC-ONNX;SRC-CROISSANT;SRC-OPENML;SRC-TOKENIZERS;SRC-MCP;SRC-RDF,cross-standard,candidate,research-seed,True,
AXM-19-AI-ML-AGENTS-A-039-top-p-value,atom,19-ai-ml-agents,AI machine learning agents knowledge and retrieval,top-p value,"Smallest independently addressable top-p value unit in ai machine learning agents knowledge and retrieval, intended to be typed, referenced, transformed or validated without requiring a whole finished asset.",SRC-ONNX;SRC-CROISSANT;SRC-OPENML;SRC-TOKENIZERS;SRC-MCP;SRC-RDF,cross-standard,candidate,research-seed,True,
AXM-19-AI-ML-AGENTS-A-040-stop-token,atom,19-ai-ml-agents,AI machine learning agents knowledge and retrieval,stop token,"Smallest independently addressable stop token unit in ai machine learning agents knowledge and retrieval, intended to be typed, referenced, transformed or validated without requiring a whole finished asset.",SRC-ONNX;SRC-CROISSANT;SRC-OPENML;SRC-TOKENIZERS;SRC-MCP;SRC-RDF,cross-standard,candidate,research-seed,True,
AXM-19-AI-ML-AGENTS-A-041-reason-code,atom,19-ai-ml-agents,AI machine learning agents knowledge and retrieval,reason code,"Smallest independently addressable reason code unit in ai machine learning agents knowledge and retrieval, intended to be typed, referenced, transformed or validated without requiring a whole finished asset.",SRC-ONNX;SRC-CROISSANT;SRC-OPENML;SRC-TOKENIZERS;SRC-MCP;SRC-RDF,cross-standard,candidate,research-seed,True,
AXM-19-AI-ML-AGENTS-A-042-confidence-score,atom,19-ai-ml-agents,AI machine learning agents knowledge and retrieval,confidence score,"Smallest independently addressable confidence score unit in ai machine learning agents knowledge and retrieval, intended to be typed, referenced, transformed or validated without requiring a whole finished asset.",SRC-ONNX;SRC-CROISSANT;SRC-OPENML;SRC-TOKENIZERS;SRC-MCP;SRC-RDF,cross-standard,candidate,research-seed,True,
AXM-19-AI-ML-AGENTS-C-001-tokenizer-pipeline,component,19-ai-ml-agents,AI machine learning agents knowledge and retrieval,tokenizer pipeline,"Reusable tokenizer pipeline assembly in ai machine learning agents knowledge and retrieval, with a bounded role and an interface that can be tested independently.",SRC-ONNX;SRC-CROISSANT;SRC-OPENML;SRC-TOKENIZERS;SRC-MCP;SRC-RDF,cross-standard,candidate,research-seed,True,
AXM-19-AI-ML-AGENTS-C-002-vocabulary,component,19-ai-ml-agents,AI machine learning agents knowledge and retrieval,vocabulary,"Reusable vocabulary assembly in ai machine learning agents knowledge and retrieval, with a bounded role and an interface that can be tested independently.",SRC-ONNX;SRC-CROISSANT;SRC-OPENML;SRC-TOKENIZERS;SRC-MCP;SRC-RDF,cross-standard,candidate,research-seed,True,
AXM-19-AI-ML-AGENTS-C-003-ai-tensor,component,19-ai-ml-agents,AI machine learning agents knowledge and retrieval,AI tensor,"Reusable AI tensor assembly in ai machine learning agents knowledge and retrieval, with a bounded role and an interface that can be tested independently.",SRC-ONNX;SRC-CROISSANT;SRC-OPENML;SRC-TOKENIZERS;SRC-MCP;SRC-RDF,cross-standard,candidate,research-seed,True,
AXM-19-AI-ML-AGENTS-C-004-model-graph,component,19-ai-ml-agents,AI machine learning agents knowledge and retrieval,model graph,"Reusable model graph assembly in ai machine learning agents knowledge and retrieval, with a bounded role and an interface that can be tested independently.",SRC-ONNX;SRC-CROISSANT;SRC-OPENML;SRC-TOKENIZERS;SRC-MCP;SRC-RDF,cross-standard,candidate,research-seed,True,
AXM-19-AI-ML-AGENTS-C-005-operator-node,component,19-ai-ml-agents,AI machine learning agents knowledge and retrieval,operator node,"Reusable operator node assembly in ai machine learning agents knowledge and retrieval, with a bounded role and an interface that can be tested independently.",SRC-ONNX;SRC-CROISSANT;SRC-OPENML;SRC-TOKENIZERS;SRC-MCP;SRC-RDF,cross-standard,candidate,research-seed,True,
AXM-19-AI-ML-AGENTS-C-006-initializer,component,19-ai-ml-agents,AI machine learning agents knowledge and retrieval,initializer,"Reusable initializer assembly in ai machine learning agents knowledge and retrieval, with a bounded role and an interface that can be tested independently.",SRC-ONNX;SRC-CROISSANT;SRC-OPENML;SRC-TOKENIZERS;SRC-MCP;SRC-RDF,cross-standard,candidate,research-seed,True,
AXM-19-AI-ML-AGENTS-C-007-model,component,19-ai-ml-agents,AI machine learning agents knowledge and retrieval,model,"Reusable model assembly in ai machine learning agents knowledge and retrieval, with a bounded role and an interface that can be tested independently.",SRC-ONNX;SRC-CROISSANT;SRC-OPENML;SRC-TOKENIZERS;SRC-MCP;SRC-RDF,cross-standard,candidate,research-seed,True,
AXM-19-AI-ML-AGENTS-C-008-checkpoint,component,19-ai-ml-agents,AI machine learning agents knowledge and retrieval,checkpoint,"Reusable checkpoint assembly in ai machine learning agents knowledge and retrieval, with a bounded role and an interface that can be tested independently.",SRC-ONNX;SRC-CROISSANT;SRC-OPENML;SRC-TOKENIZERS;SRC-MCP;SRC-RDF,cross-standard,candidate,research-seed,True,
AXM-19-AI-ML-AGENTS-C-009-adapter,component,19-ai-ml-agents,AI machine learning agents knowledge and retrieval,adapter,"Reusable adapter assembly in ai machine learning agents knowledge and retrieval, with a bounded role and an interface that can be tested independently.",SRC-ONNX;SRC-CROISSANT;SRC-OPENML;SRC-TOKENIZERS;SRC-MCP;SRC-RDF,cross-standard,candidate,research-seed,True,
AXM-19-AI-ML-AGENTS-C-010-quantized-weight-set,component,19-ai-ml-agents,AI machine learning agents knowledge and retrieval,quantized-weight set,"Reusable quantized-weight set assembly in ai machine learning agents knowledge and retrieval, with a bounded role and an interface that can be tested independently.",SRC-ONNX;SRC-CROISSANT;SRC-OPENML;SRC-TOKENIZERS;SRC-MCP;SRC-RDF,cross-standard,candidate,research-seed,True,
AXM-19-AI-ML-AGENTS-C-011-embedding,component,19-ai-ml-agents,AI machine learning agents knowledge and retrieval,embedding,"Reusable embedding assembly in ai machine learning agents knowledge and retrieval, with a bounded role and an interface that can be tested independently.",SRC-ONNX;SRC-CROISSANT;SRC-OPENML;SRC-TOKENIZERS;SRC-MCP;SRC-RDF,cross-standard,candidate,research-seed,True,
AXM-19-AI-ML-AGENTS-C-012-embedding-index,component,19-ai-ml-agents,AI machine learning agents knowledge and retrieval,embedding index,"Reusable embedding index assembly in ai machine learning agents knowledge and retrieval, with a bounded role and an interface that can be tested independently.",SRC-ONNX;SRC-CROISSANT;SRC-OPENML;SRC-TOKENIZERS;SRC-MCP;SRC-RDF,cross-standard,candidate,research-seed,True,
AXM-19-AI-ML-AGENTS-C-013-dataset-record,component,19-ai-ml-agents,AI machine learning agents knowledge and retrieval,dataset record,"Reusable dataset record assembly in ai machine learning agents knowledge and retrieval, with a bounded role and an interface that can be tested independently.",SRC-ONNX;SRC-CROISSANT;SRC-OPENML;SRC-TOKENIZERS;SRC-MCP;SRC-RDF,cross-standard,candidate,research-seed,True,
AXM-19-AI-ML-AGENTS-C-014-dataset,component,19-ai-ml-agents,AI machine learning agents knowledge and retrieval,dataset,"Reusable dataset assembly in ai machine learning agents knowledge and retrieval, with a bounded role and an interface that can be tested independently.",SRC-ONNX;SRC-CROISSANT;SRC-OPENML;SRC-TOKENIZERS;SRC-MCP;SRC-RDF,cross-standard,candidate,research-seed,True,
AXM-19-AI-ML-AGENTS-C-015-data-loader,component,19-ai-ml-agents,AI machine learning agents knowledge and retrieval,data loader,"Reusable data loader assembly in ai machine learning agents knowledge and retrieval, with a bounded role and an interface that can be tested independently.",SRC-ONNX;SRC-CROISSANT;SRC-OPENML;SRC-TOKENIZERS;SRC-MCP;SRC-RDF,cross-standard,candidate,research-seed,True,
AXM-19-AI-ML-AGENTS-C-016-feature-pipeline,component,19-ai-ml-agents,AI machine learning agents knowledge and retrieval,feature pipeline,"Reusable feature pipeline assembly in ai machine learning agents knowledge and retrieval, with a bounded role and an interface that can be tested independently.",SRC-ONNX;SRC-CROISSANT;SRC-OPENML;SRC-TOKENIZERS;SRC-MCP;SRC-RDF,cross-standard,candidate,research-seed,True,
AXM-19-AI-ML-AGENTS-C-017-training-configuration,component,19-ai-ml-agents,AI machine learning agents knowledge and retrieval,training configuration,"Reusable training configuration assembly in ai machine learning agents knowledge and retrieval, with a bounded role and an interface that can be tested independently.",SRC-ONNX;SRC-CROISSANT;SRC-OPENML;SRC-TOKENIZERS;SRC-MCP;SRC-RDF,cross-standard,candidate,research-seed,True,
AXM-19-AI-ML-AGENTS-C-018-prompt-template,component,19-ai-ml-agents,AI machine learning agents knowledge and retrieval,prompt template,"Reusable prompt template assembly in ai machine learning agents knowledge and retrieval, with a bounded role and an interface that can be tested independently.",SRC-ONNX;SRC-CROISSANT;SRC-OPENML;SRC-TOKENIZERS;SRC-MCP;SRC-RDF,cross-standard,candidate,research-seed,True,
AXM-19-AI-ML-AGENTS-C-019-message-history,component,19-ai-ml-agents,AI machine learning agents knowledge and retrieval,message history,"Reusable message history assembly in ai machine learning agents knowledge and retrieval, with a bounded role and an interface that can be tested independently.",SRC-ONNX;SRC-CROISSANT;SRC-OPENML;SRC-TOKENIZERS;SRC-MCP;SRC-RDF,cross-standard,candidate,research-seed,True,
AXM-19-AI-ML-AGENTS-C-020-tool-definition,component,19-ai-ml-agents,AI machine learning agents knowledge and retrieval,tool definition,"Reusable tool definition assembly in ai machine learning agents knowledge and retrieval, with a bounded role and an interface that can be tested independently.",SRC-ONNX;SRC-CROISSANT;SRC-OPENML;SRC-TOKENIZERS;SRC-MCP;SRC-RDF,cross-standard,candidate,research-seed,True,
AXM-19-AI-ML-AGENTS-C-021-resource-definition,component,19-ai-ml-agents,AI machine learning agents knowledge and retrieval,resource definition,"Reusable resource definition assembly in ai machine learning agents knowledge and retrieval, with a bounded role and an interface that can be tested independently.",SRC-ONNX;SRC-CROISSANT;SRC-OPENML;SRC-TOKENIZERS;SRC-MCP;SRC-RDF,cross-standard,candidate,research-seed,True,
AXM-19-AI-ML-AGENTS-C-022-agent-profile,component,19-ai-ml-agents,AI machine learning agents knowledge and retrieval,agent profile,"Reusable agent profile assembly in ai machine learning agents knowledge and retrieval, with a bounded role and an interface that can be tested independently.",SRC-ONNX;SRC-CROISSANT;SRC-OPENML;SRC-TOKENIZERS;SRC-MCP;SRC-RDF,cross-standard,candidate,research-seed,True,
AXM-19-AI-ML-AGENTS-C-023-agent-workflow,component,19-ai-ml-agents,AI machine learning agents knowledge and retrieval,agent workflow,"Reusable agent workflow assembly in ai machine learning agents knowledge and retrieval, with a bounded role and an interface that can be tested independently.",SRC-ONNX;SRC-CROISSANT;SRC-OPENML;SRC-TOKENIZERS;SRC-MCP;SRC-RDF,cross-standard,candidate,research-seed,True,
AXM-19-AI-ML-AGENTS-C-024-memory-store,component,19-ai-ml-agents,AI machine learning agents knowledge and retrieval,memory store,"Reusable memory store assembly in ai machine learning agents knowledge and retrieval, with a bounded role and an interface that can be tested independently.",SRC-ONNX;SRC-CROISSANT;SRC-OPENML;SRC-TOKENIZERS;SRC-MCP;SRC-RDF,cross-standard,candidate,research-seed,True,
AXM-19-AI-ML-AGENTS-C-025-retrieval-query,component,19-ai-ml-agents,AI machine learning agents knowledge and retrieval,retrieval query,"Reusable retrieval query assembly in ai machine learning agents knowledge and retrieval, with a bounded role and an interface that can be tested independently.",SRC-ONNX;SRC-CROISSANT;SRC-OPENML;SRC-TOKENIZERS;SRC-MCP;SRC-RDF,cross-standard,candidate,research-seed,True,
AXM-19-AI-ML-AGENTS-C-026-retrieved-context,component,19-ai-ml-agents,AI machine learning agents knowledge and retrieval,retrieved context,"Reusable retrieved context assembly in ai machine learning agents knowledge and retrieval, with a bounded role and an interface that can be tested independently.",SRC-ONNX;SRC-CROISSANT;SRC-OPENML;SRC-TOKENIZERS;SRC-MCP;SRC-RDF,cross-standard,candidate,research-seed,True,
AXM-19-AI-ML-AGENTS-C-027-knowledge-graph,component,19-ai-ml-agents,AI machine learning agents knowledge and retrieval,knowledge graph,"Reusable knowledge graph assembly in ai machine learning agents knowledge and retrieval, with a bounded role and an interface that can be tested independently.",SRC-ONNX;SRC-CROISSANT;SRC-OPENML;SRC-TOKENIZERS;SRC-MCP;SRC-RDF,cross-standard,candidate,research-seed,True,
AXM-19-AI-ML-AGENTS-C-028-evaluator,component,19-ai-ml-agents,AI machine learning agents knowledge and retrieval,evaluator,"Reusable evaluator assembly in ai machine learning agents knowledge and retrieval, with a bounded role and an interface that can be tested independently.",SRC-ONNX;SRC-CROISSANT;SRC-OPENML;SRC-TOKENIZERS;SRC-MCP;SRC-RDF,cross-standard,candidate,research-seed,True,
AXM-19-AI-ML-AGENTS-C-029-benchmark-task,component,19-ai-ml-agents,AI machine learning agents knowledge and retrieval,benchmark task,"Reusable benchmark task assembly in ai machine learning agents knowledge and retrieval, with a bounded role and an interface that can be tested independently.",SRC-ONNX;SRC-CROISSANT;SRC-OPENML;SRC-TOKENIZERS;SRC-MCP;SRC-RDF,cross-standard,candidate,research-seed,True,
AXM-19-AI-ML-AGENTS-C-030-guardrail-policy,component,19-ai-ml-agents,AI machine learning agents knowledge and retrieval,guardrail policy,"Reusable guardrail policy assembly in ai machine learning agents knowledge and retrieval, with a bounded role and an interface that can be tested independently.",SRC-ONNX;SRC-CROISSANT;SRC-OPENML;SRC-TOKENIZERS;SRC-MCP;SRC-RDF,cross-standard,candidate,research-seed,True,
AXM-19-AI-ML-AGENTS-C-031-model-card,component,19-ai-ml-agents,AI machine learning agents knowledge and retrieval,model card,"Reusable model card assembly in ai machine learning agents knowledge and retrieval, with a bounded role and an interface that can be tested independently.",SRC-ONNX;SRC-CROISSANT;SRC-OPENML;SRC-TOKENIZERS;SRC-MCP;SRC-RDF,cross-standard,candidate,research-seed,True,
AXM-19-AI-ML-AGENTS-C-032-inference-request,component,19-ai-ml-agents,AI machine learning agents knowledge and retrieval,inference request,"Reusable inference request assembly in ai machine learning agents knowledge and retrieval, with a bounded role and an interface that can be tested independently.",SRC-ONNX;SRC-CROISSANT;SRC-OPENML;SRC-TOKENIZERS;SRC-MCP;SRC-RDF,cross-standard,candidate,research-seed,True,
AXM-19-AI-ML-AGENTS-C-033-inference-response,component,19-ai-ml-agents,AI machine learning agents knowledge and retrieval,inference response,"Reusable inference response assembly in ai machine learning agents knowledge and retrieval, with a bounded role and an interface that can be tested independently.",SRC-ONNX;SRC-CROISSANT;SRC-OPENML;SRC-TOKENIZERS;SRC-MCP;SRC-RDF,cross-standard,candidate,research-seed,True,
AXM-19-AI-ML-AGENTS-C-034-context-bundle,component,19-ai-ml-agents,AI machine learning agents knowledge and retrieval,context bundle,"Reusable context bundle assembly in ai machine learning agents knowledge and retrieval, with a bounded role and an interface that can be tested independently.",SRC-ONNX;SRC-CROISSANT;SRC-OPENML;SRC-TOKENIZERS;SRC-MCP;SRC-RDF,cross-standard,candidate,research-seed,True,
AXM-19-AI-ML-AGENTS-C-035-specialist-profile,component,19-ai-ml-agents,AI machine learning agents knowledge and retrieval,specialist profile,"Reusable specialist profile assembly in ai machine learning agents knowledge and retrieval, with a bounded role and an interface that can be tested independently.",SRC-ONNX;SRC-CROISSANT;SRC-OPENML;SRC-TOKENIZERS;SRC-MCP;SRC-RDF,cross-standard,candidate,research-seed,True,
AXM-19-AI-ML-AGENTS-C-036-capability-profile,component,19-ai-ml-agents,AI machine learning agents knowledge and retrieval,capability profile,"Reusable capability profile assembly in ai machine learning agents knowledge and retrieval, with a bounded role and an interface that can be tested independently.",SRC-ONNX;SRC-CROISSANT;SRC-OPENML;SRC-TOKENIZERS;SRC-MCP;SRC-RDF,cross-standard,candidate,research-seed,True,
AXM-19-AI-ML-AGENTS-O-001-tokenizer,organ,19-ai-ml-agents,AI machine learning agents knowledge and retrieval,tokenizer,"Functional subsystem for tokenizer in ai machine learning agents knowledge and retrieval; orchestrates lower-level components, applies policy and emits results plus evidence.",SRC-ONNX;SRC-CROISSANT;SRC-OPENML;SRC-TOKENIZERS;SRC-MCP;SRC-RDF,cross-standard,candidate,research-seed,True,
AXM-19-AI-ML-AGENTS-O-002-dataset-ingestion-organ,organ,19-ai-ml-agents,AI machine learning agents knowledge and retrieval,dataset-ingestion organ,"Functional subsystem for dataset-ingestion organ in ai machine learning agents knowledge and retrieval; orchestrates lower-level components, applies policy and emits results plus evidence.",SRC-ONNX;SRC-CROISSANT;SRC-OPENML;SRC-TOKENIZERS;SRC-MCP;SRC-RDF,cross-standard,candidate,research-seed,True,
AXM-19-AI-ML-AGENTS-O-003-feature-engine,organ,19-ai-ml-agents,AI machine learning agents knowledge and retrieval,feature engine,"Functional subsystem for feature engine in ai machine learning agents knowledge and retrieval; orchestrates lower-level components, applies policy and emits results plus evidence.",SRC-ONNX;SRC-CROISSANT;SRC-OPENML;SRC-TOKENIZERS;SRC-MCP;SRC-RDF,cross-standard,candidate,research-seed,True,
AXM-19-AI-ML-AGENTS-O-004-trainer,organ,19-ai-ml-agents,AI machine learning agents knowledge and retrieval,trainer,"Functional subsystem for trainer in ai machine learning agents knowledge and retrieval; orchestrates lower-level components, applies policy and emits results plus evidence.",SRC-ONNX;SRC-CROISSANT;SRC-OPENML;SRC-TOKENIZERS;SRC-MCP;SRC-RDF,cross-standard,candidate,research-seed,True,
AXM-19-AI-ML-AGENTS-O-005-fine-tuning-organ,organ,19-ai-ml-agents,AI machine learning agents knowledge and retrieval,fine-tuning organ,"Functional subsystem for fine-tuning organ in ai machine learning agents knowledge and retrieval; orchestrates lower-level components, applies policy and emits results plus evidence.",SRC-ONNX;SRC-CROISSANT;SRC-OPENML;SRC-TOKENIZERS;SRC-MCP;SRC-RDF,cross-standard,candidate,research-seed,True,
AXM-19-AI-ML-AGENTS-O-006-inference-runtime,organ,19-ai-ml-agents,AI machine learning agents knowledge and retrieval,inference runtime,"Functional subsystem for inference runtime in ai machine learning agents knowledge and retrieval; orchestrates lower-level components, applies policy and emits results plus evidence.",SRC-ONNX;SRC-CROISSANT;SRC-OPENML;SRC-TOKENIZERS;SRC-MCP;SRC-RDF,cross-standard,candidate,research-seed,True,
AXM-19-AI-ML-AGENTS-O-007-model-converter,organ,19-ai-ml-agents,AI machine learning agents knowledge and retrieval,model converter,"Functional subsystem for model converter in ai machine learning agents knowledge and retrieval; orchestrates lower-level components, applies policy and emits results plus evidence.",SRC-ONNX;SRC-CROISSANT;SRC-OPENML;SRC-TOKENIZERS;SRC-MCP;SRC-RDF,cross-standard,candidate,research-seed,True,
AXM-19-AI-ML-AGENTS-O-008-quantizer,organ,19-ai-ml-agents,AI machine learning agents knowledge and retrieval,quantizer,"Functional subsystem for quantizer in ai machine learning agents knowledge and retrieval; orchestrates lower-level components, applies policy and emits results plus evidence.",SRC-ONNX;SRC-CROISSANT;SRC-OPENML;SRC-TOKENIZERS;SRC-MCP;SRC-RDF,cross-standard,candidate,research-seed,True,
AXM-19-AI-ML-AGENTS-O-009-embedding-engine,organ,19-ai-ml-agents,AI machine learning agents knowledge and retrieval,embedding engine,"Functional subsystem for embedding engine in ai machine learning agents knowledge and retrieval; orchestrates lower-level components, applies policy and emits results plus evidence.",SRC-ONNX;SRC-CROISSANT;SRC-OPENML;SRC-TOKENIZERS;SRC-MCP;SRC-RDF,cross-standard,candidate,research-seed,True,
AXM-19-AI-ML-AGENTS-O-010-vector-retrieval-organ,organ,19-ai-ml-agents,AI machine learning agents knowledge and retrieval,vector-retrieval organ,"Functional subsystem for vector-retrieval organ in ai machine learning agents knowledge and retrieval; orchestrates lower-level components, applies policy and emits results plus evidence.",SRC-ONNX;SRC-CROISSANT;SRC-OPENML;SRC-TOKENIZERS;SRC-MCP;SRC-RDF,cross-standard,candidate,research-seed,True,
AXM-19-AI-ML-AGENTS-O-011-knowledge-graph-organ,organ,19-ai-ml-agents,AI machine learning agents knowledge and retrieval,knowledge-graph organ,"Functional subsystem for knowledge-graph organ in ai machine learning agents knowledge and retrieval; orchestrates lower-level components, applies policy and emits results plus evidence.",SRC-ONNX;SRC-CROISSANT;SRC-OPENML;SRC-TOKENIZERS;SRC-MCP;SRC-RDF,cross-standard,candidate,research-seed,True,
AXM-19-AI-ML-AGENTS-O-012-prompt-compiler,organ,19-ai-ml-agents,AI machine learning agents knowledge and retrieval,prompt compiler,"Functional subsystem for prompt compiler in ai machine learning agents knowledge and retrieval; orchestrates lower-level components, applies policy and emits results plus evidence.",SRC-ONNX;SRC-CROISSANT;SRC-OPENML;SRC-TOKENIZERS;SRC-MCP;SRC-RDF,cross-standard,candidate,research-seed,True,
AXM-19-AI-ML-AGENTS-O-013-agent-router,organ,19-ai-ml-agents,AI machine learning agents knowledge and retrieval,agent router,"Functional subsystem for agent router in ai machine learning agents knowledge and retrieval; orchestrates lower-level components, applies policy and emits results plus evidence.",SRC-ONNX;SRC-CROISSANT;SRC-OPENML;SRC-TOKENIZERS;SRC-MCP;SRC-RDF,cross-standard,candidate,research-seed,True,
AXM-19-AI-ML-AGENTS-O-014-tool-gateway,organ,19-ai-ml-agents,AI machine learning agents knowledge and retrieval,tool gateway,"Functional subsystem for tool gateway in ai machine learning agents knowledge and retrieval; orchestrates lower-level components, applies policy and emits results plus evidence.",SRC-ONNX;SRC-CROISSANT;SRC-OPENML;SRC-TOKENIZERS;SRC-MCP;SRC-RDF,cross-standard,candidate,research-seed,True,
AXM-19-AI-ML-AGENTS-O-015-memory-manager,organ,19-ai-ml-agents,AI machine learning agents knowledge and retrieval,memory manager,"Functional subsystem for memory manager in ai machine learning agents knowledge and retrieval; orchestrates lower-level components, applies policy and emits results plus evidence.",SRC-ONNX;SRC-CROISSANT;SRC-OPENML;SRC-TOKENIZERS;SRC-MCP;SRC-RDF,cross-standard,candidate,research-seed,True,
AXM-19-AI-ML-AGENTS-O-016-context-assembler,organ,19-ai-ml-agents,AI machine learning agents knowledge and retrieval,context assembler,"Functional subsystem for context assembler in ai machine learning agents knowledge and retrieval; orchestrates lower-level components, applies policy and emits results plus evidence.",SRC-ONNX;SRC-CROISSANT;SRC-OPENML;SRC-TOKENIZERS;SRC-MCP;SRC-RDF,cross-standard,candidate,research-seed,True,
AXM-19-AI-ML-AGENTS-O-017-evaluator,organ,19-ai-ml-agents,AI machine learning agents knowledge and retrieval,evaluator,"Functional subsystem for evaluator in ai machine learning agents knowledge and retrieval; orchestrates lower-level components, applies policy and emits results plus evidence.",SRC-ONNX;SRC-CROISSANT;SRC-OPENML;SRC-TOKENIZERS;SRC-MCP;SRC-RDF,cross-standard,candidate,research-seed,True,
AXM-19-AI-ML-AGENTS-O-018-benchmark-runner,organ,19-ai-ml-agents,AI machine learning agents knowledge and retrieval,benchmark runner,"Functional subsystem for benchmark runner in ai machine learning agents knowledge and retrieval; orchestrates lower-level components, applies policy and emits results plus evidence.",SRC-ONNX;SRC-CROISSANT;SRC-OPENML;SRC-TOKENIZERS;SRC-MCP;SRC-RDF,cross-standard,candidate,research-seed,True,
AXM-19-AI-ML-AGENTS-O-019-safety-and-policy-gate,organ,19-ai-ml-agents,AI machine learning agents knowledge and retrieval,safety and policy gate,"Functional subsystem for safety and policy gate in ai machine learning agents knowledge and retrieval; orchestrates lower-level components, applies policy and emits results plus evidence.",SRC-ONNX;SRC-CROISSANT;SRC-OPENML;SRC-TOKENIZERS;SRC-MCP;SRC-RDF,cross-standard,candidate,research-seed,True,
AXM-19-AI-ML-AGENTS-O-020-model-provenance-organ,organ,19-ai-ml-agents,AI machine learning agents knowledge and retrieval,model-provenance organ,"Functional subsystem for model-provenance organ in ai machine learning agents knowledge and retrieval; orchestrates lower-level components, applies policy and emits results plus evidence.",SRC-ONNX;SRC-CROISSANT;SRC-OPENML;SRC-TOKENIZERS;SRC-MCP;SRC-RDF,cross-standard,candidate,research-seed,True,
AXM-19-AI-ML-AGENTS-O-021-specialist-summoner,organ,19-ai-ml-agents,AI machine learning agents knowledge and retrieval,specialist summoner,"Functional subsystem for specialist summoner in ai machine learning agents knowledge and retrieval; orchestrates lower-level components, applies policy and emits results plus evidence.",SRC-ONNX;SRC-CROISSANT;SRC-OPENML;SRC-TOKENIZERS;SRC-MCP;SRC-RDF,cross-standard,candidate,research-seed,True,
AXM-19-AI-ML-AGENTS-O-022-reasoning-stabilizer,organ,19-ai-ml-agents,AI machine learning agents knowledge and retrieval,reasoning stabilizer,"Functional subsystem for reasoning stabilizer in ai machine learning agents knowledge and retrieval; orchestrates lower-level components, applies policy and emits results plus evidence.",SRC-ONNX;SRC-CROISSANT;SRC-OPENML;SRC-TOKENIZERS;SRC-MCP;SRC-RDF,cross-standard,candidate,research-seed,True,
AXM-19-AI-ML-AGENTS-O-023-model-serving-organ,organ,19-ai-ml-agents,AI machine learning agents knowledge and retrieval,model-serving organ,"Functional subsystem for model-serving organ in ai machine learning agents knowledge and retrieval; orchestrates lower-level components, applies policy and emits results plus evidence.",SRC-ONNX;SRC-CROISSANT;SRC-OPENML;SRC-TOKENIZERS;SRC-MCP;SRC-RDF,cross-standard,candidate,research-seed,True,
AXM-20-TESTING-OBSERVABILITY-A-001-test-identifier,atom,20-testing-observability,Testing verification benchmarking observability and incidents,test identifier,"Smallest independently addressable test identifier unit in testing verification benchmarking observability and incidents, intended to be typed, referenced, transformed or validated without requiring a whole finished asset.",SRC-PYTEST;SRC-OTEL;SRC-CYCLONEDX;SRC-SLSA;SRC-JSONSCHEMA,cross-standard,candidate,research-seed,True,
AXM-20-TESTING-OBSERVABILITY-A-002-assertion,atom,20-testing-observability,Testing verification benchmarking observability and incidents,assertion,"Smallest independently addressable assertion unit in testing verification benchmarking observability and incidents, intended to be typed, referenced, transformed or validated without requiring a whole finished asset.",SRC-PYTEST;SRC-OTEL;SRC-CYCLONEDX;SRC-SLSA;SRC-JSONSCHEMA,cross-standard,candidate,research-seed,True,
AXM-20-TESTING-OBSERVABILITY-A-003-expected-value,atom,20-testing-observability,Testing verification benchmarking observability and incidents,expected value,"Smallest independently addressable expected value unit in testing verification benchmarking observability and incidents, intended to be typed, referenced, transformed or validated without requiring a whole finished asset.",SRC-PYTEST;SRC-OTEL;SRC-CYCLONEDX;SRC-SLSA;SRC-JSONSCHEMA,cross-standard,candidate,research-seed,True,
AXM-20-TESTING-OBSERVABILITY-A-004-actual-value,atom,20-testing-observability,Testing verification benchmarking observability and incidents,actual value,"Smallest independently addressable actual value unit in testing verification benchmarking observability and incidents, intended to be typed, referenced, transformed or validated without requiring a whole finished asset.",SRC-PYTEST;SRC-OTEL;SRC-CYCLONEDX;SRC-SLSA;SRC-JSONSCHEMA,cross-standard,candidate,research-seed,True,
AXM-20-TESTING-OBSERVABILITY-A-005-fixture-parameter,atom,20-testing-observability,Testing verification benchmarking observability and incidents,fixture parameter,"Smallest independently addressable fixture parameter unit in testing verification benchmarking observability and incidents, intended to be typed, referenced, transformed or validated without requiring a whole finished asset.",SRC-PYTEST;SRC-OTEL;SRC-CYCLONEDX;SRC-SLSA;SRC-JSONSCHEMA,cross-standard,candidate,research-seed,True,
AXM-20-TESTING-OBSERVABILITY-A-006-case-parameter,atom,20-testing-observability,Testing verification benchmarking observability and incidents,case parameter,"Smallest independently addressable case parameter unit in testing verification benchmarking observability and incidents, intended to be typed, referenced, transformed or validated without requiring a whole finished asset.",SRC-PYTEST;SRC-OTEL;SRC-CYCLONEDX;SRC-SLSA;SRC-JSONSCHEMA,cross-standard,candidate,research-seed,True,
AXM-20-TESTING-OBSERVABILITY-A-007-tolerance,atom,20-testing-observability,Testing verification benchmarking observability and incidents,tolerance,"Smallest independently addressable tolerance unit in testing verification benchmarking observability and incidents, intended to be typed, referenced, transformed or validated without requiring a whole finished asset.",SRC-PYTEST;SRC-OTEL;SRC-CYCLONEDX;SRC-SLSA;SRC-JSONSCHEMA,cross-standard,candidate,research-seed,True,
AXM-20-TESTING-OBSERVABILITY-A-008-timeout,atom,20-testing-observability,Testing verification benchmarking observability and incidents,timeout,"Smallest independently addressable timeout unit in testing verification benchmarking observability and incidents, intended to be typed, referenced, transformed or validated without requiring a whole finished asset.",SRC-PYTEST;SRC-OTEL;SRC-CYCLONEDX;SRC-SLSA;SRC-JSONSCHEMA,cross-standard,candidate,research-seed,True,
AXM-20-TESTING-OBSERVABILITY-A-009-pass-state,atom,20-testing-observability,Testing verification benchmarking observability and incidents,pass state,"Smallest independently addressable pass state unit in testing verification benchmarking observability and incidents, intended to be typed, referenced, transformed or validated without requiring a whole finished asset.",SRC-PYTEST;SRC-OTEL;SRC-CYCLONEDX;SRC-SLSA;SRC-JSONSCHEMA,cross-standard,candidate,research-seed,True,
AXM-20-TESTING-OBSERVABILITY-A-010-failure-state,atom,20-testing-observability,Testing verification benchmarking observability and incidents,failure state,"Smallest independently addressable failure state unit in testing verification benchmarking observability and incidents, intended to be typed, referenced, transformed or validated without requiring a whole finished asset.",SRC-PYTEST;SRC-OTEL;SRC-CYCLONEDX;SRC-SLSA;SRC-JSONSCHEMA,cross-standard,candidate,research-seed,True,
AXM-20-TESTING-OBSERVABILITY-A-011-skip-state,atom,20-testing-observability,Testing verification benchmarking observability and incidents,skip state,"Smallest independently addressable skip state unit in testing verification benchmarking observability and incidents, intended to be typed, referenced, transformed or validated without requiring a whole finished asset.",SRC-PYTEST;SRC-OTEL;SRC-CYCLONEDX;SRC-SLSA;SRC-JSONSCHEMA,cross-standard,candidate,research-seed,True,
AXM-20-TESTING-OBSERVABILITY-A-012-error-code,atom,20-testing-observability,Testing verification benchmarking observability and incidents,error code,"Smallest independently addressable error code unit in testing verification benchmarking observability and incidents, intended to be typed, referenced, transformed or validated without requiring a whole finished asset.",SRC-PYTEST;SRC-OTEL;SRC-CYCLONEDX;SRC-SLSA;SRC-JSONSCHEMA,cross-standard,candidate,research-seed,True,
AXM-20-TESTING-OBSERVABILITY-A-013-severity,atom,20-testing-observability,Testing verification benchmarking observability and incidents,severity,"Smallest independently addressable severity unit in testing verification benchmarking observability and incidents, intended to be typed, referenced, transformed or validated without requiring a whole finished asset.",SRC-PYTEST;SRC-OTEL;SRC-CYCLONEDX;SRC-SLSA;SRC-JSONSCHEMA,cross-standard,candidate,research-seed,True,
AXM-20-TESTING-OBSERVABILITY-A-014-log-record-field,atom,20-testing-observability,Testing verification benchmarking observability and incidents,log-record field,"Smallest independently addressable log-record field unit in testing verification benchmarking observability and incidents, intended to be typed, referenced, transformed or validated without requiring a whole finished asset.",SRC-PYTEST;SRC-OTEL;SRC-CYCLONEDX;SRC-SLSA;SRC-JSONSCHEMA,cross-standard,candidate,research-seed,True,
AXM-20-TESTING-OBSERVABILITY-A-015-trace-identifier,atom,20-testing-observability,Testing verification benchmarking observability and incidents,trace identifier,"Smallest independently addressable trace identifier unit in testing verification benchmarking observability and incidents, intended to be typed, referenced, transformed or validated without requiring a whole finished asset.",SRC-PYTEST;SRC-OTEL;SRC-CYCLONEDX;SRC-SLSA;SRC-JSONSCHEMA,cross-standard,candidate,research-seed,True,
AXM-20-TESTING-OBSERVABILITY-A-016-span-identifier,atom,20-testing-observability,Testing verification benchmarking observability and incidents,span identifier,"Smallest independently addressable span identifier unit in testing verification benchmarking observability and incidents, intended to be typed, referenced, transformed or validated without requiring a whole finished asset.",SRC-PYTEST;SRC-OTEL;SRC-CYCLONEDX;SRC-SLSA;SRC-JSONSCHEMA,cross-standard,candidate,research-seed,True,
AXM-20-TESTING-OBSERVABILITY-A-017-parent-span-identifier,atom,20-testing-observability,Testing verification benchmarking observability and incidents,parent-span identifier,"Smallest independently addressable parent-span identifier unit in testing verification benchmarking observability and incidents, intended to be typed, referenced, transformed or validated without requiring a whole finished asset.",SRC-PYTEST;SRC-OTEL;SRC-CYCLONEDX;SRC-SLSA;SRC-JSONSCHEMA,cross-standard,candidate,research-seed,True,
AXM-20-TESTING-OBSERVABILITY-A-018-span-event,atom,20-testing-observability,Testing verification benchmarking observability and incidents,span event,"Smallest independently addressable span event unit in testing verification benchmarking observability and incidents, intended to be typed, referenced, transformed or validated without requiring a whole finished asset.",SRC-PYTEST;SRC-OTEL;SRC-CYCLONEDX;SRC-SLSA;SRC-JSONSCHEMA,cross-standard,candidate,research-seed,True,
AXM-20-TESTING-OBSERVABILITY-A-019-span-attribute,atom,20-testing-observability,Testing verification benchmarking observability and incidents,span attribute,"Smallest independently addressable span attribute unit in testing verification benchmarking observability and incidents, intended to be typed, referenced, transformed or validated without requiring a whole finished asset.",SRC-PYTEST;SRC-OTEL;SRC-CYCLONEDX;SRC-SLSA;SRC-JSONSCHEMA,cross-standard,candidate,research-seed,True,
AXM-20-TESTING-OBSERVABILITY-A-020-metric-point,atom,20-testing-observability,Testing verification benchmarking observability and incidents,metric point,"Smallest independently addressable metric point unit in testing verification benchmarking observability and incidents, intended to be typed, referenced, transformed or validated without requiring a whole finished asset.",SRC-PYTEST;SRC-OTEL;SRC-CYCLONEDX;SRC-SLSA;SRC-JSONSCHEMA,cross-standard,candidate,research-seed,True,
AXM-20-TESTING-OBSERVABILITY-A-021-metric-label,atom,20-testing-observability,Testing verification benchmarking observability and incidents,metric label,"Smallest independently addressable metric label unit in testing verification benchmarking observability and incidents, intended to be typed, referenced, transformed or validated without requiring a whole finished asset.",SRC-PYTEST;SRC-OTEL;SRC-CYCLONEDX;SRC-SLSA;SRC-JSONSCHEMA,cross-standard,candidate,research-seed,True,
AXM-20-TESTING-OBSERVABILITY-A-022-counter-value,atom,20-testing-observability,Testing verification benchmarking observability and incidents,counter value,"Smallest independently addressable counter value unit in testing verification benchmarking observability and incidents, intended to be typed, referenced, transformed or validated without requiring a whole finished asset.",SRC-PYTEST;SRC-OTEL;SRC-CYCLONEDX;SRC-SLSA;SRC-JSONSCHEMA,cross-standard,candidate,research-seed,True,
AXM-20-TESTING-OBSERVABILITY-A-023-gauge-value,atom,20-testing-observability,Testing verification benchmarking observability and incidents,gauge value,"Smallest independently addressable gauge value unit in testing verification benchmarking observability and incidents, intended to be typed, referenced, transformed or validated without requiring a whole finished asset.",SRC-PYTEST;SRC-OTEL;SRC-CYCLONEDX;SRC-SLSA;SRC-JSONSCHEMA,cross-standard,candidate,research-seed,True,
AXM-20-TESTING-OBSERVABILITY-A-024-histogram-bucket,atom,20-testing-observability,Testing verification benchmarking observability and incidents,histogram bucket,"Smallest independently addressable histogram bucket unit in testing verification benchmarking observability and incidents, intended to be typed, referenced, transformed or validated without requiring a whole finished asset.",SRC-PYTEST;SRC-OTEL;SRC-CYCLONEDX;SRC-SLSA;SRC-JSONSCHEMA,cross-standard,candidate,research-seed,True,
AXM-20-TESTING-OBSERVABILITY-A-025-profile-sample,atom,20-testing-observability,Testing verification benchmarking observability and incidents,profile sample,"Smallest independently addressable profile sample unit in testing verification benchmarking observability and incidents, intended to be typed, referenced, transformed or validated without requiring a whole finished asset.",SRC-PYTEST;SRC-OTEL;SRC-CYCLONEDX;SRC-SLSA;SRC-JSONSCHEMA,cross-standard,candidate,research-seed,True,
AXM-20-TESTING-OBSERVABILITY-A-026-baggage-item,atom,20-testing-observability,Testing verification benchmarking observability and incidents,baggage item,"Smallest independently addressable baggage item unit in testing verification benchmarking observability and incidents, intended to be typed, referenced, transformed or validated without requiring a whole finished asset.",SRC-PYTEST;SRC-OTEL;SRC-CYCLONEDX;SRC-SLSA;SRC-JSONSCHEMA,cross-standard,candidate,research-seed,True,
AXM-20-TESTING-OBSERVABILITY-A-027-coverage-location,atom,20-testing-observability,Testing verification benchmarking observability and incidents,coverage location,"Smallest independently addressable coverage location unit in testing verification benchmarking observability and incidents, intended to be typed, referenced, transformed or validated without requiring a whole finished asset.",SRC-PYTEST;SRC-OTEL;SRC-CYCLONEDX;SRC-SLSA;SRC-JSONSCHEMA,cross-standard,candidate,research-seed,True,
AXM-20-TESTING-OBSERVABILITY-A-028-mutation-identifier,atom,20-testing-observability,Testing verification benchmarking observability and incidents,mutation identifier,"Smallest independently addressable mutation identifier unit in testing verification benchmarking observability and incidents, intended to be typed, referenced, transformed or validated without requiring a whole finished asset.",SRC-PYTEST;SRC-OTEL;SRC-CYCLONEDX;SRC-SLSA;SRC-JSONSCHEMA,cross-standard,candidate,research-seed,True,
AXM-20-TESTING-OBSERVABILITY-A-029-benchmark-value,atom,20-testing-observability,Testing verification benchmarking observability and incidents,benchmark value,"Smallest independently addressable benchmark value unit in testing verification benchmarking observability and incidents, intended to be typed, referenced, transformed or validated without requiring a whole finished asset.",SRC-PYTEST;SRC-OTEL;SRC-CYCLONEDX;SRC-SLSA;SRC-JSONSCHEMA,cross-standard,candidate,research-seed,True,
AXM-20-TESTING-OBSERVABILITY-A-030-incident-timestamp,atom,20-testing-observability,Testing verification benchmarking observability and incidents,incident timestamp,"Smallest independently addressable incident timestamp unit in testing verification benchmarking observability and incidents, intended to be typed, referenced, transformed or validated without requiring a whole finished asset.",SRC-PYTEST;SRC-OTEL;SRC-CYCLONEDX;SRC-SLSA;SRC-JSONSCHEMA,cross-standard,candidate,research-seed,True,
AXM-20-TESTING-OBSERVABILITY-A-031-reproduction-seed,atom,20-testing-observability,Testing verification benchmarking observability and incidents,reproduction seed,"Smallest independently addressable reproduction seed unit in testing verification benchmarking observability and incidents, intended to be typed, referenced, transformed or validated without requiring a whole finished asset.",SRC-PYTEST;SRC-OTEL;SRC-CYCLONEDX;SRC-SLSA;SRC-JSONSCHEMA,cross-standard,candidate,research-seed,True,
AXM-20-TESTING-OBSERVABILITY-A-032-failure-signature,atom,20-testing-observability,Testing verification benchmarking observability and incidents,failure signature,"Smallest independently addressable failure signature unit in testing verification benchmarking observability and incidents, intended to be typed, referenced, transformed or validated without requiring a whole finished asset.",SRC-PYTEST;SRC-OTEL;SRC-CYCLONEDX;SRC-SLSA;SRC-JSONSCHEMA,cross-standard,candidate,research-seed,True,
AXM-20-TESTING-OBSERVABILITY-A-033-performance-budget,atom,20-testing-observability,Testing verification benchmarking observability and incidents,performance budget,"Smallest independently addressable performance budget unit in testing verification benchmarking observability and incidents, intended to be typed, referenced, transformed or validated without requiring a whole finished asset.",SRC-PYTEST;SRC-OTEL;SRC-CYCLONEDX;SRC-SLSA;SRC-JSONSCHEMA,cross-standard,candidate,research-seed,True,
AXM-20-TESTING-OBSERVABILITY-A-034-availability-value,atom,20-testing-observability,Testing verification benchmarking observability and incidents,availability value,"Smallest independently addressable availability value unit in testing verification benchmarking observability and incidents, intended to be typed, referenced, transformed or validated without requiring a whole finished asset.",SRC-PYTEST;SRC-OTEL;SRC-CYCLONEDX;SRC-SLSA;SRC-JSONSCHEMA,cross-standard,candidate,research-seed,True,
AXM-20-TESTING-OBSERVABILITY-A-035-latency-value,atom,20-testing-observability,Testing verification benchmarking observability and incidents,latency value,"Smallest independently addressable latency value unit in testing verification benchmarking observability and incidents, intended to be typed, referenced, transformed or validated without requiring a whole finished asset.",SRC-PYTEST;SRC-OTEL;SRC-CYCLONEDX;SRC-SLSA;SRC-JSONSCHEMA,cross-standard,candidate,research-seed,True,
AXM-20-TESTING-OBSERVABILITY-A-036-throughput-value,atom,20-testing-observability,Testing verification benchmarking observability and incidents,throughput value,"Smallest independently addressable throughput value unit in testing verification benchmarking observability and incidents, intended to be typed, referenced, transformed or validated without requiring a whole finished asset.",SRC-PYTEST;SRC-OTEL;SRC-CYCLONEDX;SRC-SLSA;SRC-JSONSCHEMA,cross-standard,candidate,research-seed,True,
AXM-20-TESTING-OBSERVABILITY-C-001-test-case,component,20-testing-observability,Testing verification benchmarking observability and incidents,test case,"Reusable test case assembly in testing verification benchmarking observability and incidents, with a bounded role and an interface that can be tested independently.",SRC-PYTEST;SRC-OTEL;SRC-CYCLONEDX;SRC-SLSA;SRC-JSONSCHEMA,cross-standard,candidate,research-seed,True,
AXM-20-TESTING-OBSERVABILITY-C-002-test-suite,component,20-testing-observability,Testing verification benchmarking observability and incidents,test suite,"Reusable test suite assembly in testing verification benchmarking observability and incidents, with a bounded role and an interface that can be tested independently.",SRC-PYTEST;SRC-OTEL;SRC-CYCLONEDX;SRC-SLSA;SRC-JSONSCHEMA,cross-standard,candidate,research-seed,True,
AXM-20-TESTING-OBSERVABILITY-C-003-fixture,component,20-testing-observability,Testing verification benchmarking observability and incidents,fixture,"Reusable fixture assembly in testing verification benchmarking observability and incidents, with a bounded role and an interface that can be tested independently.",SRC-PYTEST;SRC-OTEL;SRC-CYCLONEDX;SRC-SLSA;SRC-JSONSCHEMA,cross-standard,candidate,research-seed,True,
AXM-20-TESTING-OBSERVABILITY-C-004-mock,component,20-testing-observability,Testing verification benchmarking observability and incidents,mock,"Reusable mock assembly in testing verification benchmarking observability and incidents, with a bounded role and an interface that can be tested independently.",SRC-PYTEST;SRC-OTEL;SRC-CYCLONEDX;SRC-SLSA;SRC-JSONSCHEMA,cross-standard,candidate,research-seed,True,
AXM-20-TESTING-OBSERVABILITY-C-005-stub,component,20-testing-observability,Testing verification benchmarking observability and incidents,stub,"Reusable stub assembly in testing verification benchmarking observability and incidents, with a bounded role and an interface that can be tested independently.",SRC-PYTEST;SRC-OTEL;SRC-CYCLONEDX;SRC-SLSA;SRC-JSONSCHEMA,cross-standard,candidate,research-seed,True,
AXM-20-TESTING-OBSERVABILITY-C-006-golden-file,component,20-testing-observability,Testing verification benchmarking observability and incidents,golden file,"Reusable golden file assembly in testing verification benchmarking observability and incidents, with a bounded role and an interface that can be tested independently.",SRC-PYTEST;SRC-OTEL;SRC-CYCLONEDX;SRC-SLSA;SRC-JSONSCHEMA,cross-standard,candidate,research-seed,True,
AXM-20-TESTING-OBSERVABILITY-C-007-property-test,component,20-testing-observability,Testing verification benchmarking observability and incidents,property test,"Reusable property test assembly in testing verification benchmarking observability and incidents, with a bounded role and an interface that can be tested independently.",SRC-PYTEST;SRC-OTEL;SRC-CYCLONEDX;SRC-SLSA;SRC-JSONSCHEMA,cross-standard,candidate,research-seed,True,
AXM-20-TESTING-OBSERVABILITY-C-008-fuzz-corpus,component,20-testing-observability,Testing verification benchmarking observability and incidents,fuzz corpus,"Reusable fuzz corpus assembly in testing verification benchmarking observability and incidents, with a bounded role and an interface that can be tested independently.",SRC-PYTEST;SRC-OTEL;SRC-CYCLONEDX;SRC-SLSA;SRC-JSONSCHEMA,cross-standard,candidate,research-seed,True,
AXM-20-TESTING-OBSERVABILITY-C-009-regression-test,component,20-testing-observability,Testing verification benchmarking observability and incidents,regression test,"Reusable regression test assembly in testing verification benchmarking observability and incidents, with a bounded role and an interface that can be tested independently.",SRC-PYTEST;SRC-OTEL;SRC-CYCLONEDX;SRC-SLSA;SRC-JSONSCHEMA,cross-standard,candidate,research-seed,True,
AXM-20-TESTING-OBSERVABILITY-C-010-integration-test,component,20-testing-observability,Testing verification benchmarking observability and incidents,integration test,"Reusable integration test assembly in testing verification benchmarking observability and incidents, with a bounded role and an interface that can be tested independently.",SRC-PYTEST;SRC-OTEL;SRC-CYCLONEDX;SRC-SLSA;SRC-JSONSCHEMA,cross-standard,candidate,research-seed,True,
AXM-20-TESTING-OBSERVABILITY-C-011-end-to-end-test,component,20-testing-observability,Testing verification benchmarking observability and incidents,end-to-end test,"Reusable end-to-end test assembly in testing verification benchmarking observability and incidents, with a bounded role and an interface that can be tested independently.",SRC-PYTEST;SRC-OTEL;SRC-CYCLONEDX;SRC-SLSA;SRC-JSONSCHEMA,cross-standard,candidate,research-seed,True,
AXM-20-TESTING-OBSERVABILITY-C-012-benchmark,component,20-testing-observability,Testing verification benchmarking observability and incidents,benchmark,"Reusable benchmark assembly in testing verification benchmarking observability and incidents, with a bounded role and an interface that can be tested independently.",SRC-PYTEST;SRC-OTEL;SRC-CYCLONEDX;SRC-SLSA;SRC-JSONSCHEMA,cross-standard,candidate,research-seed,True,
AXM-20-TESTING-OBSERVABILITY-C-013-coverage-report,component,20-testing-observability,Testing verification benchmarking observability and incidents,coverage report,"Reusable coverage report assembly in testing verification benchmarking observability and incidents, with a bounded role and an interface that can be tested independently.",SRC-PYTEST;SRC-OTEL;SRC-CYCLONEDX;SRC-SLSA;SRC-JSONSCHEMA,cross-standard,candidate,research-seed,True,
AXM-20-TESTING-OBSERVABILITY-C-014-mutation-report,component,20-testing-observability,Testing verification benchmarking observability and incidents,mutation report,"Reusable mutation report assembly in testing verification benchmarking observability and incidents, with a bounded role and an interface that can be tested independently.",SRC-PYTEST;SRC-OTEL;SRC-CYCLONEDX;SRC-SLSA;SRC-JSONSCHEMA,cross-standard,candidate,research-seed,True,
AXM-20-TESTING-OBSERVABILITY-C-015-validation-report,component,20-testing-observability,Testing verification benchmarking observability and incidents,validation report,"Reusable validation report assembly in testing verification benchmarking observability and incidents, with a bounded role and an interface that can be tested independently.",SRC-PYTEST;SRC-OTEL;SRC-CYCLONEDX;SRC-SLSA;SRC-JSONSCHEMA,cross-standard,candidate,research-seed,True,
AXM-20-TESTING-OBSERVABILITY-C-016-log-record,component,20-testing-observability,Testing verification benchmarking observability and incidents,log record,"Reusable log record assembly in testing verification benchmarking observability and incidents, with a bounded role and an interface that can be tested independently.",SRC-PYTEST;SRC-OTEL;SRC-CYCLONEDX;SRC-SLSA;SRC-JSONSCHEMA,cross-standard,candidate,research-seed,True,
AXM-20-TESTING-OBSERVABILITY-C-017-trace,component,20-testing-observability,Testing verification benchmarking observability and incidents,trace,"Reusable trace assembly in testing verification benchmarking observability and incidents, with a bounded role and an interface that can be tested independently.",SRC-PYTEST;SRC-OTEL;SRC-CYCLONEDX;SRC-SLSA;SRC-JSONSCHEMA,cross-standard,candidate,research-seed,True,
AXM-20-TESTING-OBSERVABILITY-C-018-span,component,20-testing-observability,Testing verification benchmarking observability and incidents,span,"Reusable span assembly in testing verification benchmarking observability and incidents, with a bounded role and an interface that can be tested independently.",SRC-PYTEST;SRC-OTEL;SRC-CYCLONEDX;SRC-SLSA;SRC-JSONSCHEMA,cross-standard,candidate,research-seed,True,
AXM-20-TESTING-OBSERVABILITY-C-019-metric-stream,component,20-testing-observability,Testing verification benchmarking observability and incidents,metric stream,"Reusable metric stream assembly in testing verification benchmarking observability and incidents, with a bounded role and an interface that can be tested independently.",SRC-PYTEST;SRC-OTEL;SRC-CYCLONEDX;SRC-SLSA;SRC-JSONSCHEMA,cross-standard,candidate,research-seed,True,
AXM-20-TESTING-OBSERVABILITY-C-020-profile,component,20-testing-observability,Testing verification benchmarking observability and incidents,profile,"Reusable profile assembly in testing verification benchmarking observability and incidents, with a bounded role and an interface that can be tested independently.",SRC-PYTEST;SRC-OTEL;SRC-CYCLONEDX;SRC-SLSA;SRC-JSONSCHEMA,cross-standard,candidate,research-seed,True,
AXM-20-TESTING-OBSERVABILITY-C-021-dashboard,component,20-testing-observability,Testing verification benchmarking observability and incidents,dashboard,"Reusable dashboard assembly in testing verification benchmarking observability and incidents, with a bounded role and an interface that can be tested independently.",SRC-PYTEST;SRC-OTEL;SRC-CYCLONEDX;SRC-SLSA;SRC-JSONSCHEMA,cross-standard,candidate,research-seed,True,
AXM-20-TESTING-OBSERVABILITY-C-022-alert-rule,component,20-testing-observability,Testing verification benchmarking observability and incidents,alert rule,"Reusable alert rule assembly in testing verification benchmarking observability and incidents, with a bounded role and an interface that can be tested independently.",SRC-PYTEST;SRC-OTEL;SRC-CYCLONEDX;SRC-SLSA;SRC-JSONSCHEMA,cross-standard,candidate,research-seed,True,
AXM-20-TESTING-OBSERVABILITY-C-023-incident-record,component,20-testing-observability,Testing verification benchmarking observability and incidents,incident record,"Reusable incident record assembly in testing verification benchmarking observability and incidents, with a bounded role and an interface that can be tested independently.",SRC-PYTEST;SRC-OTEL;SRC-CYCLONEDX;SRC-SLSA;SRC-JSONSCHEMA,cross-standard,candidate,research-seed,True,
AXM-20-TESTING-OBSERVABILITY-C-024-evidence-packet,component,20-testing-observability,Testing verification benchmarking observability and incidents,evidence packet,"Reusable evidence packet assembly in testing verification benchmarking observability and incidents, with a bounded role and an interface that can be tested independently.",SRC-PYTEST;SRC-OTEL;SRC-CYCLONEDX;SRC-SLSA;SRC-JSONSCHEMA,cross-standard,candidate,research-seed,True,
AXM-20-TESTING-OBSERVABILITY-C-025-failure-reproduction,component,20-testing-observability,Testing verification benchmarking observability and incidents,failure reproduction,"Reusable failure reproduction assembly in testing verification benchmarking observability and incidents, with a bounded role and an interface that can be tested independently.",SRC-PYTEST;SRC-OTEL;SRC-CYCLONEDX;SRC-SLSA;SRC-JSONSCHEMA,cross-standard,candidate,research-seed,True,
AXM-20-TESTING-OBSERVABILITY-C-026-performance-profile,component,20-testing-observability,Testing verification benchmarking observability and incidents,performance profile,"Reusable performance profile assembly in testing verification benchmarking observability and incidents, with a bounded role and an interface that can be tested independently.",SRC-PYTEST;SRC-OTEL;SRC-CYCLONEDX;SRC-SLSA;SRC-JSONSCHEMA,cross-standard,candidate,research-seed,True,
AXM-20-TESTING-OBSERVABILITY-C-027-conformance-suite,component,20-testing-observability,Testing verification benchmarking observability and incidents,conformance suite,"Reusable conformance suite assembly in testing verification benchmarking observability and incidents, with a bounded role and an interface that can be tested independently.",SRC-PYTEST;SRC-OTEL;SRC-CYCLONEDX;SRC-SLSA;SRC-JSONSCHEMA,cross-standard,candidate,research-seed,True,
AXM-20-TESTING-OBSERVABILITY-C-028-acceptance-criterion,component,20-testing-observability,Testing verification benchmarking observability and incidents,acceptance criterion,"Reusable acceptance criterion assembly in testing verification benchmarking observability and incidents, with a bounded role and an interface that can be tested independently.",SRC-PYTEST;SRC-OTEL;SRC-CYCLONEDX;SRC-SLSA;SRC-JSONSCHEMA,cross-standard,candidate,research-seed,True,
AXM-20-TESTING-OBSERVABILITY-C-029-test-matrix,component,20-testing-observability,Testing verification benchmarking observability and incidents,test matrix,"Reusable test matrix assembly in testing verification benchmarking observability and incidents, with a bounded role and an interface that can be tested independently.",SRC-PYTEST;SRC-OTEL;SRC-CYCLONEDX;SRC-SLSA;SRC-JSONSCHEMA,cross-standard,candidate,research-seed,True,
AXM-20-TESTING-OBSERVABILITY-O-001-test-runner,organ,20-testing-observability,Testing verification benchmarking observability and incidents,test runner,"Functional subsystem for test runner in testing verification benchmarking observability and incidents; orchestrates lower-level components, applies policy and emits results plus evidence.",SRC-PYTEST;SRC-OTEL;SRC-CYCLONEDX;SRC-SLSA;SRC-JSONSCHEMA,cross-standard,candidate,research-seed,True,
AXM-20-TESTING-OBSERVABILITY-O-002-assertion-engine,organ,20-testing-observability,Testing verification benchmarking observability and incidents,assertion engine,"Functional subsystem for assertion engine in testing verification benchmarking observability and incidents; orchestrates lower-level components, applies policy and emits results plus evidence.",SRC-PYTEST;SRC-OTEL;SRC-CYCLONEDX;SRC-SLSA;SRC-JSONSCHEMA,cross-standard,candidate,research-seed,True,
AXM-20-TESTING-OBSERVABILITY-O-003-fixture-manager,organ,20-testing-observability,Testing verification benchmarking observability and incidents,fixture manager,"Functional subsystem for fixture manager in testing verification benchmarking observability and incidents; orchestrates lower-level components, applies policy and emits results plus evidence.",SRC-PYTEST;SRC-OTEL;SRC-CYCLONEDX;SRC-SLSA;SRC-JSONSCHEMA,cross-standard,candidate,research-seed,True,
AXM-20-TESTING-OBSERVABILITY-O-004-fuzzing-organ,organ,20-testing-observability,Testing verification benchmarking observability and incidents,fuzzing organ,"Functional subsystem for fuzzing organ in testing verification benchmarking observability and incidents; orchestrates lower-level components, applies policy and emits results plus evidence.",SRC-PYTEST;SRC-OTEL;SRC-CYCLONEDX;SRC-SLSA;SRC-JSONSCHEMA,cross-standard,candidate,research-seed,True,
AXM-20-TESTING-OBSERVABILITY-O-005-property-testing-organ,organ,20-testing-observability,Testing verification benchmarking observability and incidents,property-testing organ,"Functional subsystem for property-testing organ in testing verification benchmarking observability and incidents; orchestrates lower-level components, applies policy and emits results plus evidence.",SRC-PYTEST;SRC-OTEL;SRC-CYCLONEDX;SRC-SLSA;SRC-JSONSCHEMA,cross-standard,candidate,research-seed,True,
AXM-20-TESTING-OBSERVABILITY-O-006-regression-gate,organ,20-testing-observability,Testing verification benchmarking observability and incidents,regression gate,"Functional subsystem for regression gate in testing verification benchmarking observability and incidents; orchestrates lower-level components, applies policy and emits results plus evidence.",SRC-PYTEST;SRC-OTEL;SRC-CYCLONEDX;SRC-SLSA;SRC-JSONSCHEMA,cross-standard,candidate,research-seed,True,
AXM-20-TESTING-OBSERVABILITY-O-007-benchmark-runner,organ,20-testing-observability,Testing verification benchmarking observability and incidents,benchmark runner,"Functional subsystem for benchmark runner in testing verification benchmarking observability and incidents; orchestrates lower-level components, applies policy and emits results plus evidence.",SRC-PYTEST;SRC-OTEL;SRC-CYCLONEDX;SRC-SLSA;SRC-JSONSCHEMA,cross-standard,candidate,research-seed,True,
AXM-20-TESTING-OBSERVABILITY-O-008-coverage-analyzer,organ,20-testing-observability,Testing verification benchmarking observability and incidents,coverage analyzer,"Functional subsystem for coverage analyzer in testing verification benchmarking observability and incidents; orchestrates lower-level components, applies policy and emits results plus evidence.",SRC-PYTEST;SRC-OTEL;SRC-CYCLONEDX;SRC-SLSA;SRC-JSONSCHEMA,cross-standard,candidate,research-seed,True,
AXM-20-TESTING-OBSERVABILITY-O-009-static-verification-organ,organ,20-testing-observability,Testing verification benchmarking observability and incidents,static-verification organ,"Functional subsystem for static-verification organ in testing verification benchmarking observability and incidents; orchestrates lower-level components, applies policy and emits results plus evidence.",SRC-PYTEST;SRC-OTEL;SRC-CYCLONEDX;SRC-SLSA;SRC-JSONSCHEMA,cross-standard,candidate,research-seed,True,
AXM-20-TESTING-OBSERVABILITY-O-010-runtime-monitor,organ,20-testing-observability,Testing verification benchmarking observability and incidents,runtime monitor,"Functional subsystem for runtime monitor in testing verification benchmarking observability and incidents; orchestrates lower-level components, applies policy and emits results plus evidence.",SRC-PYTEST;SRC-OTEL;SRC-CYCLONEDX;SRC-SLSA;SRC-JSONSCHEMA,cross-standard,candidate,research-seed,True,
AXM-20-TESTING-OBSERVABILITY-O-011-telemetry-collector,organ,20-testing-observability,Testing verification benchmarking observability and incidents,telemetry collector,"Functional subsystem for telemetry collector in testing verification benchmarking observability and incidents; orchestrates lower-level components, applies policy and emits results plus evidence.",SRC-PYTEST;SRC-OTEL;SRC-CYCLONEDX;SRC-SLSA;SRC-JSONSCHEMA,cross-standard,candidate,research-seed,True,
AXM-20-TESTING-OBSERVABILITY-O-012-trace-processor,organ,20-testing-observability,Testing verification benchmarking observability and incidents,trace processor,"Functional subsystem for trace processor in testing verification benchmarking observability and incidents; orchestrates lower-level components, applies policy and emits results plus evidence.",SRC-PYTEST;SRC-OTEL;SRC-CYCLONEDX;SRC-SLSA;SRC-JSONSCHEMA,cross-standard,candidate,research-seed,True,
AXM-20-TESTING-OBSERVABILITY-O-013-metric-processor,organ,20-testing-observability,Testing verification benchmarking observability and incidents,metric processor,"Functional subsystem for metric processor in testing verification benchmarking observability and incidents; orchestrates lower-level components, applies policy and emits results plus evidence.",SRC-PYTEST;SRC-OTEL;SRC-CYCLONEDX;SRC-SLSA;SRC-JSONSCHEMA,cross-standard,candidate,research-seed,True,
AXM-20-TESTING-OBSERVABILITY-O-014-log-processor,organ,20-testing-observability,Testing verification benchmarking observability and incidents,log processor,"Functional subsystem for log processor in testing verification benchmarking observability and incidents; orchestrates lower-level components, applies policy and emits results plus evidence.",SRC-PYTEST;SRC-OTEL;SRC-CYCLONEDX;SRC-SLSA;SRC-JSONSCHEMA,cross-standard,candidate,research-seed,True,
AXM-20-TESTING-OBSERVABILITY-O-015-alerting-organ,organ,20-testing-observability,Testing verification benchmarking observability and incidents,alerting organ,"Functional subsystem for alerting organ in testing verification benchmarking observability and incidents; orchestrates lower-level components, applies policy and emits results plus evidence.",SRC-PYTEST;SRC-OTEL;SRC-CYCLONEDX;SRC-SLSA;SRC-JSONSCHEMA,cross-standard,candidate,research-seed,True,
AXM-20-TESTING-OBSERVABILITY-O-016-incident-recorder,organ,20-testing-observability,Testing verification benchmarking observability and incidents,incident recorder,"Functional subsystem for incident recorder in testing verification benchmarking observability and incidents; orchestrates lower-level components, applies policy and emits results plus evidence.",SRC-PYTEST;SRC-OTEL;SRC-CYCLONEDX;SRC-SLSA;SRC-JSONSCHEMA,cross-standard,candidate,research-seed,True,
AXM-20-TESTING-OBSERVABILITY-O-017-evidence-verifier,organ,20-testing-observability,Testing verification benchmarking observability and incidents,evidence verifier,"Functional subsystem for evidence verifier in testing verification benchmarking observability and incidents; orchestrates lower-level components, applies policy and emits results plus evidence.",SRC-PYTEST;SRC-OTEL;SRC-CYCLONEDX;SRC-SLSA;SRC-JSONSCHEMA,cross-standard,candidate,research-seed,True,
AXM-20-TESTING-OBSERVABILITY-O-018-conformance-tester,organ,20-testing-observability,Testing verification benchmarking observability and incidents,conformance tester,"Functional subsystem for conformance tester in testing verification benchmarking observability and incidents; orchestrates lower-level components, applies policy and emits results plus evidence.",SRC-PYTEST;SRC-OTEL;SRC-CYCLONEDX;SRC-SLSA;SRC-JSONSCHEMA,cross-standard,candidate,research-seed,True,
AXM-20-TESTING-OBSERVABILITY-O-019-failure-triage-organ,organ,20-testing-observability,Testing verification benchmarking observability and incidents,failure-triage organ,"Functional subsystem for failure-triage organ in testing verification benchmarking observability and incidents; orchestrates lower-level components, applies policy and emits results plus evidence.",SRC-PYTEST;SRC-OTEL;SRC-CYCLONEDX;SRC-SLSA;SRC-JSONSCHEMA,cross-standard,candidate,research-seed,True,
AXM-21-SECURITY-INTEGRITY-A-001-principal-identifier,atom,21-security-integrity,Security identity authorization privacy and integrity,principal identifier,"Smallest independently addressable principal identifier unit in security identity authorization privacy and integrity, intended to be typed, referenced, transformed or validated without requiring a whole finished asset.",SRC-JWT;SRC-OAUTH;SRC-SLSA;SRC-SPDX;SRC-CYCLONEDX,cross-standard,candidate,research-seed,True,
AXM-21-SECURITY-INTEGRITY-A-002-subject-identifier,atom,21-security-integrity,Security identity authorization privacy and integrity,subject identifier,"Smallest independently addressable subject identifier unit in security identity authorization privacy and integrity, intended to be typed, referenced, transformed or validated without requiring a whole finished asset.",SRC-JWT;SRC-OAUTH;SRC-SLSA;SRC-SPDX;SRC-CYCLONEDX,cross-standard,candidate,research-seed,True,
AXM-21-SECURITY-INTEGRITY-A-003-issuer-identifier,atom,21-security-integrity,Security identity authorization privacy and integrity,issuer identifier,"Smallest independently addressable issuer identifier unit in security identity authorization privacy and integrity, intended to be typed, referenced, transformed or validated without requiring a whole finished asset.",SRC-JWT;SRC-OAUTH;SRC-SLSA;SRC-SPDX;SRC-CYCLONEDX,cross-standard,candidate,research-seed,True,
AXM-21-SECURITY-INTEGRITY-A-004-audience,atom,21-security-integrity,Security identity authorization privacy and integrity,audience,"Smallest independently addressable audience unit in security identity authorization privacy and integrity, intended to be typed, referenced, transformed or validated without requiring a whole finished asset.",SRC-JWT;SRC-OAUTH;SRC-SLSA;SRC-SPDX;SRC-CYCLONEDX,cross-standard,candidate,research-seed,True,
AXM-21-SECURITY-INTEGRITY-A-005-claim,atom,21-security-integrity,Security identity authorization privacy and integrity,claim,"Smallest independently addressable claim unit in security identity authorization privacy and integrity, intended to be typed, referenced, transformed or validated without requiring a whole finished asset.",SRC-JWT;SRC-OAUTH;SRC-SLSA;SRC-SPDX;SRC-CYCLONEDX,cross-standard,candidate,research-seed,True,
AXM-21-SECURITY-INTEGRITY-A-006-scope,atom,21-security-integrity,Security identity authorization privacy and integrity,scope,"Smallest independently addressable scope unit in security identity authorization privacy and integrity, intended to be typed, referenced, transformed or validated without requiring a whole finished asset.",SRC-JWT;SRC-OAUTH;SRC-SLSA;SRC-SPDX;SRC-CYCLONEDX,cross-standard,candidate,research-seed,True,
AXM-21-SECURITY-INTEGRITY-A-007-permission,atom,21-security-integrity,Security identity authorization privacy and integrity,permission,"Smallest independently addressable permission unit in security identity authorization privacy and integrity, intended to be typed, referenced, transformed or validated without requiring a whole finished asset.",SRC-JWT;SRC-OAUTH;SRC-SLSA;SRC-SPDX;SRC-CYCLONEDX,cross-standard,candidate,research-seed,True,
AXM-21-SECURITY-INTEGRITY-A-008-role,atom,21-security-integrity,Security identity authorization privacy and integrity,role,"Smallest independently addressable role unit in security identity authorization privacy and integrity, intended to be typed, referenced, transformed or validated without requiring a whole finished asset.",SRC-JWT;SRC-OAUTH;SRC-SLSA;SRC-SPDX;SRC-CYCLONEDX,cross-standard,candidate,research-seed,True,
AXM-21-SECURITY-INTEGRITY-A-009-capability,atom,21-security-integrity,Security identity authorization privacy and integrity,capability,"Smallest independently addressable capability unit in security identity authorization privacy and integrity, intended to be typed, referenced, transformed or validated without requiring a whole finished asset.",SRC-JWT;SRC-OAUTH;SRC-SLSA;SRC-SPDX;SRC-CYCLONEDX,cross-standard,candidate,research-seed,True,
AXM-21-SECURITY-INTEGRITY-A-010-policy-effect,atom,21-security-integrity,Security identity authorization privacy and integrity,policy effect,"Smallest independently addressable policy effect unit in security identity authorization privacy and integrity, intended to be typed, referenced, transformed or validated without requiring a whole finished asset.",SRC-JWT;SRC-OAUTH;SRC-SLSA;SRC-SPDX;SRC-CYCLONEDX,cross-standard,candidate,research-seed,True,
AXM-21-SECURITY-INTEGRITY-A-011-policy-condition,atom,21-security-integrity,Security identity authorization privacy and integrity,policy condition,"Smallest independently addressable policy condition unit in security identity authorization privacy and integrity, intended to be typed, referenced, transformed or validated without requiring a whole finished asset.",SRC-JWT;SRC-OAUTH;SRC-SLSA;SRC-SPDX;SRC-CYCLONEDX,cross-standard,candidate,research-seed,True,
AXM-21-SECURITY-INTEGRITY-A-012-key-identifier,atom,21-security-integrity,Security identity authorization privacy and integrity,key identifier,"Smallest independently addressable key identifier unit in security identity authorization privacy and integrity, intended to be typed, referenced, transformed or validated without requiring a whole finished asset.",SRC-JWT;SRC-OAUTH;SRC-SLSA;SRC-SPDX;SRC-CYCLONEDX,cross-standard,candidate,research-seed,True,
AXM-21-SECURITY-INTEGRITY-A-013-cryptographic-key-reference,atom,21-security-integrity,Security identity authorization privacy and integrity,cryptographic-key reference,"Smallest independently addressable cryptographic-key reference unit in security identity authorization privacy and integrity, intended to be typed, referenced, transformed or validated without requiring a whole finished asset.",SRC-JWT;SRC-OAUTH;SRC-SLSA;SRC-SPDX;SRC-CYCLONEDX,cross-standard,candidate,research-seed,True,
AXM-21-SECURITY-INTEGRITY-A-014-nonce,atom,21-security-integrity,Security identity authorization privacy and integrity,nonce,"Smallest independently addressable nonce unit in security identity authorization privacy and integrity, intended to be typed, referenced, transformed or validated without requiring a whole finished asset.",SRC-JWT;SRC-OAUTH;SRC-SLSA;SRC-SPDX;SRC-CYCLONEDX,cross-standard,candidate,research-seed,True,
AXM-21-SECURITY-INTEGRITY-A-015-salt,atom,21-security-integrity,Security identity authorization privacy and integrity,salt,"Smallest independently addressable salt unit in security identity authorization privacy and integrity, intended to be typed, referenced, transformed or validated without requiring a whole finished asset.",SRC-JWT;SRC-OAUTH;SRC-SLSA;SRC-SPDX;SRC-CYCLONEDX,cross-standard,candidate,research-seed,True,
AXM-21-SECURITY-INTEGRITY-A-016-initialization-vector,atom,21-security-integrity,Security identity authorization privacy and integrity,initialization vector,"Smallest independently addressable initialization vector unit in security identity authorization privacy and integrity, intended to be typed, referenced, transformed or validated without requiring a whole finished asset.",SRC-JWT;SRC-OAUTH;SRC-SLSA;SRC-SPDX;SRC-CYCLONEDX,cross-standard,candidate,research-seed,True,
AXM-21-SECURITY-INTEGRITY-A-017-digest,atom,21-security-integrity,Security identity authorization privacy and integrity,digest,"Smallest independently addressable digest unit in security identity authorization privacy and integrity, intended to be typed, referenced, transformed or validated without requiring a whole finished asset.",SRC-JWT;SRC-OAUTH;SRC-SLSA;SRC-SPDX;SRC-CYCLONEDX,cross-standard,candidate,research-seed,True,
AXM-21-SECURITY-INTEGRITY-A-018-signature,atom,21-security-integrity,Security identity authorization privacy and integrity,signature,"Smallest independently addressable signature unit in security identity authorization privacy and integrity, intended to be typed, referenced, transformed or validated without requiring a whole finished asset.",SRC-JWT;SRC-OAUTH;SRC-SLSA;SRC-SPDX;SRC-CYCLONEDX,cross-standard,candidate,research-seed,True,
AXM-21-SECURITY-INTEGRITY-A-019-certificate-field,atom,21-security-integrity,Security identity authorization privacy and integrity,certificate field,"Smallest independently addressable certificate field unit in security identity authorization privacy and integrity, intended to be typed, referenced, transformed or validated without requiring a whole finished asset.",SRC-JWT;SRC-OAUTH;SRC-SLSA;SRC-SPDX;SRC-CYCLONEDX,cross-standard,candidate,research-seed,True,
AXM-21-SECURITY-INTEGRITY-A-020-token-expiry,atom,21-security-integrity,Security identity authorization privacy and integrity,token expiry,"Smallest independently addressable token expiry unit in security identity authorization privacy and integrity, intended to be typed, referenced, transformed or validated without requiring a whole finished asset.",SRC-JWT;SRC-OAUTH;SRC-SLSA;SRC-SPDX;SRC-CYCLONEDX,cross-standard,candidate,research-seed,True,
AXM-21-SECURITY-INTEGRITY-A-021-token-issue-time,atom,21-security-integrity,Security identity authorization privacy and integrity,token issue time,"Smallest independently addressable token issue time unit in security identity authorization privacy and integrity, intended to be typed, referenced, transformed or validated without requiring a whole finished asset.",SRC-JWT;SRC-OAUTH;SRC-SLSA;SRC-SPDX;SRC-CYCLONEDX,cross-standard,candidate,research-seed,True,
AXM-21-SECURITY-INTEGRITY-A-022-authentication-method,atom,21-security-integrity,Security identity authorization privacy and integrity,authentication method,"Smallest independently addressable authentication method unit in security identity authorization privacy and integrity, intended to be typed, referenced, transformed or validated without requiring a whole finished asset.",SRC-JWT;SRC-OAUTH;SRC-SLSA;SRC-SPDX;SRC-CYCLONEDX,cross-standard,candidate,research-seed,True,
AXM-21-SECURITY-INTEGRITY-A-023-secret-reference,atom,21-security-integrity,Security identity authorization privacy and integrity,secret reference,"Smallest independently addressable secret reference unit in security identity authorization privacy and integrity, intended to be typed, referenced, transformed or validated without requiring a whole finished asset.",SRC-JWT;SRC-OAUTH;SRC-SLSA;SRC-SPDX;SRC-CYCLONEDX,cross-standard,candidate,research-seed,True,
AXM-21-SECURITY-INTEGRITY-A-024-vulnerability-identifier,atom,21-security-integrity,Security identity authorization privacy and integrity,vulnerability identifier,"Smallest independently addressable vulnerability identifier unit in security identity authorization privacy and integrity, intended to be typed, referenced, transformed or validated without requiring a whole finished asset.",SRC-JWT;SRC-OAUTH;SRC-SLSA;SRC-SPDX;SRC-CYCLONEDX,cross-standard,candidate,research-seed,True,
AXM-21-SECURITY-INTEGRITY-A-025-weakness-identifier,atom,21-security-integrity,Security identity authorization privacy and integrity,weakness identifier,"Smallest independently addressable weakness identifier unit in security identity authorization privacy and integrity, intended to be typed, referenced, transformed or validated without requiring a whole finished asset.",SRC-JWT;SRC-OAUTH;SRC-SLSA;SRC-SPDX;SRC-CYCLONEDX,cross-standard,candidate,research-seed,True,
AXM-21-SECURITY-INTEGRITY-A-026-severity-score,atom,21-security-integrity,Security identity authorization privacy and integrity,severity score,"Smallest independently addressable severity score unit in security identity authorization privacy and integrity, intended to be typed, referenced, transformed or validated without requiring a whole finished asset.",SRC-JWT;SRC-OAUTH;SRC-SLSA;SRC-SPDX;SRC-CYCLONEDX,cross-standard,candidate,research-seed,True,
AXM-21-SECURITY-INTEGRITY-A-027-trust-level,atom,21-security-integrity,Security identity authorization privacy and integrity,trust level,"Smallest independently addressable trust level unit in security identity authorization privacy and integrity, intended to be typed, referenced, transformed or validated without requiring a whole finished asset.",SRC-JWT;SRC-OAUTH;SRC-SLSA;SRC-SPDX;SRC-CYCLONEDX,cross-standard,candidate,research-seed,True,
AXM-21-SECURITY-INTEGRITY-A-028-integrity-status,atom,21-security-integrity,Security identity authorization privacy and integrity,integrity status,"Smallest independently addressable integrity status unit in security identity authorization privacy and integrity, intended to be typed, referenced, transformed or validated without requiring a whole finished asset.",SRC-JWT;SRC-OAUTH;SRC-SLSA;SRC-SPDX;SRC-CYCLONEDX,cross-standard,candidate,research-seed,True,
AXM-21-SECURITY-INTEGRITY-A-029-rollback-pointer,atom,21-security-integrity,Security identity authorization privacy and integrity,rollback pointer,"Smallest independently addressable rollback pointer unit in security identity authorization privacy and integrity, intended to be typed, referenced, transformed or validated without requiring a whole finished asset.",SRC-JWT;SRC-OAUTH;SRC-SLSA;SRC-SPDX;SRC-CYCLONEDX,cross-standard,candidate,research-seed,True,
AXM-21-SECURITY-INTEGRITY-A-030-consent-flag,atom,21-security-integrity,Security identity authorization privacy and integrity,consent flag,"Smallest independently addressable consent flag unit in security identity authorization privacy and integrity, intended to be typed, referenced, transformed or validated without requiring a whole finished asset.",SRC-JWT;SRC-OAUTH;SRC-SLSA;SRC-SPDX;SRC-CYCLONEDX,cross-standard,candidate,research-seed,True,
AXM-21-SECURITY-INTEGRITY-A-031-privacy-label,atom,21-security-integrity,Security identity authorization privacy and integrity,privacy label,"Smallest independently addressable privacy label unit in security identity authorization privacy and integrity, intended to be typed, referenced, transformed or validated without requiring a whole finished asset.",SRC-JWT;SRC-OAUTH;SRC-SLSA;SRC-SPDX;SRC-CYCLONEDX,cross-standard,candidate,research-seed,True,
AXM-21-SECURITY-INTEGRITY-A-032-session-identifier,atom,21-security-integrity,Security identity authorization privacy and integrity,session identifier,"Smallest independently addressable session identifier unit in security identity authorization privacy and integrity, intended to be typed, referenced, transformed or validated without requiring a whole finished asset.",SRC-JWT;SRC-OAUTH;SRC-SLSA;SRC-SPDX;SRC-CYCLONEDX,cross-standard,candidate,research-seed,True,
AXM-21-SECURITY-INTEGRITY-A-033-revocation-state,atom,21-security-integrity,Security identity authorization privacy and integrity,revocation state,"Smallest independently addressable revocation state unit in security identity authorization privacy and integrity, intended to be typed, referenced, transformed or validated without requiring a whole finished asset.",SRC-JWT;SRC-OAUTH;SRC-SLSA;SRC-SPDX;SRC-CYCLONEDX,cross-standard,candidate,research-seed,True,
AXM-21-SECURITY-INTEGRITY-A-034-security-event,atom,21-security-integrity,Security identity authorization privacy and integrity,security event,"Smallest independently addressable security event unit in security identity authorization privacy and integrity, intended to be typed, referenced, transformed or validated without requiring a whole finished asset.",SRC-JWT;SRC-OAUTH;SRC-SLSA;SRC-SPDX;SRC-CYCLONEDX,cross-standard,candidate,research-seed,True,
AXM-21-SECURITY-INTEGRITY-A-035-sandbox-boundary,atom,21-security-integrity,Security identity authorization privacy and integrity,sandbox boundary,"Smallest independently addressable sandbox boundary unit in security identity authorization privacy and integrity, intended to be typed, referenced, transformed or validated without requiring a whole finished asset.",SRC-JWT;SRC-OAUTH;SRC-SLSA;SRC-SPDX;SRC-CYCLONEDX,cross-standard,candidate,research-seed,True,
AXM-21-SECURITY-INTEGRITY-A-036-authority-limit,atom,21-security-integrity,Security identity authorization privacy and integrity,authority limit,"Smallest independently addressable authority limit unit in security identity authorization privacy and integrity, intended to be typed, referenced, transformed or validated without requiring a whole finished asset.",SRC-JWT;SRC-OAUTH;SRC-SLSA;SRC-SPDX;SRC-CYCLONEDX,cross-standard,candidate,research-seed,True,
AXM-21-SECURITY-INTEGRITY-C-001-identity-record,component,21-security-integrity,Security identity authorization privacy and integrity,identity record,"Reusable identity record assembly in security identity authorization privacy and integrity, with a bounded role and an interface that can be tested independently.",SRC-JWT;SRC-OAUTH;SRC-SLSA;SRC-SPDX;SRC-CYCLONEDX,cross-standard,candidate,research-seed,True,
AXM-21-SECURITY-INTEGRITY-C-002-credential,component,21-security-integrity,Security identity authorization privacy and integrity,credential,"Reusable credential assembly in security identity authorization privacy and integrity, with a bounded role and an interface that can be tested independently.",SRC-JWT;SRC-OAUTH;SRC-SLSA;SRC-SPDX;SRC-CYCLONEDX,cross-standard,candidate,research-seed,True,
AXM-21-SECURITY-INTEGRITY-C-003-key-pair,component,21-security-integrity,Security identity authorization privacy and integrity,key pair,"Reusable key pair assembly in security identity authorization privacy and integrity, with a bounded role and an interface that can be tested independently.",SRC-JWT;SRC-OAUTH;SRC-SLSA;SRC-SPDX;SRC-CYCLONEDX,cross-standard,candidate,research-seed,True,
AXM-21-SECURITY-INTEGRITY-C-004-certificate,component,21-security-integrity,Security identity authorization privacy and integrity,certificate,"Reusable certificate assembly in security identity authorization privacy and integrity, with a bounded role and an interface that can be tested independently.",SRC-JWT;SRC-OAUTH;SRC-SLSA;SRC-SPDX;SRC-CYCLONEDX,cross-standard,candidate,research-seed,True,
AXM-21-SECURITY-INTEGRITY-C-005-signed-token,component,21-security-integrity,Security identity authorization privacy and integrity,signed token,"Reusable signed token assembly in security identity authorization privacy and integrity, with a bounded role and an interface that can be tested independently.",SRC-JWT;SRC-OAUTH;SRC-SLSA;SRC-SPDX;SRC-CYCLONEDX,cross-standard,candidate,research-seed,True,
AXM-21-SECURITY-INTEGRITY-C-006-access-token,component,21-security-integrity,Security identity authorization privacy and integrity,access token,"Reusable access token assembly in security identity authorization privacy and integrity, with a bounded role and an interface that can be tested independently.",SRC-JWT;SRC-OAUTH;SRC-SLSA;SRC-SPDX;SRC-CYCLONEDX,cross-standard,candidate,research-seed,True,
AXM-21-SECURITY-INTEGRITY-C-007-refresh-token,component,21-security-integrity,Security identity authorization privacy and integrity,refresh token,"Reusable refresh token assembly in security identity authorization privacy and integrity, with a bounded role and an interface that can be tested independently.",SRC-JWT;SRC-OAUTH;SRC-SLSA;SRC-SPDX;SRC-CYCLONEDX,cross-standard,candidate,research-seed,True,
AXM-21-SECURITY-INTEGRITY-C-008-authorization-grant,component,21-security-integrity,Security identity authorization privacy and integrity,authorization grant,"Reusable authorization grant assembly in security identity authorization privacy and integrity, with a bounded role and an interface that can be tested independently.",SRC-JWT;SRC-OAUTH;SRC-SLSA;SRC-SPDX;SRC-CYCLONEDX,cross-standard,candidate,research-seed,True,
AXM-21-SECURITY-INTEGRITY-C-009-access-control-list,component,21-security-integrity,Security identity authorization privacy and integrity,access-control list,"Reusable access-control list assembly in security identity authorization privacy and integrity, with a bounded role and an interface that can be tested independently.",SRC-JWT;SRC-OAUTH;SRC-SLSA;SRC-SPDX;SRC-CYCLONEDX,cross-standard,candidate,research-seed,True,
AXM-21-SECURITY-INTEGRITY-C-010-role-binding,component,21-security-integrity,Security identity authorization privacy and integrity,role binding,"Reusable role binding assembly in security identity authorization privacy and integrity, with a bounded role and an interface that can be tested independently.",SRC-JWT;SRC-OAUTH;SRC-SLSA;SRC-SPDX;SRC-CYCLONEDX,cross-standard,candidate,research-seed,True,
AXM-21-SECURITY-INTEGRITY-C-011-capability-grant,component,21-security-integrity,Security identity authorization privacy and integrity,capability grant,"Reusable capability grant assembly in security identity authorization privacy and integrity, with a bounded role and an interface that can be tested independently.",SRC-JWT;SRC-OAUTH;SRC-SLSA;SRC-SPDX;SRC-CYCLONEDX,cross-standard,candidate,research-seed,True,
AXM-21-SECURITY-INTEGRITY-C-012-policy-rule,component,21-security-integrity,Security identity authorization privacy and integrity,policy rule,"Reusable policy rule assembly in security identity authorization privacy and integrity, with a bounded role and an interface that can be tested independently.",SRC-JWT;SRC-OAUTH;SRC-SLSA;SRC-SPDX;SRC-CYCLONEDX,cross-standard,candidate,research-seed,True,
AXM-21-SECURITY-INTEGRITY-C-013-policy-bundle,component,21-security-integrity,Security identity authorization privacy and integrity,policy bundle,"Reusable policy bundle assembly in security identity authorization privacy and integrity, with a bounded role and an interface that can be tested independently.",SRC-JWT;SRC-OAUTH;SRC-SLSA;SRC-SPDX;SRC-CYCLONEDX,cross-standard,candidate,research-seed,True,
AXM-21-SECURITY-INTEGRITY-C-014-trust-store,component,21-security-integrity,Security identity authorization privacy and integrity,trust store,"Reusable trust store assembly in security identity authorization privacy and integrity, with a bounded role and an interface that can be tested independently.",SRC-JWT;SRC-OAUTH;SRC-SLSA;SRC-SPDX;SRC-CYCLONEDX,cross-standard,candidate,research-seed,True,
AXM-21-SECURITY-INTEGRITY-C-015-secret-bundle,component,21-security-integrity,Security identity authorization privacy and integrity,secret bundle,"Reusable secret bundle assembly in security identity authorization privacy and integrity, with a bounded role and an interface that can be tested independently.",SRC-JWT;SRC-OAUTH;SRC-SLSA;SRC-SPDX;SRC-CYCLONEDX,cross-standard,candidate,research-seed,True,
AXM-21-SECURITY-INTEGRITY-C-016-integrity-manifest,component,21-security-integrity,Security identity authorization privacy and integrity,integrity manifest,"Reusable integrity manifest assembly in security identity authorization privacy and integrity, with a bounded role and an interface that can be tested independently.",SRC-JWT;SRC-OAUTH;SRC-SLSA;SRC-SPDX;SRC-CYCLONEDX,cross-standard,candidate,research-seed,True,
AXM-21-SECURITY-INTEGRITY-C-017-vulnerability-record,component,21-security-integrity,Security identity authorization privacy and integrity,vulnerability record,"Reusable vulnerability record assembly in security identity authorization privacy and integrity, with a bounded role and an interface that can be tested independently.",SRC-JWT;SRC-OAUTH;SRC-SLSA;SRC-SPDX;SRC-CYCLONEDX,cross-standard,candidate,research-seed,True,
AXM-21-SECURITY-INTEGRITY-C-018-threat-model,component,21-security-integrity,Security identity authorization privacy and integrity,threat model,"Reusable threat model assembly in security identity authorization privacy and integrity, with a bounded role and an interface that can be tested independently.",SRC-JWT;SRC-OAUTH;SRC-SLSA;SRC-SPDX;SRC-CYCLONEDX,cross-standard,candidate,research-seed,True,
AXM-21-SECURITY-INTEGRITY-C-019-audit-record,component,21-security-integrity,Security identity authorization privacy and integrity,audit record,"Reusable audit record assembly in security identity authorization privacy and integrity, with a bounded role and an interface that can be tested independently.",SRC-JWT;SRC-OAUTH;SRC-SLSA;SRC-SPDX;SRC-CYCLONEDX,cross-standard,candidate,research-seed,True,
AXM-21-SECURITY-INTEGRITY-C-020-recovery-snapshot,component,21-security-integrity,Security identity authorization privacy and integrity,recovery snapshot,"Reusable recovery snapshot assembly in security identity authorization privacy and integrity, with a bounded role and an interface that can be tested independently.",SRC-JWT;SRC-OAUTH;SRC-SLSA;SRC-SPDX;SRC-CYCLONEDX,cross-standard,candidate,research-seed,True,
AXM-21-SECURITY-INTEGRITY-C-021-consent-record,component,21-security-integrity,Security identity authorization privacy and integrity,consent record,"Reusable consent record assembly in security identity authorization privacy and integrity, with a bounded role and an interface that can be tested independently.",SRC-JWT;SRC-OAUTH;SRC-SLSA;SRC-SPDX;SRC-CYCLONEDX,cross-standard,candidate,research-seed,True,
AXM-21-SECURITY-INTEGRITY-C-022-privacy-policy,component,21-security-integrity,Security identity authorization privacy and integrity,privacy policy,"Reusable privacy policy assembly in security identity authorization privacy and integrity, with a bounded role and an interface that can be tested independently.",SRC-JWT;SRC-OAUTH;SRC-SLSA;SRC-SPDX;SRC-CYCLONEDX,cross-standard,candidate,research-seed,True,
AXM-21-SECURITY-INTEGRITY-C-023-sandbox-profile,component,21-security-integrity,Security identity authorization privacy and integrity,sandbox profile,"Reusable sandbox profile assembly in security identity authorization privacy and integrity, with a bounded role and an interface that can be tested independently.",SRC-JWT;SRC-OAUTH;SRC-SLSA;SRC-SPDX;SRC-CYCLONEDX,cross-standard,candidate,research-seed,True,
AXM-21-SECURITY-INTEGRITY-C-024-security-baseline,component,21-security-integrity,Security identity authorization privacy and integrity,security baseline,"Reusable security baseline assembly in security identity authorization privacy and integrity, with a bounded role and an interface that can be tested independently.",SRC-JWT;SRC-OAUTH;SRC-SLSA;SRC-SPDX;SRC-CYCLONEDX,cross-standard,candidate,research-seed,True,
AXM-21-SECURITY-INTEGRITY-C-025-revocation-list,component,21-security-integrity,Security identity authorization privacy and integrity,revocation list,"Reusable revocation list assembly in security identity authorization privacy and integrity, with a bounded role and an interface that can be tested independently.",SRC-JWT;SRC-OAUTH;SRC-SLSA;SRC-SPDX;SRC-CYCLONEDX,cross-standard,candidate,research-seed,True,
AXM-21-SECURITY-INTEGRITY-C-026-incident-response-plan,component,21-security-integrity,Security identity authorization privacy and integrity,incident response plan,"Reusable incident response plan assembly in security identity authorization privacy and integrity, with a bounded role and an interface that can be tested independently.",SRC-JWT;SRC-OAUTH;SRC-SLSA;SRC-SPDX;SRC-CYCLONEDX,cross-standard,candidate,research-seed,True,
AXM-21-SECURITY-INTEGRITY-O-001-identity-provider,organ,21-security-integrity,Security identity authorization privacy and integrity,identity provider,"Functional subsystem for identity provider in security identity authorization privacy and integrity; orchestrates lower-level components, applies policy and emits results plus evidence.",SRC-JWT;SRC-OAUTH;SRC-SLSA;SRC-SPDX;SRC-CYCLONEDX,cross-standard,candidate,research-seed,True,
AXM-21-SECURITY-INTEGRITY-O-002-authenticator,organ,21-security-integrity,Security identity authorization privacy and integrity,authenticator,"Functional subsystem for authenticator in security identity authorization privacy and integrity; orchestrates lower-level components, applies policy and emits results plus evidence.",SRC-JWT;SRC-OAUTH;SRC-SLSA;SRC-SPDX;SRC-CYCLONEDX,cross-standard,candidate,research-seed,True,
AXM-21-SECURITY-INTEGRITY-O-003-authorization-engine,organ,21-security-integrity,Security identity authorization privacy and integrity,authorization engine,"Functional subsystem for authorization engine in security identity authorization privacy and integrity; orchestrates lower-level components, applies policy and emits results plus evidence.",SRC-JWT;SRC-OAUTH;SRC-SLSA;SRC-SPDX;SRC-CYCLONEDX,cross-standard,candidate,research-seed,True,
AXM-21-SECURITY-INTEGRITY-O-004-policy-engine,organ,21-security-integrity,Security identity authorization privacy and integrity,policy engine,"Functional subsystem for policy engine in security identity authorization privacy and integrity; orchestrates lower-level components, applies policy and emits results plus evidence.",SRC-JWT;SRC-OAUTH;SRC-SLSA;SRC-SPDX;SRC-CYCLONEDX,cross-standard,candidate,research-seed,True,
AXM-21-SECURITY-INTEGRITY-O-005-key-manager,organ,21-security-integrity,Security identity authorization privacy and integrity,key manager,"Functional subsystem for key manager in security identity authorization privacy and integrity; orchestrates lower-level components, applies policy and emits results plus evidence.",SRC-JWT;SRC-OAUTH;SRC-SLSA;SRC-SPDX;SRC-CYCLONEDX,cross-standard,candidate,research-seed,True,
AXM-21-SECURITY-INTEGRITY-O-006-secret-manager,organ,21-security-integrity,Security identity authorization privacy and integrity,secret manager,"Functional subsystem for secret manager in security identity authorization privacy and integrity; orchestrates lower-level components, applies policy and emits results plus evidence.",SRC-JWT;SRC-OAUTH;SRC-SLSA;SRC-SPDX;SRC-CYCLONEDX,cross-standard,candidate,research-seed,True,
AXM-21-SECURITY-INTEGRITY-O-007-signer,organ,21-security-integrity,Security identity authorization privacy and integrity,signer,"Functional subsystem for signer in security identity authorization privacy and integrity; orchestrates lower-level components, applies policy and emits results plus evidence.",SRC-JWT;SRC-OAUTH;SRC-SLSA;SRC-SPDX;SRC-CYCLONEDX,cross-standard,candidate,research-seed,True,
AXM-21-SECURITY-INTEGRITY-O-008-signature-verifier,organ,21-security-integrity,Security identity authorization privacy and integrity,signature verifier,"Functional subsystem for signature verifier in security identity authorization privacy and integrity; orchestrates lower-level components, applies policy and emits results plus evidence.",SRC-JWT;SRC-OAUTH;SRC-SLSA;SRC-SPDX;SRC-CYCLONEDX,cross-standard,candidate,research-seed,True,
AXM-21-SECURITY-INTEGRITY-O-009-integrity-checker,organ,21-security-integrity,Security identity authorization privacy and integrity,integrity checker,"Functional subsystem for integrity checker in security identity authorization privacy and integrity; orchestrates lower-level components, applies policy and emits results plus evidence.",SRC-JWT;SRC-OAUTH;SRC-SLSA;SRC-SPDX;SRC-CYCLONEDX,cross-standard,candidate,research-seed,True,
AXM-21-SECURITY-INTEGRITY-O-010-vulnerability-scanner,organ,21-security-integrity,Security identity authorization privacy and integrity,vulnerability scanner,"Functional subsystem for vulnerability scanner in security identity authorization privacy and integrity; orchestrates lower-level components, applies policy and emits results plus evidence.",SRC-JWT;SRC-OAUTH;SRC-SLSA;SRC-SPDX;SRC-CYCLONEDX,cross-standard,candidate,research-seed,True,
AXM-21-SECURITY-INTEGRITY-O-011-dependency-risk-organ,organ,21-security-integrity,Security identity authorization privacy and integrity,dependency-risk organ,"Functional subsystem for dependency-risk organ in security identity authorization privacy and integrity; orchestrates lower-level components, applies policy and emits results plus evidence.",SRC-JWT;SRC-OAUTH;SRC-SLSA;SRC-SPDX;SRC-CYCLONEDX,cross-standard,candidate,research-seed,True,
AXM-21-SECURITY-INTEGRITY-O-012-audit-organ,organ,21-security-integrity,Security identity authorization privacy and integrity,audit organ,"Functional subsystem for audit organ in security identity authorization privacy and integrity; orchestrates lower-level components, applies policy and emits results plus evidence.",SRC-JWT;SRC-OAUTH;SRC-SLSA;SRC-SPDX;SRC-CYCLONEDX,cross-standard,candidate,research-seed,True,
AXM-21-SECURITY-INTEGRITY-O-013-consent-and-privacy-organ,organ,21-security-integrity,Security identity authorization privacy and integrity,consent and privacy organ,"Functional subsystem for consent and privacy organ in security identity authorization privacy and integrity; orchestrates lower-level components, applies policy and emits results plus evidence.",SRC-JWT;SRC-OAUTH;SRC-SLSA;SRC-SPDX;SRC-CYCLONEDX,cross-standard,candidate,research-seed,True,
AXM-21-SECURITY-INTEGRITY-O-014-rollback-and-recovery-organ,organ,21-security-integrity,Security identity authorization privacy and integrity,rollback and recovery organ,"Functional subsystem for rollback and recovery organ in security identity authorization privacy and integrity; orchestrates lower-level components, applies policy and emits results plus evidence.",SRC-JWT;SRC-OAUTH;SRC-SLSA;SRC-SPDX;SRC-CYCLONEDX,cross-standard,candidate,research-seed,True,
AXM-21-SECURITY-INTEGRITY-O-015-sandbox-manager,organ,21-security-integrity,Security identity authorization privacy and integrity,sandbox manager,"Functional subsystem for sandbox manager in security identity authorization privacy and integrity; orchestrates lower-level components, applies policy and emits results plus evidence.",SRC-JWT;SRC-OAUTH;SRC-SLSA;SRC-SPDX;SRC-CYCLONEDX,cross-standard,candidate,research-seed,True,
AXM-21-SECURITY-INTEGRITY-O-016-trust-evaluator,organ,21-security-integrity,Security identity authorization privacy and integrity,trust evaluator,"Functional subsystem for trust evaluator in security identity authorization privacy and integrity; orchestrates lower-level components, applies policy and emits results plus evidence.",SRC-JWT;SRC-OAUTH;SRC-SLSA;SRC-SPDX;SRC-CYCLONEDX,cross-standard,candidate,research-seed,True,
AXM-21-SECURITY-INTEGRITY-O-017-session-manager,organ,21-security-integrity,Security identity authorization privacy and integrity,session manager,"Functional subsystem for session manager in security identity authorization privacy and integrity; orchestrates lower-level components, applies policy and emits results plus evidence.",SRC-JWT;SRC-OAUTH;SRC-SLSA;SRC-SPDX;SRC-CYCLONEDX,cross-standard,candidate,research-seed,True,
AXM-21-SECURITY-INTEGRITY-O-018-incident-response-organ,organ,21-security-integrity,Security identity authorization privacy and integrity,incident-response organ,"Functional subsystem for incident-response organ in security identity authorization privacy and integrity; orchestrates lower-level components, applies policy and emits results plus evidence.",SRC-JWT;SRC-OAUTH;SRC-SLSA;SRC-SPDX;SRC-CYCLONEDX,cross-standard,candidate,research-seed,True,
AXM-22-CAD-FABRICATION-A-001-sketch-point,atom,22-cad-fabrication,CAD fabrication electronics and building information models,sketch point,"Smallest independently addressable sketch point unit in cad fabrication electronics and building information models, intended to be typed, referenced, transformed or validated without requiring a whole finished asset.",SRC-OPENSCAD;SRC-KICAD;SRC-IFC;SRC-USDPHYS,cross-standard,candidate,research-seed,True,
AXM-22-CAD-FABRICATION-A-002-sketch-line,atom,22-cad-fabrication,CAD fabrication electronics and building information models,sketch line,"Smallest independently addressable sketch line unit in cad fabrication electronics and building information models, intended to be typed, referenced, transformed or validated without requiring a whole finished asset.",SRC-OPENSCAD;SRC-KICAD;SRC-IFC;SRC-USDPHYS,cross-standard,candidate,research-seed,True,
AXM-22-CAD-FABRICATION-A-003-sketch-arc,atom,22-cad-fabrication,CAD fabrication electronics and building information models,sketch arc,"Smallest independently addressable sketch arc unit in cad fabrication electronics and building information models, intended to be typed, referenced, transformed or validated without requiring a whole finished asset.",SRC-OPENSCAD;SRC-KICAD;SRC-IFC;SRC-USDPHYS,cross-standard,candidate,research-seed,True,
AXM-22-CAD-FABRICATION-A-004-spline-point,atom,22-cad-fabrication,CAD fabrication electronics and building information models,spline point,"Smallest independently addressable spline point unit in cad fabrication electronics and building information models, intended to be typed, referenced, transformed or validated without requiring a whole finished asset.",SRC-OPENSCAD;SRC-KICAD;SRC-IFC;SRC-USDPHYS,cross-standard,candidate,research-seed,True,
AXM-22-CAD-FABRICATION-A-005-construction-line,atom,22-cad-fabrication,CAD fabrication electronics and building information models,construction line,"Smallest independently addressable construction line unit in cad fabrication electronics and building information models, intended to be typed, referenced, transformed or validated without requiring a whole finished asset.",SRC-OPENSCAD;SRC-KICAD;SRC-IFC;SRC-USDPHYS,cross-standard,candidate,research-seed,True,
AXM-22-CAD-FABRICATION-A-006-reference-plane,atom,22-cad-fabrication,CAD fabrication electronics and building information models,reference plane,"Smallest independently addressable reference plane unit in cad fabrication electronics and building information models, intended to be typed, referenced, transformed or validated without requiring a whole finished asset.",SRC-OPENSCAD;SRC-KICAD;SRC-IFC;SRC-USDPHYS,cross-standard,candidate,research-seed,True,
AXM-22-CAD-FABRICATION-A-007-reference-axis,atom,22-cad-fabrication,CAD fabrication electronics and building information models,reference axis,"Smallest independently addressable reference axis unit in cad fabrication electronics and building information models, intended to be typed, referenced, transformed or validated without requiring a whole finished asset.",SRC-OPENSCAD;SRC-KICAD;SRC-IFC;SRC-USDPHYS,cross-standard,candidate,research-seed,True,
AXM-22-CAD-FABRICATION-A-008-dimension,atom,22-cad-fabrication,CAD fabrication electronics and building information models,dimension,"Smallest independently addressable dimension unit in cad fabrication electronics and building information models, intended to be typed, referenced, transformed or validated without requiring a whole finished asset.",SRC-OPENSCAD;SRC-KICAD;SRC-IFC;SRC-USDPHYS,cross-standard,candidate,research-seed,True,
AXM-22-CAD-FABRICATION-A-009-geometric-constraint,atom,22-cad-fabrication,CAD fabrication electronics and building information models,geometric constraint,"Smallest independently addressable geometric constraint unit in cad fabrication electronics and building information models, intended to be typed, referenced, transformed or validated without requiring a whole finished asset.",SRC-OPENSCAD;SRC-KICAD;SRC-IFC;SRC-USDPHYS,cross-standard,candidate,research-seed,True,
AXM-22-CAD-FABRICATION-A-010-dimensional-constraint,atom,22-cad-fabrication,CAD fabrication electronics and building information models,dimensional constraint,"Smallest independently addressable dimensional constraint unit in cad fabrication electronics and building information models, intended to be typed, referenced, transformed or validated without requiring a whole finished asset.",SRC-OPENSCAD;SRC-KICAD;SRC-IFC;SRC-USDPHYS,cross-standard,candidate,research-seed,True,
AXM-22-CAD-FABRICATION-A-011-cad-parameter,atom,22-cad-fabrication,CAD fabrication electronics and building information models,CAD parameter,"Smallest independently addressable CAD parameter unit in cad fabrication electronics and building information models, intended to be typed, referenced, transformed or validated without requiring a whole finished asset.",SRC-OPENSCAD;SRC-KICAD;SRC-IFC;SRC-USDPHYS,cross-standard,candidate,research-seed,True,
AXM-22-CAD-FABRICATION-A-012-profile-loop,atom,22-cad-fabrication,CAD fabrication electronics and building information models,profile loop,"Smallest independently addressable profile loop unit in cad fabrication electronics and building information models, intended to be typed, referenced, transformed or validated without requiring a whole finished asset.",SRC-OPENSCAD;SRC-KICAD;SRC-IFC;SRC-USDPHYS,cross-standard,candidate,research-seed,True,
AXM-22-CAD-FABRICATION-A-013-solid-edge,atom,22-cad-fabrication,CAD fabrication electronics and building information models,solid edge,"Smallest independently addressable solid edge unit in cad fabrication electronics and building information models, intended to be typed, referenced, transformed or validated without requiring a whole finished asset.",SRC-OPENSCAD;SRC-KICAD;SRC-IFC;SRC-USDPHYS,cross-standard,candidate,research-seed,True,
AXM-22-CAD-FABRICATION-A-014-solid-face,atom,22-cad-fabrication,CAD fabrication electronics and building information models,solid face,"Smallest independently addressable solid face unit in cad fabrication electronics and building information models, intended to be typed, referenced, transformed or validated without requiring a whole finished asset.",SRC-OPENSCAD;SRC-KICAD;SRC-IFC;SRC-USDPHYS,cross-standard,candidate,research-seed,True,
AXM-22-CAD-FABRICATION-A-015-shell,atom,22-cad-fabrication,CAD fabrication electronics and building information models,shell,"Smallest independently addressable shell unit in cad fabrication electronics and building information models, intended to be typed, referenced, transformed or validated without requiring a whole finished asset.",SRC-OPENSCAD;SRC-KICAD;SRC-IFC;SRC-USDPHYS,cross-standard,candidate,research-seed,True,
AXM-22-CAD-FABRICATION-A-016-solid-cell,atom,22-cad-fabrication,CAD fabrication electronics and building information models,solid cell,"Smallest independently addressable solid cell unit in cad fabrication electronics and building information models, intended to be typed, referenced, transformed or validated without requiring a whole finished asset.",SRC-OPENSCAD;SRC-KICAD;SRC-IFC;SRC-USDPHYS,cross-standard,candidate,research-seed,True,
AXM-22-CAD-FABRICATION-A-017-feature-parameter,atom,22-cad-fabrication,CAD fabrication electronics and building information models,feature parameter,"Smallest independently addressable feature parameter unit in cad fabrication electronics and building information models, intended to be typed, referenced, transformed or validated without requiring a whole finished asset.",SRC-OPENSCAD;SRC-KICAD;SRC-IFC;SRC-USDPHYS,cross-standard,candidate,research-seed,True,
AXM-22-CAD-FABRICATION-A-018-tolerance,atom,22-cad-fabrication,CAD fabrication electronics and building information models,tolerance,"Smallest independently addressable tolerance unit in cad fabrication electronics and building information models, intended to be typed, referenced, transformed or validated without requiring a whole finished asset.",SRC-OPENSCAD;SRC-KICAD;SRC-IFC;SRC-USDPHYS,cross-standard,candidate,research-seed,True,
AXM-22-CAD-FABRICATION-A-019-material-specification,atom,22-cad-fabrication,CAD fabrication electronics and building information models,material specification,"Smallest independently addressable material specification unit in cad fabrication electronics and building information models, intended to be typed, referenced, transformed or validated without requiring a whole finished asset.",SRC-OPENSCAD;SRC-KICAD;SRC-IFC;SRC-USDPHYS,cross-standard,candidate,research-seed,True,
AXM-22-CAD-FABRICATION-A-020-manufacturing-layer-identifier,atom,22-cad-fabrication,CAD fabrication electronics and building information models,manufacturing layer identifier,"Smallest independently addressable manufacturing layer identifier unit in cad fabrication electronics and building information models, intended to be typed, referenced, transformed or validated without requiring a whole finished asset.",SRC-OPENSCAD;SRC-KICAD;SRC-IFC;SRC-USDPHYS,cross-standard,candidate,research-seed,True,
AXM-22-CAD-FABRICATION-A-021-tool-diameter,atom,22-cad-fabrication,CAD fabrication electronics and building information models,tool diameter,"Smallest independently addressable tool diameter unit in cad fabrication electronics and building information models, intended to be typed, referenced, transformed or validated without requiring a whole finished asset.",SRC-OPENSCAD;SRC-KICAD;SRC-IFC;SRC-USDPHYS,cross-standard,candidate,research-seed,True,
AXM-22-CAD-FABRICATION-A-022-feed-rate,atom,22-cad-fabrication,CAD fabrication electronics and building information models,feed rate,"Smallest independently addressable feed rate unit in cad fabrication electronics and building information models, intended to be typed, referenced, transformed or validated without requiring a whole finished asset.",SRC-OPENSCAD;SRC-KICAD;SRC-IFC;SRC-USDPHYS,cross-standard,candidate,research-seed,True,
AXM-22-CAD-FABRICATION-A-023-spindle-speed,atom,22-cad-fabrication,CAD fabrication electronics and building information models,spindle speed,"Smallest independently addressable spindle speed unit in cad fabrication electronics and building information models, intended to be typed, referenced, transformed or validated without requiring a whole finished asset.",SRC-OPENSCAD;SRC-KICAD;SRC-IFC;SRC-USDPHYS,cross-standard,candidate,research-seed,True,
AXM-22-CAD-FABRICATION-A-024-extrusion-temperature,atom,22-cad-fabrication,CAD fabrication electronics and building information models,extrusion temperature,"Smallest independently addressable extrusion temperature unit in cad fabrication electronics and building information models, intended to be typed, referenced, transformed or validated without requiring a whole finished asset.",SRC-OPENSCAD;SRC-KICAD;SRC-IFC;SRC-USDPHYS,cross-standard,candidate,research-seed,True,
AXM-22-CAD-FABRICATION-A-025-slice-height,atom,22-cad-fabrication,CAD fabrication electronics and building information models,slice height,"Smallest independently addressable slice height unit in cad fabrication electronics and building information models, intended to be typed, referenced, transformed or validated without requiring a whole finished asset.",SRC-OPENSCAD;SRC-KICAD;SRC-IFC;SRC-USDPHYS,cross-standard,candidate,research-seed,True,
AXM-22-CAD-FABRICATION-A-026-pcb-coordinate,atom,22-cad-fabrication,CAD fabrication electronics and building information models,PCB coordinate,"Smallest independently addressable PCB coordinate unit in cad fabrication electronics and building information models, intended to be typed, referenced, transformed or validated without requiring a whole finished asset.",SRC-OPENSCAD;SRC-KICAD;SRC-IFC;SRC-USDPHYS,cross-standard,candidate,research-seed,True,
AXM-22-CAD-FABRICATION-A-027-pad,atom,22-cad-fabrication,CAD fabrication electronics and building information models,pad,"Smallest independently addressable pad unit in cad fabrication electronics and building information models, intended to be typed, referenced, transformed or validated without requiring a whole finished asset.",SRC-OPENSCAD;SRC-KICAD;SRC-IFC;SRC-USDPHYS,cross-standard,candidate,research-seed,True,
AXM-22-CAD-FABRICATION-A-028-via,atom,22-cad-fabrication,CAD fabrication electronics and building information models,via,"Smallest independently addressable via unit in cad fabrication electronics and building information models, intended to be typed, referenced, transformed or validated without requiring a whole finished asset.",SRC-OPENSCAD;SRC-KICAD;SRC-IFC;SRC-USDPHYS,cross-standard,candidate,research-seed,True,
AXM-22-CAD-FABRICATION-A-029-trace-segment,atom,22-cad-fabrication,CAD fabrication electronics and building information models,trace segment,"Smallest independently addressable trace segment unit in cad fabrication electronics and building information models, intended to be typed, referenced, transformed or validated without requiring a whole finished asset.",SRC-OPENSCAD;SRC-KICAD;SRC-IFC;SRC-USDPHYS,cross-standard,candidate,research-seed,True,
AXM-22-CAD-FABRICATION-A-030-net-identifier,atom,22-cad-fabrication,CAD fabrication electronics and building information models,net identifier,"Smallest independently addressable net identifier unit in cad fabrication electronics and building information models, intended to be typed, referenced, transformed or validated without requiring a whole finished asset.",SRC-OPENSCAD;SRC-KICAD;SRC-IFC;SRC-USDPHYS,cross-standard,candidate,research-seed,True,
AXM-22-CAD-FABRICATION-A-031-pin,atom,22-cad-fabrication,CAD fabrication electronics and building information models,pin,"Smallest independently addressable pin unit in cad fabrication electronics and building information models, intended to be typed, referenced, transformed or validated without requiring a whole finished asset.",SRC-OPENSCAD;SRC-KICAD;SRC-IFC;SRC-USDPHYS,cross-standard,candidate,research-seed,True,
AXM-22-CAD-FABRICATION-A-032-drill-size,atom,22-cad-fabrication,CAD fabrication electronics and building information models,drill size,"Smallest independently addressable drill size unit in cad fabrication electronics and building information models, intended to be typed, referenced, transformed or validated without requiring a whole finished asset.",SRC-OPENSCAD;SRC-KICAD;SRC-IFC;SRC-USDPHYS,cross-standard,candidate,research-seed,True,
AXM-22-CAD-FABRICATION-A-033-copper-layer,atom,22-cad-fabrication,CAD fabrication electronics and building information models,copper layer,"Smallest independently addressable copper layer unit in cad fabrication electronics and building information models, intended to be typed, referenced, transformed or validated without requiring a whole finished asset.",SRC-OPENSCAD;SRC-KICAD;SRC-IFC;SRC-USDPHYS,cross-standard,candidate,research-seed,True,
AXM-22-CAD-FABRICATION-A-034-mask-opening,atom,22-cad-fabrication,CAD fabrication electronics and building information models,mask opening,"Smallest independently addressable mask opening unit in cad fabrication electronics and building information models, intended to be typed, referenced, transformed or validated without requiring a whole finished asset.",SRC-OPENSCAD;SRC-KICAD;SRC-IFC;SRC-USDPHYS,cross-standard,candidate,research-seed,True,
AXM-22-CAD-FABRICATION-A-035-courtyard-boundary,atom,22-cad-fabrication,CAD fabrication electronics and building information models,courtyard boundary,"Smallest independently addressable courtyard boundary unit in cad fabrication electronics and building information models, intended to be typed, referenced, transformed or validated without requiring a whole finished asset.",SRC-OPENSCAD;SRC-KICAD;SRC-IFC;SRC-USDPHYS,cross-standard,candidate,research-seed,True,
AXM-22-CAD-FABRICATION-A-036-building-element-reference,atom,22-cad-fabrication,CAD fabrication electronics and building information models,building-element reference,"Smallest independently addressable building-element reference unit in cad fabrication electronics and building information models, intended to be typed, referenced, transformed or validated without requiring a whole finished asset.",SRC-OPENSCAD;SRC-KICAD;SRC-IFC;SRC-USDPHYS,cross-standard,candidate,research-seed,True,
AXM-22-CAD-FABRICATION-A-037-property-value,atom,22-cad-fabrication,CAD fabrication electronics and building information models,property value,"Smallest independently addressable property value unit in cad fabrication electronics and building information models, intended to be typed, referenced, transformed or validated without requiring a whole finished asset.",SRC-OPENSCAD;SRC-KICAD;SRC-IFC;SRC-USDPHYS,cross-standard,candidate,research-seed,True,
AXM-22-CAD-FABRICATION-A-038-quantity-value,atom,22-cad-fabrication,CAD fabrication electronics and building information models,quantity value,"Smallest independently addressable quantity value unit in cad fabrication electronics and building information models, intended to be typed, referenced, transformed or validated without requiring a whole finished asset.",SRC-OPENSCAD;SRC-KICAD;SRC-IFC;SRC-USDPHYS,cross-standard,candidate,research-seed,True,
AXM-22-CAD-FABRICATION-A-039-placement-coordinate,atom,22-cad-fabrication,CAD fabrication electronics and building information models,placement coordinate,"Smallest independently addressable placement coordinate unit in cad fabrication electronics and building information models, intended to be typed, referenced, transformed or validated without requiring a whole finished asset.",SRC-OPENSCAD;SRC-KICAD;SRC-IFC;SRC-USDPHYS,cross-standard,candidate,research-seed,True,
AXM-22-CAD-FABRICATION-A-040-clearance-value,atom,22-cad-fabrication,CAD fabrication electronics and building information models,clearance value,"Smallest independently addressable clearance value unit in cad fabrication electronics and building information models, intended to be typed, referenced, transformed or validated without requiring a whole finished asset.",SRC-OPENSCAD;SRC-KICAD;SRC-IFC;SRC-USDPHYS,cross-standard,candidate,research-seed,True,
AXM-22-CAD-FABRICATION-A-041-hole-parameter,atom,22-cad-fabrication,CAD fabrication electronics and building information models,hole parameter,"Smallest independently addressable hole parameter unit in cad fabrication electronics and building information models, intended to be typed, referenced, transformed or validated without requiring a whole finished asset.",SRC-OPENSCAD;SRC-KICAD;SRC-IFC;SRC-USDPHYS,cross-standard,candidate,research-seed,True,
AXM-22-CAD-FABRICATION-A-042-thread-parameter,atom,22-cad-fabrication,CAD fabrication electronics and building information models,thread parameter,"Smallest independently addressable thread parameter unit in cad fabrication electronics and building information models, intended to be typed, referenced, transformed or validated without requiring a whole finished asset.",SRC-OPENSCAD;SRC-KICAD;SRC-IFC;SRC-USDPHYS,cross-standard,candidate,research-seed,True,
AXM-22-CAD-FABRICATION-A-043-surface-finish,atom,22-cad-fabrication,CAD fabrication electronics and building information models,surface finish,"Smallest independently addressable surface finish unit in cad fabrication electronics and building information models, intended to be typed, referenced, transformed or validated without requiring a whole finished asset.",SRC-OPENSCAD;SRC-KICAD;SRC-IFC;SRC-USDPHYS,cross-standard,candidate,research-seed,True,
AXM-22-CAD-FABRICATION-C-001-sketch,component,22-cad-fabrication,CAD fabrication electronics and building information models,sketch,"Reusable sketch assembly in cad fabrication electronics and building information models, with a bounded role and an interface that can be tested independently.",SRC-OPENSCAD;SRC-KICAD;SRC-IFC;SRC-USDPHYS,cross-standard,candidate,research-seed,True,
AXM-22-CAD-FABRICATION-C-002-constrained-profile,component,22-cad-fabrication,CAD fabrication electronics and building information models,constrained profile,"Reusable constrained profile assembly in cad fabrication electronics and building information models, with a bounded role and an interface that can be tested independently.",SRC-OPENSCAD;SRC-KICAD;SRC-IFC;SRC-USDPHYS,cross-standard,candidate,research-seed,True,
AXM-22-CAD-FABRICATION-C-003-extrusion,component,22-cad-fabrication,CAD fabrication electronics and building information models,extrusion,"Reusable extrusion assembly in cad fabrication electronics and building information models, with a bounded role and an interface that can be tested independently.",SRC-OPENSCAD;SRC-KICAD;SRC-IFC;SRC-USDPHYS,cross-standard,candidate,research-seed,True,
AXM-22-CAD-FABRICATION-C-004-revolve,component,22-cad-fabrication,CAD fabrication electronics and building information models,revolve,"Reusable revolve assembly in cad fabrication electronics and building information models, with a bounded role and an interface that can be tested independently.",SRC-OPENSCAD;SRC-KICAD;SRC-IFC;SRC-USDPHYS,cross-standard,candidate,research-seed,True,
AXM-22-CAD-FABRICATION-C-005-sweep,component,22-cad-fabrication,CAD fabrication electronics and building information models,sweep,"Reusable sweep assembly in cad fabrication electronics and building information models, with a bounded role and an interface that can be tested independently.",SRC-OPENSCAD;SRC-KICAD;SRC-IFC;SRC-USDPHYS,cross-standard,candidate,research-seed,True,
AXM-22-CAD-FABRICATION-C-006-loft,component,22-cad-fabrication,CAD fabrication electronics and building information models,loft,"Reusable loft assembly in cad fabrication electronics and building information models, with a bounded role and an interface that can be tested independently.",SRC-OPENSCAD;SRC-KICAD;SRC-IFC;SRC-USDPHYS,cross-standard,candidate,research-seed,True,
AXM-22-CAD-FABRICATION-C-007-boolean-feature,component,22-cad-fabrication,CAD fabrication electronics and building information models,boolean feature,"Reusable boolean feature assembly in cad fabrication electronics and building information models, with a bounded role and an interface that can be tested independently.",SRC-OPENSCAD;SRC-KICAD;SRC-IFC;SRC-USDPHYS,cross-standard,candidate,research-seed,True,
AXM-22-CAD-FABRICATION-C-008-fillet,component,22-cad-fabrication,CAD fabrication electronics and building information models,fillet,"Reusable fillet assembly in cad fabrication electronics and building information models, with a bounded role and an interface that can be tested independently.",SRC-OPENSCAD;SRC-KICAD;SRC-IFC;SRC-USDPHYS,cross-standard,candidate,research-seed,True,
AXM-22-CAD-FABRICATION-C-009-chamfer,component,22-cad-fabrication,CAD fabrication electronics and building information models,chamfer,"Reusable chamfer assembly in cad fabrication electronics and building information models, with a bounded role and an interface that can be tested independently.",SRC-OPENSCAD;SRC-KICAD;SRC-IFC;SRC-USDPHYS,cross-standard,candidate,research-seed,True,
AXM-22-CAD-FABRICATION-C-010-solid-body,component,22-cad-fabrication,CAD fabrication electronics and building information models,solid body,"Reusable solid body assembly in cad fabrication electronics and building information models, with a bounded role and an interface that can be tested independently.",SRC-OPENSCAD;SRC-KICAD;SRC-IFC;SRC-USDPHYS,cross-standard,candidate,research-seed,True,
AXM-22-CAD-FABRICATION-C-011-part,component,22-cad-fabrication,CAD fabrication electronics and building information models,part,"Reusable part assembly in cad fabrication electronics and building information models, with a bounded role and an interface that can be tested independently.",SRC-OPENSCAD;SRC-KICAD;SRC-IFC;SRC-USDPHYS,cross-standard,candidate,research-seed,True,
AXM-22-CAD-FABRICATION-C-012-assembly,component,22-cad-fabrication,CAD fabrication electronics and building information models,assembly,"Reusable assembly assembly in cad fabrication electronics and building information models, with a bounded role and an interface that can be tested independently.",SRC-OPENSCAD;SRC-KICAD;SRC-IFC;SRC-USDPHYS,cross-standard,candidate,research-seed,True,
AXM-22-CAD-FABRICATION-C-013-mate-or-joint,component,22-cad-fabrication,CAD fabrication electronics and building information models,mate or joint,"Reusable mate or joint assembly in cad fabrication electronics and building information models, with a bounded role and an interface that can be tested independently.",SRC-OPENSCAD;SRC-KICAD;SRC-IFC;SRC-USDPHYS,cross-standard,candidate,research-seed,True,
AXM-22-CAD-FABRICATION-C-014-drawing-view,component,22-cad-fabrication,CAD fabrication electronics and building information models,drawing view,"Reusable drawing view assembly in cad fabrication electronics and building information models, with a bounded role and an interface that can be tested independently.",SRC-OPENSCAD;SRC-KICAD;SRC-IFC;SRC-USDPHYS,cross-standard,candidate,research-seed,True,
AXM-22-CAD-FABRICATION-C-015-dimension-set,component,22-cad-fabrication,CAD fabrication electronics and building information models,dimension set,"Reusable dimension set assembly in cad fabrication electronics and building information models, with a bounded role and an interface that can be tested independently.",SRC-OPENSCAD;SRC-KICAD;SRC-IFC;SRC-USDPHYS,cross-standard,candidate,research-seed,True,
AXM-22-CAD-FABRICATION-C-016-toolpath,component,22-cad-fabrication,CAD fabrication electronics and building information models,toolpath,"Reusable toolpath assembly in cad fabrication electronics and building information models, with a bounded role and an interface that can be tested independently.",SRC-OPENSCAD;SRC-KICAD;SRC-IFC;SRC-USDPHYS,cross-standard,candidate,research-seed,True,
AXM-22-CAD-FABRICATION-C-017-slicer-layer,component,22-cad-fabrication,CAD fabrication electronics and building information models,slicer layer,"Reusable slicer layer assembly in cad fabrication electronics and building information models, with a bounded role and an interface that can be tested independently.",SRC-OPENSCAD;SRC-KICAD;SRC-IFC;SRC-USDPHYS,cross-standard,candidate,research-seed,True,
AXM-22-CAD-FABRICATION-C-018-print-job,component,22-cad-fabrication,CAD fabrication electronics and building information models,print job,"Reusable print job assembly in cad fabrication electronics and building information models, with a bounded role and an interface that can be tested independently.",SRC-OPENSCAD;SRC-KICAD;SRC-IFC;SRC-USDPHYS,cross-standard,candidate,research-seed,True,
AXM-22-CAD-FABRICATION-C-019-schematic-symbol,component,22-cad-fabrication,CAD fabrication electronics and building information models,schematic symbol,"Reusable schematic symbol assembly in cad fabrication electronics and building information models, with a bounded role and an interface that can be tested independently.",SRC-OPENSCAD;SRC-KICAD;SRC-IFC;SRC-USDPHYS,cross-standard,candidate,research-seed,True,
AXM-22-CAD-FABRICATION-C-020-footprint,component,22-cad-fabrication,CAD fabrication electronics and building information models,footprint,"Reusable footprint assembly in cad fabrication electronics and building information models, with a bounded role and an interface that can be tested independently.",SRC-OPENSCAD;SRC-KICAD;SRC-IFC;SRC-USDPHYS,cross-standard,candidate,research-seed,True,
AXM-22-CAD-FABRICATION-C-021-schematic-sheet,component,22-cad-fabrication,CAD fabrication electronics and building information models,schematic sheet,"Reusable schematic sheet assembly in cad fabrication electronics and building information models, with a bounded role and an interface that can be tested independently.",SRC-OPENSCAD;SRC-KICAD;SRC-IFC;SRC-USDPHYS,cross-standard,candidate,research-seed,True,
AXM-22-CAD-FABRICATION-C-022-pcb-board,component,22-cad-fabrication,CAD fabrication electronics and building information models,PCB board,"Reusable PCB board assembly in cad fabrication electronics and building information models, with a bounded role and an interface that can be tested independently.",SRC-OPENSCAD;SRC-KICAD;SRC-IFC;SRC-USDPHYS,cross-standard,candidate,research-seed,True,
AXM-22-CAD-FABRICATION-C-023-netlist,component,22-cad-fabrication,CAD fabrication electronics and building information models,netlist,"Reusable netlist assembly in cad fabrication electronics and building information models, with a bounded role and an interface that can be tested independently.",SRC-OPENSCAD;SRC-KICAD;SRC-IFC;SRC-USDPHYS,cross-standard,candidate,research-seed,True,
AXM-22-CAD-FABRICATION-C-024-copper-zone,component,22-cad-fabrication,CAD fabrication electronics and building information models,copper zone,"Reusable copper zone assembly in cad fabrication electronics and building information models, with a bounded role and an interface that can be tested independently.",SRC-OPENSCAD;SRC-KICAD;SRC-IFC;SRC-USDPHYS,cross-standard,candidate,research-seed,True,
AXM-22-CAD-FABRICATION-C-025-stackup,component,22-cad-fabrication,CAD fabrication electronics and building information models,stackup,"Reusable stackup assembly in cad fabrication electronics and building information models, with a bounded role and an interface that can be tested independently.",SRC-OPENSCAD;SRC-KICAD;SRC-IFC;SRC-USDPHYS,cross-standard,candidate,research-seed,True,
AXM-22-CAD-FABRICATION-C-026-bill-of-materials,component,22-cad-fabrication,CAD fabrication electronics and building information models,bill of materials,"Reusable bill of materials assembly in cad fabrication electronics and building information models, with a bounded role and an interface that can be tested independently.",SRC-OPENSCAD;SRC-KICAD;SRC-IFC;SRC-USDPHYS,cross-standard,candidate,research-seed,True,
AXM-22-CAD-FABRICATION-C-027-building-element,component,22-cad-fabrication,CAD fabrication electronics and building information models,building element,"Reusable building element assembly in cad fabrication electronics and building information models, with a bounded role and an interface that can be tested independently.",SRC-OPENSCAD;SRC-KICAD;SRC-IFC;SRC-USDPHYS,cross-standard,candidate,research-seed,True,
AXM-22-CAD-FABRICATION-C-028-property-set,component,22-cad-fabrication,CAD fabrication electronics and building information models,property set,"Reusable property set assembly in cad fabrication electronics and building information models, with a bounded role and an interface that can be tested independently.",SRC-OPENSCAD;SRC-KICAD;SRC-IFC;SRC-USDPHYS,cross-standard,candidate,research-seed,True,
AXM-22-CAD-FABRICATION-C-029-spatial-structure,component,22-cad-fabrication,CAD fabrication electronics and building information models,spatial structure,"Reusable spatial structure assembly in cad fabrication electronics and building information models, with a bounded role and an interface that can be tested independently.",SRC-OPENSCAD;SRC-KICAD;SRC-IFC;SRC-USDPHYS,cross-standard,candidate,research-seed,True,
AXM-22-CAD-FABRICATION-C-030-space-boundary,component,22-cad-fabrication,CAD fabrication electronics and building information models,space boundary,"Reusable space boundary assembly in cad fabrication electronics and building information models, with a bounded role and an interface that can be tested independently.",SRC-OPENSCAD;SRC-KICAD;SRC-IFC;SRC-USDPHYS,cross-standard,candidate,research-seed,True,
AXM-22-CAD-FABRICATION-C-031-bim-type-object,component,22-cad-fabrication,CAD fabrication electronics and building information models,BIM type object,"Reusable BIM type object assembly in cad fabrication electronics and building information models, with a bounded role and an interface that can be tested independently.",SRC-OPENSCAD;SRC-KICAD;SRC-IFC;SRC-USDPHYS,cross-standard,candidate,research-seed,True,
AXM-22-CAD-FABRICATION-C-032-fabrication-drawing,component,22-cad-fabrication,CAD fabrication electronics and building information models,fabrication drawing,"Reusable fabrication drawing assembly in cad fabrication electronics and building information models, with a bounded role and an interface that can be tested independently.",SRC-OPENSCAD;SRC-KICAD;SRC-IFC;SRC-USDPHYS,cross-standard,candidate,research-seed,True,
AXM-22-CAD-FABRICATION-C-033-manufacturing-setup,component,22-cad-fabrication,CAD fabrication electronics and building information models,manufacturing setup,"Reusable manufacturing setup assembly in cad fabrication electronics and building information models, with a bounded role and an interface that can be tested independently.",SRC-OPENSCAD;SRC-KICAD;SRC-IFC;SRC-USDPHYS,cross-standard,candidate,research-seed,True,
AXM-22-CAD-FABRICATION-C-034-electrical-rule-set,component,22-cad-fabrication,CAD fabrication electronics and building information models,electrical rule set,"Reusable electrical rule set assembly in cad fabrication electronics and building information models, with a bounded role and an interface that can be tested independently.",SRC-OPENSCAD;SRC-KICAD;SRC-IFC;SRC-USDPHYS,cross-standard,candidate,research-seed,True,
AXM-22-CAD-FABRICATION-C-035-design-rule-set,component,22-cad-fabrication,CAD fabrication electronics and building information models,design rule set,"Reusable design rule set assembly in cad fabrication electronics and building information models, with a bounded role and an interface that can be tested independently.",SRC-OPENSCAD;SRC-KICAD;SRC-IFC;SRC-USDPHYS,cross-standard,candidate,research-seed,True,
AXM-22-CAD-FABRICATION-O-001-parametric-modeler,organ,22-cad-fabrication,CAD fabrication electronics and building information models,parametric modeler,"Functional subsystem for parametric modeler in cad fabrication electronics and building information models; orchestrates lower-level components, applies policy and emits results plus evidence.",SRC-OPENSCAD;SRC-KICAD;SRC-IFC;SRC-USDPHYS,cross-standard,candidate,research-seed,True,
AXM-22-CAD-FABRICATION-O-002-constraint-solver,organ,22-cad-fabrication,CAD fabrication electronics and building information models,constraint solver,"Functional subsystem for constraint solver in cad fabrication electronics and building information models; orchestrates lower-level components, applies policy and emits results plus evidence.",SRC-OPENSCAD;SRC-KICAD;SRC-IFC;SRC-USDPHYS,cross-standard,candidate,research-seed,True,
AXM-22-CAD-FABRICATION-O-003-solid-modeler,organ,22-cad-fabrication,CAD fabrication electronics and building information models,solid modeler,"Functional subsystem for solid modeler in cad fabrication electronics and building information models; orchestrates lower-level components, applies policy and emits results plus evidence.",SRC-OPENSCAD;SRC-KICAD;SRC-IFC;SRC-USDPHYS,cross-standard,candidate,research-seed,True,
AXM-22-CAD-FABRICATION-O-004-mesher,organ,22-cad-fabrication,CAD fabrication electronics and building information models,mesher,"Functional subsystem for mesher in cad fabrication electronics and building information models; orchestrates lower-level components, applies policy and emits results plus evidence.",SRC-OPENSCAD;SRC-KICAD;SRC-IFC;SRC-USDPHYS,cross-standard,candidate,research-seed,True,
AXM-22-CAD-FABRICATION-O-005-assembly-solver,organ,22-cad-fabrication,CAD fabrication electronics and building information models,assembly solver,"Functional subsystem for assembly solver in cad fabrication electronics and building information models; orchestrates lower-level components, applies policy and emits results plus evidence.",SRC-OPENSCAD;SRC-KICAD;SRC-IFC;SRC-USDPHYS,cross-standard,candidate,research-seed,True,
AXM-22-CAD-FABRICATION-O-006-drawing-generator,organ,22-cad-fabrication,CAD fabrication electronics and building information models,drawing generator,"Functional subsystem for drawing generator in cad fabrication electronics and building information models; orchestrates lower-level components, applies policy and emits results plus evidence.",SRC-OPENSCAD;SRC-KICAD;SRC-IFC;SRC-USDPHYS,cross-standard,candidate,research-seed,True,
AXM-22-CAD-FABRICATION-O-007-cam-toolpath-planner,organ,22-cad-fabrication,CAD fabrication electronics and building information models,CAM toolpath planner,"Functional subsystem for CAM toolpath planner in cad fabrication electronics and building information models; orchestrates lower-level components, applies policy and emits results plus evidence.",SRC-OPENSCAD;SRC-KICAD;SRC-IFC;SRC-USDPHYS,cross-standard,candidate,research-seed,True,
AXM-22-CAD-FABRICATION-O-008-slicer,organ,22-cad-fabrication,CAD fabrication electronics and building information models,slicer,"Functional subsystem for slicer in cad fabrication electronics and building information models; orchestrates lower-level components, applies policy and emits results plus evidence.",SRC-OPENSCAD;SRC-KICAD;SRC-IFC;SRC-USDPHYS,cross-standard,candidate,research-seed,True,
AXM-22-CAD-FABRICATION-O-009-fabrication-exporter,organ,22-cad-fabrication,CAD fabrication electronics and building information models,fabrication exporter,"Functional subsystem for fabrication exporter in cad fabrication electronics and building information models; orchestrates lower-level components, applies policy and emits results plus evidence.",SRC-OPENSCAD;SRC-KICAD;SRC-IFC;SRC-USDPHYS,cross-standard,candidate,research-seed,True,
AXM-22-CAD-FABRICATION-O-010-schematic-capture-organ,organ,22-cad-fabrication,CAD fabrication electronics and building information models,schematic-capture organ,"Functional subsystem for schematic-capture organ in cad fabrication electronics and building information models; orchestrates lower-level components, applies policy and emits results plus evidence.",SRC-OPENSCAD;SRC-KICAD;SRC-IFC;SRC-USDPHYS,cross-standard,candidate,research-seed,True,
AXM-22-CAD-FABRICATION-O-011-electrical-rule-checker,organ,22-cad-fabrication,CAD fabrication electronics and building information models,electrical-rule checker,"Functional subsystem for electrical-rule checker in cad fabrication electronics and building information models; orchestrates lower-level components, applies policy and emits results plus evidence.",SRC-OPENSCAD;SRC-KICAD;SRC-IFC;SRC-USDPHYS,cross-standard,candidate,research-seed,True,
AXM-22-CAD-FABRICATION-O-012-pcb-layout-organ,organ,22-cad-fabrication,CAD fabrication electronics and building information models,PCB-layout organ,"Functional subsystem for PCB-layout organ in cad fabrication electronics and building information models; orchestrates lower-level components, applies policy and emits results plus evidence.",SRC-OPENSCAD;SRC-KICAD;SRC-IFC;SRC-USDPHYS,cross-standard,candidate,research-seed,True,
AXM-22-CAD-FABRICATION-O-013-design-rule-checker,organ,22-cad-fabrication,CAD fabrication electronics and building information models,design-rule checker,"Functional subsystem for design-rule checker in cad fabrication electronics and building information models; orchestrates lower-level components, applies policy and emits results plus evidence.",SRC-OPENSCAD;SRC-KICAD;SRC-IFC;SRC-USDPHYS,cross-standard,candidate,research-seed,True,
AXM-22-CAD-FABRICATION-O-014-bill-of-materials-generator,organ,22-cad-fabrication,CAD fabrication electronics and building information models,bill-of-materials generator,"Functional subsystem for bill-of-materials generator in cad fabrication electronics and building information models; orchestrates lower-level components, applies policy and emits results plus evidence.",SRC-OPENSCAD;SRC-KICAD;SRC-IFC;SRC-USDPHYS,cross-standard,candidate,research-seed,True,
AXM-22-CAD-FABRICATION-O-015-bim-modeler,organ,22-cad-fabrication,CAD fabrication electronics and building information models,BIM modeler,"Functional subsystem for BIM modeler in cad fabrication electronics and building information models; orchestrates lower-level components, applies policy and emits results plus evidence.",SRC-OPENSCAD;SRC-KICAD;SRC-IFC;SRC-USDPHYS,cross-standard,candidate,research-seed,True,
AXM-22-CAD-FABRICATION-O-016-bim-validator,organ,22-cad-fabrication,CAD fabrication electronics and building information models,BIM validator,"Functional subsystem for BIM validator in cad fabrication electronics and building information models; orchestrates lower-level components, applies policy and emits results plus evidence.",SRC-OPENSCAD;SRC-KICAD;SRC-IFC;SRC-USDPHYS,cross-standard,candidate,research-seed,True,
AXM-22-CAD-FABRICATION-O-017-quantity-takeoff-organ,organ,22-cad-fabrication,CAD fabrication electronics and building information models,quantity-takeoff organ,"Functional subsystem for quantity-takeoff organ in cad fabrication electronics and building information models; orchestrates lower-level components, applies policy and emits results plus evidence.",SRC-OPENSCAD;SRC-KICAD;SRC-IFC;SRC-USDPHYS,cross-standard,candidate,research-seed,True,
AXM-22-CAD-FABRICATION-O-018-manufacturing-simulator,organ,22-cad-fabrication,CAD fabrication electronics and building information models,manufacturing simulator,"Functional subsystem for manufacturing simulator in cad fabrication electronics and building information models; orchestrates lower-level components, applies policy and emits results plus evidence.",SRC-OPENSCAD;SRC-KICAD;SRC-IFC;SRC-USDPHYS,cross-standard,candidate,research-seed,True,
AXM-22-CAD-FABRICATION-O-019-nesting-organ,organ,22-cad-fabrication,CAD fabrication electronics and building information models,nesting organ,"Functional subsystem for nesting organ in cad fabrication electronics and building information models; orchestrates lower-level components, applies policy and emits results plus evidence.",SRC-OPENSCAD;SRC-KICAD;SRC-IFC;SRC-USDPHYS,cross-standard,candidate,research-seed,True,
AXM-22-CAD-FABRICATION-O-020-fabrication-preflight-organ,organ,22-cad-fabrication,CAD fabrication electronics and building information models,fabrication-preflight organ,"Functional subsystem for fabrication-preflight organ in cad fabrication electronics and building information models; orchestrates lower-level components, applies policy and emits results plus evidence.",SRC-OPENSCAD;SRC-KICAD;SRC-IFC;SRC-USDPHYS,cross-standard,candidate,research-seed,True,
AXM-23-PROCEDURAL-A-001-deterministic-seed,atom,23-procedural,Procedural generative and search-based creation,deterministic seed,"Smallest independently addressable deterministic seed unit in procedural generative and search-based creation, intended to be typed, referenced, transformed or validated without requiring a whole finished asset.",SRC-OPENSCAD;SRC-MATERIALX;SRC-TREESITTER;SRC-SCXML;SRC-3DGS,cross-standard-plus-engineering-inference,candidate,research-seed,True,
AXM-23-PROCEDURAL-A-002-random-sample,atom,23-procedural,Procedural generative and search-based creation,random sample,"Smallest independently addressable random sample unit in procedural generative and search-based creation, intended to be typed, referenced, transformed or validated without requiring a whole finished asset.",SRC-OPENSCAD;SRC-MATERIALX;SRC-TREESITTER;SRC-SCXML;SRC-3DGS,cross-standard-plus-engineering-inference,candidate,research-seed,True,
AXM-23-PROCEDURAL-A-003-noise-value,atom,23-procedural,Procedural generative and search-based creation,noise value,"Smallest independently addressable noise value unit in procedural generative and search-based creation, intended to be typed, referenced, transformed or validated without requiring a whole finished asset.",SRC-OPENSCAD;SRC-MATERIALX;SRC-TREESITTER;SRC-SCXML;SRC-3DGS,cross-standard-plus-engineering-inference,candidate,research-seed,True,
AXM-23-PROCEDURAL-A-004-rule-symbol,atom,23-procedural,Procedural generative and search-based creation,rule symbol,"Smallest independently addressable rule symbol unit in procedural generative and search-based creation, intended to be typed, referenced, transformed or validated without requiring a whole finished asset.",SRC-OPENSCAD;SRC-MATERIALX;SRC-TREESITTER;SRC-SCXML;SRC-3DGS,cross-standard-plus-engineering-inference,candidate,research-seed,True,
AXM-23-PROCEDURAL-A-005-production-rule,atom,23-procedural,Procedural generative and search-based creation,production rule,"Smallest independently addressable production rule unit in procedural generative and search-based creation, intended to be typed, referenced, transformed or validated without requiring a whole finished asset.",SRC-OPENSCAD;SRC-MATERIALX;SRC-TREESITTER;SRC-SCXML;SRC-3DGS,cross-standard-plus-engineering-inference,candidate,research-seed,True,
AXM-23-PROCEDURAL-A-006-rewrite-depth,atom,23-procedural,Procedural generative and search-based creation,rewrite depth,"Smallest independently addressable rewrite depth unit in procedural generative and search-based creation, intended to be typed, referenced, transformed or validated without requiring a whole finished asset.",SRC-OPENSCAD;SRC-MATERIALX;SRC-TREESITTER;SRC-SCXML;SRC-3DGS,cross-standard-plus-engineering-inference,candidate,research-seed,True,
AXM-23-PROCEDURAL-A-007-grammar-parameter,atom,23-procedural,Procedural generative and search-based creation,grammar parameter,"Smallest independently addressable grammar parameter unit in procedural generative and search-based creation, intended to be typed, referenced, transformed or validated without requiring a whole finished asset.",SRC-OPENSCAD;SRC-MATERIALX;SRC-TREESITTER;SRC-SCXML;SRC-3DGS,cross-standard-plus-engineering-inference,candidate,research-seed,True,
AXM-23-PROCEDURAL-A-008-recursion-limit,atom,23-procedural,Procedural generative and search-based creation,recursion limit,"Smallest independently addressable recursion limit unit in procedural generative and search-based creation, intended to be typed, referenced, transformed or validated without requiring a whole finished asset.",SRC-OPENSCAD;SRC-MATERIALX;SRC-TREESITTER;SRC-SCXML;SRC-3DGS,cross-standard-plus-engineering-inference,candidate,research-seed,True,
AXM-23-PROCEDURAL-A-009-tile-state,atom,23-procedural,Procedural generative and search-based creation,tile state,"Smallest independently addressable tile state unit in procedural generative and search-based creation, intended to be typed, referenced, transformed or validated without requiring a whole finished asset.",SRC-OPENSCAD;SRC-MATERIALX;SRC-TREESITTER;SRC-SCXML;SRC-3DGS,cross-standard-plus-engineering-inference,candidate,research-seed,True,
AXM-23-PROCEDURAL-A-010-adjacency-constraint,atom,23-procedural,Procedural generative and search-based creation,adjacency constraint,"Smallest independently addressable adjacency constraint unit in procedural generative and search-based creation, intended to be typed, referenced, transformed or validated without requiring a whole finished asset.",SRC-OPENSCAD;SRC-MATERIALX;SRC-TREESITTER;SRC-SCXML;SRC-3DGS,cross-standard-plus-engineering-inference,candidate,research-seed,True,
AXM-23-PROCEDURAL-A-011-cell-domain,atom,23-procedural,Procedural generative and search-based creation,cell domain,"Smallest independently addressable cell domain unit in procedural generative and search-based creation, intended to be typed, referenced, transformed or validated without requiring a whole finished asset.",SRC-OPENSCAD;SRC-MATERIALX;SRC-TREESITTER;SRC-SCXML;SRC-3DGS,cross-standard-plus-engineering-inference,candidate,research-seed,True,
AXM-23-PROCEDURAL-A-012-entropy-value,atom,23-procedural,Procedural generative and search-based creation,entropy value,"Smallest independently addressable entropy value unit in procedural generative and search-based creation, intended to be typed, referenced, transformed or validated without requiring a whole finished asset.",SRC-OPENSCAD;SRC-MATERIALX;SRC-TREESITTER;SRC-SCXML;SRC-3DGS,cross-standard-plus-engineering-inference,candidate,research-seed,True,
AXM-23-PROCEDURAL-A-013-collapse-choice,atom,23-procedural,Procedural generative and search-based creation,collapse choice,"Smallest independently addressable collapse choice unit in procedural generative and search-based creation, intended to be typed, referenced, transformed or validated without requiring a whole finished asset.",SRC-OPENSCAD;SRC-MATERIALX;SRC-TREESITTER;SRC-SCXML;SRC-3DGS,cross-standard-plus-engineering-inference,candidate,research-seed,True,
AXM-23-PROCEDURAL-A-014-signed-distance-primitive-value,atom,23-procedural,Procedural generative and search-based creation,signed-distance primitive value,"Smallest independently addressable signed-distance primitive value unit in procedural generative and search-based creation, intended to be typed, referenced, transformed or validated without requiring a whole finished asset.",SRC-OPENSCAD;SRC-MATERIALX;SRC-TREESITTER;SRC-SCXML;SRC-3DGS,cross-standard-plus-engineering-inference,candidate,research-seed,True,
AXM-23-PROCEDURAL-A-015-signed-distance-operation,atom,23-procedural,Procedural generative and search-based creation,signed-distance operation,"Smallest independently addressable signed-distance operation unit in procedural generative and search-based creation, intended to be typed, referenced, transformed or validated without requiring a whole finished asset.",SRC-OPENSCAD;SRC-MATERIALX;SRC-TREESITTER;SRC-SCXML;SRC-3DGS,cross-standard-plus-engineering-inference,candidate,research-seed,True,
AXM-23-PROCEDURAL-A-016-constructive-solid-geometry-operation,atom,23-procedural,Procedural generative and search-based creation,constructive-solid-geometry operation,"Smallest independently addressable constructive-solid-geometry operation unit in procedural generative and search-based creation, intended to be typed, referenced, transformed or validated without requiring a whole finished asset.",SRC-OPENSCAD;SRC-MATERIALX;SRC-TREESITTER;SRC-SCXML;SRC-3DGS,cross-standard-plus-engineering-inference,candidate,research-seed,True,
AXM-23-PROCEDURAL-A-017-transform-instruction,atom,23-procedural,Procedural generative and search-based creation,transform instruction,"Smallest independently addressable transform instruction unit in procedural generative and search-based creation, intended to be typed, referenced, transformed or validated without requiring a whole finished asset.",SRC-OPENSCAD;SRC-MATERIALX;SRC-TREESITTER;SRC-SCXML;SRC-3DGS,cross-standard-plus-engineering-inference,candidate,research-seed,True,
AXM-23-PROCEDURAL-A-018-generator-parameter,atom,23-procedural,Procedural generative and search-based creation,generator parameter,"Smallest independently addressable generator parameter unit in procedural generative and search-based creation, intended to be typed, referenced, transformed or validated without requiring a whole finished asset.",SRC-OPENSCAD;SRC-MATERIALX;SRC-TREESITTER;SRC-SCXML;SRC-3DGS,cross-standard-plus-engineering-inference,candidate,research-seed,True,
AXM-23-PROCEDURAL-A-019-distribution-parameter,atom,23-procedural,Procedural generative and search-based creation,distribution parameter,"Smallest independently addressable distribution parameter unit in procedural generative and search-based creation, intended to be typed, referenced, transformed or validated without requiring a whole finished asset.",SRC-OPENSCAD;SRC-MATERIALX;SRC-TREESITTER;SRC-SCXML;SRC-3DGS,cross-standard-plus-engineering-inference,candidate,research-seed,True,
AXM-23-PROCEDURAL-A-020-variation-parameter,atom,23-procedural,Procedural generative and search-based creation,variation parameter,"Smallest independently addressable variation parameter unit in procedural generative and search-based creation, intended to be typed, referenced, transformed or validated without requiring a whole finished asset.",SRC-OPENSCAD;SRC-MATERIALX;SRC-TREESITTER;SRC-SCXML;SRC-3DGS,cross-standard-plus-engineering-inference,candidate,research-seed,True,
AXM-23-PROCEDURAL-A-021-symmetry-rule,atom,23-procedural,Procedural generative and search-based creation,symmetry rule,"Smallest independently addressable symmetry rule unit in procedural generative and search-based creation, intended to be typed, referenced, transformed or validated without requiring a whole finished asset.",SRC-OPENSCAD;SRC-MATERIALX;SRC-TREESITTER;SRC-SCXML;SRC-3DGS,cross-standard-plus-engineering-inference,candidate,research-seed,True,
AXM-23-PROCEDURAL-A-022-repetition-count,atom,23-procedural,Procedural generative and search-based creation,repetition count,"Smallest independently addressable repetition count unit in procedural generative and search-based creation, intended to be typed, referenced, transformed or validated without requiring a whole finished asset.",SRC-OPENSCAD;SRC-MATERIALX;SRC-TREESITTER;SRC-SCXML;SRC-3DGS,cross-standard-plus-engineering-inference,candidate,research-seed,True,
AXM-23-PROCEDURAL-A-023-growth-step,atom,23-procedural,Procedural generative and search-based creation,growth step,"Smallest independently addressable growth step unit in procedural generative and search-based creation, intended to be typed, referenced, transformed or validated without requiring a whole finished asset.",SRC-OPENSCAD;SRC-MATERIALX;SRC-TREESITTER;SRC-SCXML;SRC-3DGS,cross-standard-plus-engineering-inference,candidate,research-seed,True,
AXM-23-PROCEDURAL-A-024-branch-angle,atom,23-procedural,Procedural generative and search-based creation,branch angle,"Smallest independently addressable branch angle unit in procedural generative and search-based creation, intended to be typed, referenced, transformed or validated without requiring a whole finished asset.",SRC-OPENSCAD;SRC-MATERIALX;SRC-TREESITTER;SRC-SCXML;SRC-3DGS,cross-standard-plus-engineering-inference,candidate,research-seed,True,
AXM-23-PROCEDURAL-A-025-mutation-operator,atom,23-procedural,Procedural generative and search-based creation,mutation operator,"Smallest independently addressable mutation operator unit in procedural generative and search-based creation, intended to be typed, referenced, transformed or validated without requiring a whole finished asset.",SRC-OPENSCAD;SRC-MATERIALX;SRC-TREESITTER;SRC-SCXML;SRC-3DGS,cross-standard-plus-engineering-inference,candidate,research-seed,True,
AXM-23-PROCEDURAL-A-026-fitness-value,atom,23-procedural,Procedural generative and search-based creation,fitness value,"Smallest independently addressable fitness value unit in procedural generative and search-based creation, intended to be typed, referenced, transformed or validated without requiring a whole finished asset.",SRC-OPENSCAD;SRC-MATERIALX;SRC-TREESITTER;SRC-SCXML;SRC-3DGS,cross-standard-plus-engineering-inference,candidate,research-seed,True,
AXM-23-PROCEDURAL-A-027-constraint-weight,atom,23-procedural,Procedural generative and search-based creation,constraint weight,"Smallest independently addressable constraint weight unit in procedural generative and search-based creation, intended to be typed, referenced, transformed or validated without requiring a whole finished asset.",SRC-OPENSCAD;SRC-MATERIALX;SRC-TREESITTER;SRC-SCXML;SRC-3DGS,cross-standard-plus-engineering-inference,candidate,research-seed,True,
AXM-23-PROCEDURAL-A-028-provenance-seed-reference,atom,23-procedural,Procedural generative and search-based creation,provenance-seed reference,"Smallest independently addressable provenance-seed reference unit in procedural generative and search-based creation, intended to be typed, referenced, transformed or validated without requiring a whole finished asset.",SRC-OPENSCAD;SRC-MATERIALX;SRC-TREESITTER;SRC-SCXML;SRC-3DGS,cross-standard-plus-engineering-inference,candidate,research-seed,True,
AXM-23-PROCEDURAL-A-029-search-budget,atom,23-procedural,Procedural generative and search-based creation,search budget,"Smallest independently addressable search budget unit in procedural generative and search-based creation, intended to be typed, referenced, transformed or validated without requiring a whole finished asset.",SRC-OPENSCAD;SRC-MATERIALX;SRC-TREESITTER;SRC-SCXML;SRC-3DGS,cross-standard-plus-engineering-inference,candidate,research-seed,True,
AXM-23-PROCEDURAL-A-030-candidate-score,atom,23-procedural,Procedural generative and search-based creation,candidate score,"Smallest independently addressable candidate score unit in procedural generative and search-based creation, intended to be typed, referenced, transformed or validated without requiring a whole finished asset.",SRC-OPENSCAD;SRC-MATERIALX;SRC-TREESITTER;SRC-SCXML;SRC-3DGS,cross-standard-plus-engineering-inference,candidate,research-seed,True,
AXM-23-PROCEDURAL-A-031-termination-condition,atom,23-procedural,Procedural generative and search-based creation,termination condition,"Smallest independently addressable termination condition unit in procedural generative and search-based creation, intended to be typed, referenced, transformed or validated without requiring a whole finished asset.",SRC-OPENSCAD;SRC-MATERIALX;SRC-TREESITTER;SRC-SCXML;SRC-3DGS,cross-standard-plus-engineering-inference,candidate,research-seed,True,
AXM-23-PROCEDURAL-A-032-fallback-rule,atom,23-procedural,Procedural generative and search-based creation,fallback rule,"Smallest independently addressable fallback rule unit in procedural generative and search-based creation, intended to be typed, referenced, transformed or validated without requiring a whole finished asset.",SRC-OPENSCAD;SRC-MATERIALX;SRC-TREESITTER;SRC-SCXML;SRC-3DGS,cross-standard-plus-engineering-inference,candidate,research-seed,True,
AXM-23-PROCEDURAL-A-033-replay-step,atom,23-procedural,Procedural generative and search-based creation,replay step,"Smallest independently addressable replay step unit in procedural generative and search-based creation, intended to be typed, referenced, transformed or validated without requiring a whole finished asset.",SRC-OPENSCAD;SRC-MATERIALX;SRC-TREESITTER;SRC-SCXML;SRC-3DGS,cross-standard-plus-engineering-inference,candidate,research-seed,True,
AXM-23-PROCEDURAL-C-001-random-stream,component,23-procedural,Procedural generative and search-based creation,random stream,"Reusable random stream assembly in procedural generative and search-based creation, with a bounded role and an interface that can be tested independently.",SRC-OPENSCAD;SRC-MATERIALX;SRC-TREESITTER;SRC-SCXML;SRC-3DGS,cross-standard-plus-engineering-inference,candidate,research-seed,True,
AXM-23-PROCEDURAL-C-002-noise-field,component,23-procedural,Procedural generative and search-based creation,noise field,"Reusable noise field assembly in procedural generative and search-based creation, with a bounded role and an interface that can be tested independently.",SRC-OPENSCAD;SRC-MATERIALX;SRC-TREESITTER;SRC-SCXML;SRC-3DGS,cross-standard-plus-engineering-inference,candidate,research-seed,True,
AXM-23-PROCEDURAL-C-003-generative-grammar,component,23-procedural,Procedural generative and search-based creation,generative grammar,"Reusable generative grammar assembly in procedural generative and search-based creation, with a bounded role and an interface that can be tested independently.",SRC-OPENSCAD;SRC-MATERIALX;SRC-TREESITTER;SRC-SCXML;SRC-3DGS,cross-standard-plus-engineering-inference,candidate,research-seed,True,
AXM-23-PROCEDURAL-C-004-rewrite-system,component,23-procedural,Procedural generative and search-based creation,rewrite system,"Reusable rewrite system assembly in procedural generative and search-based creation, with a bounded role and an interface that can be tested independently.",SRC-OPENSCAD;SRC-MATERIALX;SRC-TREESITTER;SRC-SCXML;SRC-3DGS,cross-standard-plus-engineering-inference,candidate,research-seed,True,
AXM-23-PROCEDURAL-C-005-l-system,component,23-procedural,Procedural generative and search-based creation,L-system,"Reusable L-system assembly in procedural generative and search-based creation, with a bounded role and an interface that can be tested independently.",SRC-OPENSCAD;SRC-MATERIALX;SRC-TREESITTER;SRC-SCXML;SRC-3DGS,cross-standard-plus-engineering-inference,candidate,research-seed,True,
AXM-23-PROCEDURAL-C-006-shape-grammar,component,23-procedural,Procedural generative and search-based creation,shape grammar,"Reusable shape grammar assembly in procedural generative and search-based creation, with a bounded role and an interface that can be tested independently.",SRC-OPENSCAD;SRC-MATERIALX;SRC-TREESITTER;SRC-SCXML;SRC-3DGS,cross-standard-plus-engineering-inference,candidate,research-seed,True,
AXM-23-PROCEDURAL-C-007-graph-grammar,component,23-procedural,Procedural generative and search-based creation,graph grammar,"Reusable graph grammar assembly in procedural generative and search-based creation, with a bounded role and an interface that can be tested independently.",SRC-OPENSCAD;SRC-MATERIALX;SRC-TREESITTER;SRC-SCXML;SRC-3DGS,cross-standard-plus-engineering-inference,candidate,research-seed,True,
AXM-23-PROCEDURAL-C-008-tile-set,component,23-procedural,Procedural generative and search-based creation,tile set,"Reusable tile set assembly in procedural generative and search-based creation, with a bounded role and an interface that can be tested independently.",SRC-OPENSCAD;SRC-MATERIALX;SRC-TREESITTER;SRC-SCXML;SRC-3DGS,cross-standard-plus-engineering-inference,candidate,research-seed,True,
AXM-23-PROCEDURAL-C-009-adjacency-matrix,component,23-procedural,Procedural generative and search-based creation,adjacency matrix,"Reusable adjacency matrix assembly in procedural generative and search-based creation, with a bounded role and an interface that can be tested independently.",SRC-OPENSCAD;SRC-MATERIALX;SRC-TREESITTER;SRC-SCXML;SRC-3DGS,cross-standard-plus-engineering-inference,candidate,research-seed,True,
AXM-23-PROCEDURAL-C-010-wave-function-collapse-grid,component,23-procedural,Procedural generative and search-based creation,wave-function-collapse grid,"Reusable wave-function-collapse grid assembly in procedural generative and search-based creation, with a bounded role and an interface that can be tested independently.",SRC-OPENSCAD;SRC-MATERIALX;SRC-TREESITTER;SRC-SCXML;SRC-3DGS,cross-standard-plus-engineering-inference,candidate,research-seed,True,
AXM-23-PROCEDURAL-C-011-signed-distance-expression-tree,component,23-procedural,Procedural generative and search-based creation,signed-distance expression tree,"Reusable signed-distance expression tree assembly in procedural generative and search-based creation, with a bounded role and an interface that can be tested independently.",SRC-OPENSCAD;SRC-MATERIALX;SRC-TREESITTER;SRC-SCXML;SRC-3DGS,cross-standard-plus-engineering-inference,candidate,research-seed,True,
AXM-23-PROCEDURAL-C-012-constructive-solid-geometry-tree,component,23-procedural,Procedural generative and search-based creation,constructive-solid-geometry tree,"Reusable constructive-solid-geometry tree assembly in procedural generative and search-based creation, with a bounded role and an interface that can be tested independently.",SRC-OPENSCAD;SRC-MATERIALX;SRC-TREESITTER;SRC-SCXML;SRC-3DGS,cross-standard-plus-engineering-inference,candidate,research-seed,True,
AXM-23-PROCEDURAL-C-013-procedural-material-graph,component,23-procedural,Procedural generative and search-based creation,procedural-material graph,"Reusable procedural-material graph assembly in procedural generative and search-based creation, with a bounded role and an interface that can be tested independently.",SRC-OPENSCAD;SRC-MATERIALX;SRC-TREESITTER;SRC-SCXML;SRC-3DGS,cross-standard-plus-engineering-inference,candidate,research-seed,True,
AXM-23-PROCEDURAL-C-014-procedural-geometry-graph,component,23-procedural,Procedural generative and search-based creation,procedural-geometry graph,"Reusable procedural-geometry graph assembly in procedural generative and search-based creation, with a bounded role and an interface that can be tested independently.",SRC-OPENSCAD;SRC-MATERIALX;SRC-TREESITTER;SRC-SCXML;SRC-3DGS,cross-standard-plus-engineering-inference,candidate,research-seed,True,
AXM-23-PROCEDURAL-C-015-terrain-generator,component,23-procedural,Procedural generative and search-based creation,terrain generator,"Reusable terrain generator assembly in procedural generative and search-based creation, with a bounded role and an interface that can be tested independently.",SRC-OPENSCAD;SRC-MATERIALX;SRC-TREESITTER;SRC-SCXML;SRC-3DGS,cross-standard-plus-engineering-inference,candidate,research-seed,True,
AXM-23-PROCEDURAL-C-016-plant-generator,component,23-procedural,Procedural generative and search-based creation,plant generator,"Reusable plant generator assembly in procedural generative and search-based creation, with a bounded role and an interface that can be tested independently.",SRC-OPENSCAD;SRC-MATERIALX;SRC-TREESITTER;SRC-SCXML;SRC-3DGS,cross-standard-plus-engineering-inference,candidate,research-seed,True,
AXM-23-PROCEDURAL-C-017-building-generator,component,23-procedural,Procedural generative and search-based creation,building generator,"Reusable building generator assembly in procedural generative and search-based creation, with a bounded role and an interface that can be tested independently.",SRC-OPENSCAD;SRC-MATERIALX;SRC-TREESITTER;SRC-SCXML;SRC-3DGS,cross-standard-plus-engineering-inference,candidate,research-seed,True,
AXM-23-PROCEDURAL-C-018-layout-generator,component,23-procedural,Procedural generative and search-based creation,layout generator,"Reusable layout generator assembly in procedural generative and search-based creation, with a bounded role and an interface that can be tested independently.",SRC-OPENSCAD;SRC-MATERIALX;SRC-TREESITTER;SRC-SCXML;SRC-3DGS,cross-standard-plus-engineering-inference,candidate,research-seed,True,
AXM-23-PROCEDURAL-C-019-variation-profile,component,23-procedural,Procedural generative and search-based creation,variation profile,"Reusable variation profile assembly in procedural generative and search-based creation, with a bounded role and an interface that can be tested independently.",SRC-OPENSCAD;SRC-MATERIALX;SRC-TREESITTER;SRC-SCXML;SRC-3DGS,cross-standard-plus-engineering-inference,candidate,research-seed,True,
AXM-23-PROCEDURAL-C-020-constraint-model,component,23-procedural,Procedural generative and search-based creation,constraint model,"Reusable constraint model assembly in procedural generative and search-based creation, with a bounded role and an interface that can be tested independently.",SRC-OPENSCAD;SRC-MATERIALX;SRC-TREESITTER;SRC-SCXML;SRC-3DGS,cross-standard-plus-engineering-inference,candidate,research-seed,True,
AXM-23-PROCEDURAL-C-021-search-space,component,23-procedural,Procedural generative and search-based creation,search space,"Reusable search space assembly in procedural generative and search-based creation, with a bounded role and an interface that can be tested independently.",SRC-OPENSCAD;SRC-MATERIALX;SRC-TREESITTER;SRC-SCXML;SRC-3DGS,cross-standard-plus-engineering-inference,candidate,research-seed,True,
AXM-23-PROCEDURAL-C-022-candidate-solution,component,23-procedural,Procedural generative and search-based creation,candidate solution,"Reusable candidate solution assembly in procedural generative and search-based creation, with a bounded role and an interface that can be tested independently.",SRC-OPENSCAD;SRC-MATERIALX;SRC-TREESITTER;SRC-SCXML;SRC-3DGS,cross-standard-plus-engineering-inference,candidate,research-seed,True,
AXM-23-PROCEDURAL-C-023-generator-recipe,component,23-procedural,Procedural generative and search-based creation,generator recipe,"Reusable generator recipe assembly in procedural generative and search-based creation, with a bounded role and an interface that can be tested independently.",SRC-OPENSCAD;SRC-MATERIALX;SRC-TREESITTER;SRC-SCXML;SRC-3DGS,cross-standard-plus-engineering-inference,candidate,research-seed,True,
AXM-23-PROCEDURAL-C-024-deterministic-replay-record,component,23-procedural,Procedural generative and search-based creation,deterministic-replay record,"Reusable deterministic-replay record assembly in procedural generative and search-based creation, with a bounded role and an interface that can be tested independently.",SRC-OPENSCAD;SRC-MATERIALX;SRC-TREESITTER;SRC-SCXML;SRC-3DGS,cross-standard-plus-engineering-inference,candidate,research-seed,True,
AXM-23-PROCEDURAL-C-025-parameter-sweep,component,23-procedural,Procedural generative and search-based creation,parameter sweep,"Reusable parameter sweep assembly in procedural generative and search-based creation, with a bounded role and an interface that can be tested independently.",SRC-OPENSCAD;SRC-MATERIALX;SRC-TREESITTER;SRC-SCXML;SRC-3DGS,cross-standard-plus-engineering-inference,candidate,research-seed,True,
AXM-23-PROCEDURAL-C-026-optimization-problem,component,23-procedural,Procedural generative and search-based creation,optimization problem,"Reusable optimization problem assembly in procedural generative and search-based creation, with a bounded role and an interface that can be tested independently.",SRC-OPENSCAD;SRC-MATERIALX;SRC-TREESITTER;SRC-SCXML;SRC-3DGS,cross-standard-plus-engineering-inference,candidate,research-seed,True,
AXM-23-PROCEDURAL-C-027-rule-library,component,23-procedural,Procedural generative and search-based creation,rule library,"Reusable rule library assembly in procedural generative and search-based creation, with a bounded role and an interface that can be tested independently.",SRC-OPENSCAD;SRC-MATERIALX;SRC-TREESITTER;SRC-SCXML;SRC-3DGS,cross-standard-plus-engineering-inference,candidate,research-seed,True,
AXM-23-PROCEDURAL-C-028-generation-trace,component,23-procedural,Procedural generative and search-based creation,generation trace,"Reusable generation trace assembly in procedural generative and search-based creation, with a bounded role and an interface that can be tested independently.",SRC-OPENSCAD;SRC-MATERIALX;SRC-TREESITTER;SRC-SCXML;SRC-3DGS,cross-standard-plus-engineering-inference,candidate,research-seed,True,
AXM-23-PROCEDURAL-O-001-procedural-generator,organ,23-procedural,Procedural generative and search-based creation,procedural generator,"Functional subsystem for procedural generator in procedural generative and search-based creation; orchestrates lower-level components, applies policy and emits results plus evidence.",SRC-OPENSCAD;SRC-MATERIALX;SRC-TREESITTER;SRC-SCXML;SRC-3DGS,cross-standard-plus-engineering-inference,candidate,research-seed,True,
AXM-23-PROCEDURAL-O-002-seeded-random-organ,organ,23-procedural,Procedural generative and search-based creation,seeded-random organ,"Functional subsystem for seeded-random organ in procedural generative and search-based creation; orchestrates lower-level components, applies policy and emits results plus evidence.",SRC-OPENSCAD;SRC-MATERIALX;SRC-TREESITTER;SRC-SCXML;SRC-3DGS,cross-standard-plus-engineering-inference,candidate,research-seed,True,
AXM-23-PROCEDURAL-O-003-grammar-expansion-engine,organ,23-procedural,Procedural generative and search-based creation,grammar-expansion engine,"Functional subsystem for grammar-expansion engine in procedural generative and search-based creation; orchestrates lower-level components, applies policy and emits results plus evidence.",SRC-OPENSCAD;SRC-MATERIALX;SRC-TREESITTER;SRC-SCXML;SRC-3DGS,cross-standard-plus-engineering-inference,candidate,research-seed,True,
AXM-23-PROCEDURAL-O-004-graph-rewrite-engine,organ,23-procedural,Procedural generative and search-based creation,graph-rewrite engine,"Functional subsystem for graph-rewrite engine in procedural generative and search-based creation; orchestrates lower-level components, applies policy and emits results plus evidence.",SRC-OPENSCAD;SRC-MATERIALX;SRC-TREESITTER;SRC-SCXML;SRC-3DGS,cross-standard-plus-engineering-inference,candidate,research-seed,True,
AXM-23-PROCEDURAL-O-005-wave-function-collapse-solver,organ,23-procedural,Procedural generative and search-based creation,wave-function-collapse solver,"Functional subsystem for wave-function-collapse solver in procedural generative and search-based creation; orchestrates lower-level components, applies policy and emits results plus evidence.",SRC-OPENSCAD;SRC-MATERIALX;SRC-TREESITTER;SRC-SCXML;SRC-3DGS,cross-standard-plus-engineering-inference,candidate,research-seed,True,
AXM-23-PROCEDURAL-O-006-signed-distance-compiler,organ,23-procedural,Procedural generative and search-based creation,signed-distance compiler,"Functional subsystem for signed-distance compiler in procedural generative and search-based creation; orchestrates lower-level components, applies policy and emits results plus evidence.",SRC-OPENSCAD;SRC-MATERIALX;SRC-TREESITTER;SRC-SCXML;SRC-3DGS,cross-standard-plus-engineering-inference,candidate,research-seed,True,
AXM-23-PROCEDURAL-O-007-constructive-solid-geometry-evaluator,organ,23-procedural,Procedural generative and search-based creation,constructive-solid-geometry evaluator,"Functional subsystem for constructive-solid-geometry evaluator in procedural generative and search-based creation; orchestrates lower-level components, applies policy and emits results plus evidence.",SRC-OPENSCAD;SRC-MATERIALX;SRC-TREESITTER;SRC-SCXML;SRC-3DGS,cross-standard-plus-engineering-inference,candidate,research-seed,True,
AXM-23-PROCEDURAL-O-008-constraint-solver,organ,23-procedural,Procedural generative and search-based creation,constraint solver,"Functional subsystem for constraint solver in procedural generative and search-based creation; orchestrates lower-level components, applies policy and emits results plus evidence.",SRC-OPENSCAD;SRC-MATERIALX;SRC-TREESITTER;SRC-SCXML;SRC-3DGS,cross-standard-plus-engineering-inference,candidate,research-seed,True,
AXM-23-PROCEDURAL-O-009-evolutionary-search-organ,organ,23-procedural,Procedural generative and search-based creation,evolutionary-search organ,"Functional subsystem for evolutionary-search organ in procedural generative and search-based creation; orchestrates lower-level components, applies policy and emits results plus evidence.",SRC-OPENSCAD;SRC-MATERIALX;SRC-TREESITTER;SRC-SCXML;SRC-3DGS,cross-standard-plus-engineering-inference,candidate,research-seed,True,
AXM-23-PROCEDURAL-O-010-parameter-optimizer,organ,23-procedural,Procedural generative and search-based creation,parameter optimizer,"Functional subsystem for parameter optimizer in procedural generative and search-based creation; orchestrates lower-level components, applies policy and emits results plus evidence.",SRC-OPENSCAD;SRC-MATERIALX;SRC-TREESITTER;SRC-SCXML;SRC-3DGS,cross-standard-plus-engineering-inference,candidate,research-seed,True,
AXM-23-PROCEDURAL-O-011-variation-engine,organ,23-procedural,Procedural generative and search-based creation,variation engine,"Functional subsystem for variation engine in procedural generative and search-based creation; orchestrates lower-level components, applies policy and emits results plus evidence.",SRC-OPENSCAD;SRC-MATERIALX;SRC-TREESITTER;SRC-SCXML;SRC-3DGS,cross-standard-plus-engineering-inference,candidate,research-seed,True,
AXM-23-PROCEDURAL-O-012-procedural-validation-organ,organ,23-procedural,Procedural generative and search-based creation,procedural-validation organ,"Functional subsystem for procedural-validation organ in procedural generative and search-based creation; orchestrates lower-level components, applies policy and emits results plus evidence.",SRC-OPENSCAD;SRC-MATERIALX;SRC-TREESITTER;SRC-SCXML;SRC-3DGS,cross-standard-plus-engineering-inference,candidate,research-seed,True,
AXM-23-PROCEDURAL-O-013-recipe-extractor,organ,23-procedural,Procedural generative and search-based creation,recipe extractor,"Functional subsystem for recipe extractor in procedural generative and search-based creation; orchestrates lower-level components, applies policy and emits results plus evidence.",SRC-OPENSCAD;SRC-MATERIALX;SRC-TREESITTER;SRC-SCXML;SRC-3DGS,cross-standard-plus-engineering-inference,candidate,research-seed,True,
AXM-23-PROCEDURAL-O-014-deterministic-replay-organ,organ,23-procedural,Procedural generative and search-based creation,deterministic-replay organ,"Functional subsystem for deterministic-replay organ in procedural generative and search-based creation; orchestrates lower-level components, applies policy and emits results plus evidence.",SRC-OPENSCAD;SRC-MATERIALX;SRC-TREESITTER;SRC-SCXML;SRC-3DGS,cross-standard-plus-engineering-inference,candidate,research-seed,True,
AXM-23-PROCEDURAL-O-015-search-controller-organ,organ,23-procedural,Procedural generative and search-based creation,search-controller organ,"Functional subsystem for search-controller organ in procedural generative and search-based creation; orchestrates lower-level components, applies policy and emits results plus evidence.",SRC-OPENSCAD;SRC-MATERIALX;SRC-TREESITTER;SRC-SCXML;SRC-3DGS,cross-standard-plus-engineering-inference,candidate,research-seed,True,
AXM-23-PROCEDURAL-O-016-generation-provenance-organ,organ,23-procedural,Procedural generative and search-based creation,generation-provenance organ,"Functional subsystem for generation-provenance organ in procedural generative and search-based creation; orchestrates lower-level components, applies policy and emits results plus evidence.",SRC-OPENSCAD;SRC-MATERIALX;SRC-TREESITTER;SRC-SCXML;SRC-3DGS,cross-standard-plus-engineering-inference,candidate,research-seed,True,
AXM-24-WORKSPACE-COLLABORATION-A-001-repository-reference,atom,24-workspace-collaboration,Projects workspaces versioning collaboration and lifecycle,repository reference,"Smallest independently addressable repository reference unit in projects workspaces versioning collaboration and lifecycle, intended to be typed, referenced, transformed or validated without requiring a whole finished asset.",SRC-GIT;SRC-PROV;SRC-SPDX;SRC-BPMN,cross-standard,candidate,research-seed,True,
AXM-24-WORKSPACE-COLLABORATION-A-002-branch-reference,atom,24-workspace-collaboration,Projects workspaces versioning collaboration and lifecycle,branch reference,"Smallest independently addressable branch reference unit in projects workspaces versioning collaboration and lifecycle, intended to be typed, referenced, transformed or validated without requiring a whole finished asset.",SRC-GIT;SRC-PROV;SRC-SPDX;SRC-BPMN,cross-standard,candidate,research-seed,True,
AXM-24-WORKSPACE-COLLABORATION-A-003-commit-reference,atom,24-workspace-collaboration,Projects workspaces versioning collaboration and lifecycle,commit reference,"Smallest independently addressable commit reference unit in projects workspaces versioning collaboration and lifecycle, intended to be typed, referenced, transformed or validated without requiring a whole finished asset.",SRC-GIT;SRC-PROV;SRC-SPDX;SRC-BPMN,cross-standard,candidate,research-seed,True,
AXM-24-WORKSPACE-COLLABORATION-A-004-tree-reference,atom,24-workspace-collaboration,Projects workspaces versioning collaboration and lifecycle,tree reference,"Smallest independently addressable tree reference unit in projects workspaces versioning collaboration and lifecycle, intended to be typed, referenced, transformed or validated without requiring a whole finished asset.",SRC-GIT;SRC-PROV;SRC-SPDX;SRC-BPMN,cross-standard,candidate,research-seed,True,
AXM-24-WORKSPACE-COLLABORATION-A-005-blob-reference,atom,24-workspace-collaboration,Projects workspaces versioning collaboration and lifecycle,blob reference,"Smallest independently addressable blob reference unit in projects workspaces versioning collaboration and lifecycle, intended to be typed, referenced, transformed or validated without requiring a whole finished asset.",SRC-GIT;SRC-PROV;SRC-SPDX;SRC-BPMN,cross-standard,candidate,research-seed,True,
AXM-24-WORKSPACE-COLLABORATION-A-006-tag-reference,atom,24-workspace-collaboration,Projects workspaces versioning collaboration and lifecycle,tag reference,"Smallest independently addressable tag reference unit in projects workspaces versioning collaboration and lifecycle, intended to be typed, referenced, transformed or validated without requiring a whole finished asset.",SRC-GIT;SRC-PROV;SRC-SPDX;SRC-BPMN,cross-standard,candidate,research-seed,True,
AXM-24-WORKSPACE-COLLABORATION-A-007-file-path,atom,24-workspace-collaboration,Projects workspaces versioning collaboration and lifecycle,file path,"Smallest independently addressable file path unit in projects workspaces versioning collaboration and lifecycle, intended to be typed, referenced, transformed or validated without requiring a whole finished asset.",SRC-GIT;SRC-PROV;SRC-SPDX;SRC-BPMN,cross-standard,candidate,research-seed,True,
AXM-24-WORKSPACE-COLLABORATION-A-008-change-hunk,atom,24-workspace-collaboration,Projects workspaces versioning collaboration and lifecycle,change hunk,"Smallest independently addressable change hunk unit in projects workspaces versioning collaboration and lifecycle, intended to be typed, referenced, transformed or validated without requiring a whole finished asset.",SRC-GIT;SRC-PROV;SRC-SPDX;SRC-BPMN,cross-standard,candidate,research-seed,True,
AXM-24-WORKSPACE-COLLABORATION-A-009-author-reference,atom,24-workspace-collaboration,Projects workspaces versioning collaboration and lifecycle,author reference,"Smallest independently addressable author reference unit in projects workspaces versioning collaboration and lifecycle, intended to be typed, referenced, transformed or validated without requiring a whole finished asset.",SRC-GIT;SRC-PROV;SRC-SPDX;SRC-BPMN,cross-standard,candidate,research-seed,True,
AXM-24-WORKSPACE-COLLABORATION-A-010-committer-reference,atom,24-workspace-collaboration,Projects workspaces versioning collaboration and lifecycle,committer reference,"Smallest independently addressable committer reference unit in projects workspaces versioning collaboration and lifecycle, intended to be typed, referenced, transformed or validated without requiring a whole finished asset.",SRC-GIT;SRC-PROV;SRC-SPDX;SRC-BPMN,cross-standard,candidate,research-seed,True,
AXM-24-WORKSPACE-COLLABORATION-A-011-issue-identifier,atom,24-workspace-collaboration,Projects workspaces versioning collaboration and lifecycle,issue identifier,"Smallest independently addressable issue identifier unit in projects workspaces versioning collaboration and lifecycle, intended to be typed, referenced, transformed or validated without requiring a whole finished asset.",SRC-GIT;SRC-PROV;SRC-SPDX;SRC-BPMN,cross-standard,candidate,research-seed,True,
AXM-24-WORKSPACE-COLLABORATION-A-012-task-identifier,atom,24-workspace-collaboration,Projects workspaces versioning collaboration and lifecycle,task identifier,"Smallest independently addressable task identifier unit in projects workspaces versioning collaboration and lifecycle, intended to be typed, referenced, transformed or validated without requiring a whole finished asset.",SRC-GIT;SRC-PROV;SRC-SPDX;SRC-BPMN,cross-standard,candidate,research-seed,True,
AXM-24-WORKSPACE-COLLABORATION-A-013-milestone-identifier,atom,24-workspace-collaboration,Projects workspaces versioning collaboration and lifecycle,milestone identifier,"Smallest independently addressable milestone identifier unit in projects workspaces versioning collaboration and lifecycle, intended to be typed, referenced, transformed or validated without requiring a whole finished asset.",SRC-GIT;SRC-PROV;SRC-SPDX;SRC-BPMN,cross-standard,candidate,research-seed,True,
AXM-24-WORKSPACE-COLLABORATION-A-014-comment-identifier,atom,24-workspace-collaboration,Projects workspaces versioning collaboration and lifecycle,comment identifier,"Smallest independently addressable comment identifier unit in projects workspaces versioning collaboration and lifecycle, intended to be typed, referenced, transformed or validated without requiring a whole finished asset.",SRC-GIT;SRC-PROV;SRC-SPDX;SRC-BPMN,cross-standard,candidate,research-seed,True,
AXM-24-WORKSPACE-COLLABORATION-A-015-review-state,atom,24-workspace-collaboration,Projects workspaces versioning collaboration and lifecycle,review state,"Smallest independently addressable review state unit in projects workspaces versioning collaboration and lifecycle, intended to be typed, referenced, transformed or validated without requiring a whole finished asset.",SRC-GIT;SRC-PROV;SRC-SPDX;SRC-BPMN,cross-standard,candidate,research-seed,True,
AXM-24-WORKSPACE-COLLABORATION-A-016-approval-state,atom,24-workspace-collaboration,Projects workspaces versioning collaboration and lifecycle,approval state,"Smallest independently addressable approval state unit in projects workspaces versioning collaboration and lifecycle, intended to be typed, referenced, transformed or validated without requiring a whole finished asset.",SRC-GIT;SRC-PROV;SRC-SPDX;SRC-BPMN,cross-standard,candidate,research-seed,True,
AXM-24-WORKSPACE-COLLABORATION-A-017-workspace-path,atom,24-workspace-collaboration,Projects workspaces versioning collaboration and lifecycle,workspace path,"Smallest independently addressable workspace path unit in projects workspaces versioning collaboration and lifecycle, intended to be typed, referenced, transformed or validated without requiring a whole finished asset.",SRC-GIT;SRC-PROV;SRC-SPDX;SRC-BPMN,cross-standard,candidate,research-seed,True,
AXM-24-WORKSPACE-COLLABORATION-A-018-project-role,atom,24-workspace-collaboration,Projects workspaces versioning collaboration and lifecycle,project role,"Smallest independently addressable project role unit in projects workspaces versioning collaboration and lifecycle, intended to be typed, referenced, transformed or validated without requiring a whole finished asset.",SRC-GIT;SRC-PROV;SRC-SPDX;SRC-BPMN,cross-standard,candidate,research-seed,True,
AXM-24-WORKSPACE-COLLABORATION-A-019-assignment,atom,24-workspace-collaboration,Projects workspaces versioning collaboration and lifecycle,assignment,"Smallest independently addressable assignment unit in projects workspaces versioning collaboration and lifecycle, intended to be typed, referenced, transformed or validated without requiring a whole finished asset.",SRC-GIT;SRC-PROV;SRC-SPDX;SRC-BPMN,cross-standard,candidate,research-seed,True,
AXM-24-WORKSPACE-COLLABORATION-A-020-deadline,atom,24-workspace-collaboration,Projects workspaces versioning collaboration and lifecycle,deadline,"Smallest independently addressable deadline unit in projects workspaces versioning collaboration and lifecycle, intended to be typed, referenced, transformed or validated without requiring a whole finished asset.",SRC-GIT;SRC-PROV;SRC-SPDX;SRC-BPMN,cross-standard,candidate,research-seed,True,
AXM-24-WORKSPACE-COLLABORATION-A-021-dependency-link,atom,24-workspace-collaboration,Projects workspaces versioning collaboration and lifecycle,dependency link,"Smallest independently addressable dependency link unit in projects workspaces versioning collaboration and lifecycle, intended to be typed, referenced, transformed or validated without requiring a whole finished asset.",SRC-GIT;SRC-PROV;SRC-SPDX;SRC-BPMN,cross-standard,candidate,research-seed,True,
AXM-24-WORKSPACE-COLLABORATION-A-022-status-transition,atom,24-workspace-collaboration,Projects workspaces versioning collaboration and lifecycle,status transition,"Smallest independently addressable status transition unit in projects workspaces versioning collaboration and lifecycle, intended to be typed, referenced, transformed or validated without requiring a whole finished asset.",SRC-GIT;SRC-PROV;SRC-SPDX;SRC-BPMN,cross-standard,candidate,research-seed,True,
AXM-24-WORKSPACE-COLLABORATION-A-023-priority,atom,24-workspace-collaboration,Projects workspaces versioning collaboration and lifecycle,priority,"Smallest independently addressable priority unit in projects workspaces versioning collaboration and lifecycle, intended to be typed, referenced, transformed or validated without requiring a whole finished asset.",SRC-GIT;SRC-PROV;SRC-SPDX;SRC-BPMN,cross-standard,candidate,research-seed,True,
AXM-24-WORKSPACE-COLLABORATION-A-024-estimate,atom,24-workspace-collaboration,Projects workspaces versioning collaboration and lifecycle,estimate,"Smallest independently addressable estimate unit in projects workspaces versioning collaboration and lifecycle, intended to be typed, referenced, transformed or validated without requiring a whole finished asset.",SRC-GIT;SRC-PROV;SRC-SPDX;SRC-BPMN,cross-standard,candidate,research-seed,True,
AXM-24-WORKSPACE-COLLABORATION-A-025-actual-effort,atom,24-workspace-collaboration,Projects workspaces versioning collaboration and lifecycle,actual effort,"Smallest independently addressable actual effort unit in projects workspaces versioning collaboration and lifecycle, intended to be typed, referenced, transformed or validated without requiring a whole finished asset.",SRC-GIT;SRC-PROV;SRC-SPDX;SRC-BPMN,cross-standard,candidate,research-seed,True,
AXM-24-WORKSPACE-COLLABORATION-A-026-decision-record-reference,atom,24-workspace-collaboration,Projects workspaces versioning collaboration and lifecycle,decision-record reference,"Smallest independently addressable decision-record reference unit in projects workspaces versioning collaboration and lifecycle, intended to be typed, referenced, transformed or validated without requiring a whole finished asset.",SRC-GIT;SRC-PROV;SRC-SPDX;SRC-BPMN,cross-standard,candidate,research-seed,True,
AXM-24-WORKSPACE-COLLABORATION-A-027-conflict-marker,atom,24-workspace-collaboration,Projects workspaces versioning collaboration and lifecycle,conflict marker,"Smallest independently addressable conflict marker unit in projects workspaces versioning collaboration and lifecycle, intended to be typed, referenced, transformed or validated without requiring a whole finished asset.",SRC-GIT;SRC-PROV;SRC-SPDX;SRC-BPMN,cross-standard,candidate,research-seed,True,
AXM-24-WORKSPACE-COLLABORATION-A-028-lock-reference,atom,24-workspace-collaboration,Projects workspaces versioning collaboration and lifecycle,lock reference,"Smallest independently addressable lock reference unit in projects workspaces versioning collaboration and lifecycle, intended to be typed, referenced, transformed or validated without requiring a whole finished asset.",SRC-GIT;SRC-PROV;SRC-SPDX;SRC-BPMN,cross-standard,candidate,research-seed,True,
AXM-24-WORKSPACE-COLLABORATION-A-029-presence-signal,atom,24-workspace-collaboration,Projects workspaces versioning collaboration and lifecycle,presence signal,"Smallest independently addressable presence signal unit in projects workspaces versioning collaboration and lifecycle, intended to be typed, referenced, transformed or validated without requiring a whole finished asset.",SRC-GIT;SRC-PROV;SRC-SPDX;SRC-BPMN,cross-standard,candidate,research-seed,True,
AXM-24-WORKSPACE-COLLABORATION-A-030-synchronization-version,atom,24-workspace-collaboration,Projects workspaces versioning collaboration and lifecycle,synchronization version,"Smallest independently addressable synchronization version unit in projects workspaces versioning collaboration and lifecycle, intended to be typed, referenced, transformed or validated without requiring a whole finished asset.",SRC-GIT;SRC-PROV;SRC-SPDX;SRC-BPMN,cross-standard,candidate,research-seed,True,
AXM-24-WORKSPACE-COLLABORATION-A-031-handoff-state,atom,24-workspace-collaboration,Projects workspaces versioning collaboration and lifecycle,handoff state,"Smallest independently addressable handoff state unit in projects workspaces versioning collaboration and lifecycle, intended to be typed, referenced, transformed or validated without requiring a whole finished asset.",SRC-GIT;SRC-PROV;SRC-SPDX;SRC-BPMN,cross-standard,candidate,research-seed,True,
AXM-24-WORKSPACE-COLLABORATION-A-032-archive-state,atom,24-workspace-collaboration,Projects workspaces versioning collaboration and lifecycle,archive state,"Smallest independently addressable archive state unit in projects workspaces versioning collaboration and lifecycle, intended to be typed, referenced, transformed or validated without requiring a whole finished asset.",SRC-GIT;SRC-PROV;SRC-SPDX;SRC-BPMN,cross-standard,candidate,research-seed,True,
AXM-24-WORKSPACE-COLLABORATION-A-033-merge-base-reference,atom,24-workspace-collaboration,Projects workspaces versioning collaboration and lifecycle,merge-base reference,"Smallest independently addressable merge-base reference unit in projects workspaces versioning collaboration and lifecycle, intended to be typed, referenced, transformed or validated without requiring a whole finished asset.",SRC-GIT;SRC-PROV;SRC-SPDX;SRC-BPMN,cross-standard,candidate,research-seed,True,
AXM-24-WORKSPACE-COLLABORATION-A-034-change-request-identifier,atom,24-workspace-collaboration,Projects workspaces versioning collaboration and lifecycle,change-request identifier,"Smallest independently addressable change-request identifier unit in projects workspaces versioning collaboration and lifecycle, intended to be typed, referenced, transformed or validated without requiring a whole finished asset.",SRC-GIT;SRC-PROV;SRC-SPDX;SRC-BPMN,cross-standard,candidate,research-seed,True,
AXM-24-WORKSPACE-COLLABORATION-C-001-repository,component,24-workspace-collaboration,Projects workspaces versioning collaboration and lifecycle,repository,"Reusable repository assembly in projects workspaces versioning collaboration and lifecycle, with a bounded role and an interface that can be tested independently.",SRC-GIT;SRC-PROV;SRC-SPDX;SRC-BPMN,cross-standard,candidate,research-seed,True,
AXM-24-WORKSPACE-COLLABORATION-C-002-branch,component,24-workspace-collaboration,Projects workspaces versioning collaboration and lifecycle,branch,"Reusable branch assembly in projects workspaces versioning collaboration and lifecycle, with a bounded role and an interface that can be tested independently.",SRC-GIT;SRC-PROV;SRC-SPDX;SRC-BPMN,cross-standard,candidate,research-seed,True,
AXM-24-WORKSPACE-COLLABORATION-C-003-commit,component,24-workspace-collaboration,Projects workspaces versioning collaboration and lifecycle,commit,"Reusable commit assembly in projects workspaces versioning collaboration and lifecycle, with a bounded role and an interface that can be tested independently.",SRC-GIT;SRC-PROV;SRC-SPDX;SRC-BPMN,cross-standard,candidate,research-seed,True,
AXM-24-WORKSPACE-COLLABORATION-C-004-tree-snapshot,component,24-workspace-collaboration,Projects workspaces versioning collaboration and lifecycle,tree snapshot,"Reusable tree snapshot assembly in projects workspaces versioning collaboration and lifecycle, with a bounded role and an interface that can be tested independently.",SRC-GIT;SRC-PROV;SRC-SPDX;SRC-BPMN,cross-standard,candidate,research-seed,True,
AXM-24-WORKSPACE-COLLABORATION-C-005-change-set,component,24-workspace-collaboration,Projects workspaces versioning collaboration and lifecycle,change set,"Reusable change set assembly in projects workspaces versioning collaboration and lifecycle, with a bounded role and an interface that can be tested independently.",SRC-GIT;SRC-PROV;SRC-SPDX;SRC-BPMN,cross-standard,candidate,research-seed,True,
AXM-24-WORKSPACE-COLLABORATION-C-006-pull-request,component,24-workspace-collaboration,Projects workspaces versioning collaboration and lifecycle,pull request,"Reusable pull request assembly in projects workspaces versioning collaboration and lifecycle, with a bounded role and an interface that can be tested independently.",SRC-GIT;SRC-PROV;SRC-SPDX;SRC-BPMN,cross-standard,candidate,research-seed,True,
AXM-24-WORKSPACE-COLLABORATION-C-007-issue,component,24-workspace-collaboration,Projects workspaces versioning collaboration and lifecycle,issue,"Reusable issue assembly in projects workspaces versioning collaboration and lifecycle, with a bounded role and an interface that can be tested independently.",SRC-GIT;SRC-PROV;SRC-SPDX;SRC-BPMN,cross-standard,candidate,research-seed,True,
AXM-24-WORKSPACE-COLLABORATION-C-008-task,component,24-workspace-collaboration,Projects workspaces versioning collaboration and lifecycle,task,"Reusable task assembly in projects workspaces versioning collaboration and lifecycle, with a bounded role and an interface that can be tested independently.",SRC-GIT;SRC-PROV;SRC-SPDX;SRC-BPMN,cross-standard,candidate,research-seed,True,
AXM-24-WORKSPACE-COLLABORATION-C-009-milestone,component,24-workspace-collaboration,Projects workspaces versioning collaboration and lifecycle,milestone,"Reusable milestone assembly in projects workspaces versioning collaboration and lifecycle, with a bounded role and an interface that can be tested independently.",SRC-GIT;SRC-PROV;SRC-SPDX;SRC-BPMN,cross-standard,candidate,research-seed,True,
AXM-24-WORKSPACE-COLLABORATION-C-010-project,component,24-workspace-collaboration,Projects workspaces versioning collaboration and lifecycle,project,"Reusable project assembly in projects workspaces versioning collaboration and lifecycle, with a bounded role and an interface that can be tested independently.",SRC-GIT;SRC-PROV;SRC-SPDX;SRC-BPMN,cross-standard,candidate,research-seed,True,
AXM-24-WORKSPACE-COLLABORATION-C-011-workspace,component,24-workspace-collaboration,Projects workspaces versioning collaboration and lifecycle,workspace,"Reusable workspace assembly in projects workspaces versioning collaboration and lifecycle, with a bounded role and an interface that can be tested independently.",SRC-GIT;SRC-PROV;SRC-SPDX;SRC-BPMN,cross-standard,candidate,research-seed,True,
AXM-24-WORKSPACE-COLLABORATION-C-012-document-lock,component,24-workspace-collaboration,Projects workspaces versioning collaboration and lifecycle,document lock,"Reusable document lock assembly in projects workspaces versioning collaboration and lifecycle, with a bounded role and an interface that can be tested independently.",SRC-GIT;SRC-PROV;SRC-SPDX;SRC-BPMN,cross-standard,candidate,research-seed,True,
AXM-24-WORKSPACE-COLLABORATION-C-013-review,component,24-workspace-collaboration,Projects workspaces versioning collaboration and lifecycle,review,"Reusable review assembly in projects workspaces versioning collaboration and lifecycle, with a bounded role and an interface that can be tested independently.",SRC-GIT;SRC-PROV;SRC-SPDX;SRC-BPMN,cross-standard,candidate,research-seed,True,
AXM-24-WORKSPACE-COLLABORATION-C-014-decision-record,component,24-workspace-collaboration,Projects workspaces versioning collaboration and lifecycle,decision record,"Reusable decision record assembly in projects workspaces versioning collaboration and lifecycle, with a bounded role and an interface that can be tested independently.",SRC-GIT;SRC-PROV;SRC-SPDX;SRC-BPMN,cross-standard,candidate,research-seed,True,
AXM-24-WORKSPACE-COLLABORATION-C-015-roadmap,component,24-workspace-collaboration,Projects workspaces versioning collaboration and lifecycle,roadmap,"Reusable roadmap assembly in projects workspaces versioning collaboration and lifecycle, with a bounded role and an interface that can be tested independently.",SRC-GIT;SRC-PROV;SRC-SPDX;SRC-BPMN,cross-standard,candidate,research-seed,True,
AXM-24-WORKSPACE-COLLABORATION-C-016-backlog,component,24-workspace-collaboration,Projects workspaces versioning collaboration and lifecycle,backlog,"Reusable backlog assembly in projects workspaces versioning collaboration and lifecycle, with a bounded role and an interface that can be tested independently.",SRC-GIT;SRC-PROV;SRC-SPDX;SRC-BPMN,cross-standard,candidate,research-seed,True,
AXM-24-WORKSPACE-COLLABORATION-C-017-release-plan,component,24-workspace-collaboration,Projects workspaces versioning collaboration and lifecycle,release plan,"Reusable release plan assembly in projects workspaces versioning collaboration and lifecycle, with a bounded role and an interface that can be tested independently.",SRC-GIT;SRC-PROV;SRC-SPDX;SRC-BPMN,cross-standard,candidate,research-seed,True,
AXM-24-WORKSPACE-COLLABORATION-C-018-dependency-board,component,24-workspace-collaboration,Projects workspaces versioning collaboration and lifecycle,dependency board,"Reusable dependency board assembly in projects workspaces versioning collaboration and lifecycle, with a bounded role and an interface that can be tested independently.",SRC-GIT;SRC-PROV;SRC-SPDX;SRC-BPMN,cross-standard,candidate,research-seed,True,
AXM-24-WORKSPACE-COLLABORATION-C-019-activity-feed,component,24-workspace-collaboration,Projects workspaces versioning collaboration and lifecycle,activity feed,"Reusable activity feed assembly in projects workspaces versioning collaboration and lifecycle, with a bounded role and an interface that can be tested independently.",SRC-GIT;SRC-PROV;SRC-SPDX;SRC-BPMN,cross-standard,candidate,research-seed,True,
AXM-24-WORKSPACE-COLLABORATION-C-020-notification,component,24-workspace-collaboration,Projects workspaces versioning collaboration and lifecycle,notification,"Reusable notification assembly in projects workspaces versioning collaboration and lifecycle, with a bounded role and an interface that can be tested independently.",SRC-GIT;SRC-PROV;SRC-SPDX;SRC-BPMN,cross-standard,candidate,research-seed,True,
AXM-24-WORKSPACE-COLLABORATION-C-021-collaboration-session,component,24-workspace-collaboration,Projects workspaces versioning collaboration and lifecycle,collaboration session,"Reusable collaboration session assembly in projects workspaces versioning collaboration and lifecycle, with a bounded role and an interface that can be tested independently.",SRC-GIT;SRC-PROV;SRC-SPDX;SRC-BPMN,cross-standard,candidate,research-seed,True,
AXM-24-WORKSPACE-COLLABORATION-C-022-merge-conflict,component,24-workspace-collaboration,Projects workspaces versioning collaboration and lifecycle,merge conflict,"Reusable merge conflict assembly in projects workspaces versioning collaboration and lifecycle, with a bounded role and an interface that can be tested independently.",SRC-GIT;SRC-PROV;SRC-SPDX;SRC-BPMN,cross-standard,candidate,research-seed,True,
AXM-24-WORKSPACE-COLLABORATION-C-023-archive-package,component,24-workspace-collaboration,Projects workspaces versioning collaboration and lifecycle,archive package,"Reusable archive package assembly in projects workspaces versioning collaboration and lifecycle, with a bounded role and an interface that can be tested independently.",SRC-GIT;SRC-PROV;SRC-SPDX;SRC-BPMN,cross-standard,candidate,research-seed,True,
AXM-24-WORKSPACE-COLLABORATION-C-024-handoff-packet,component,24-workspace-collaboration,Projects workspaces versioning collaboration and lifecycle,handoff packet,"Reusable handoff packet assembly in projects workspaces versioning collaboration and lifecycle, with a bounded role and an interface that can be tested independently.",SRC-GIT;SRC-PROV;SRC-SPDX;SRC-BPMN,cross-standard,candidate,research-seed,True,
AXM-24-WORKSPACE-COLLABORATION-C-025-work-package,component,24-workspace-collaboration,Projects workspaces versioning collaboration and lifecycle,work package,"Reusable work package assembly in projects workspaces versioning collaboration and lifecycle, with a bounded role and an interface that can be tested independently.",SRC-GIT;SRC-PROV;SRC-SPDX;SRC-BPMN,cross-standard,candidate,research-seed,True,
AXM-24-WORKSPACE-COLLABORATION-C-026-change-proposal,component,24-workspace-collaboration,Projects workspaces versioning collaboration and lifecycle,change proposal,"Reusable change proposal assembly in projects workspaces versioning collaboration and lifecycle, with a bounded role and an interface that can be tested independently.",SRC-GIT;SRC-PROV;SRC-SPDX;SRC-BPMN,cross-standard,candidate,research-seed,True,
AXM-24-WORKSPACE-COLLABORATION-C-027-daily-record,component,24-workspace-collaboration,Projects workspaces versioning collaboration and lifecycle,daily record,"Reusable daily record assembly in projects workspaces versioning collaboration and lifecycle, with a bounded role and an interface that can be tested independently.",SRC-GIT;SRC-PROV;SRC-SPDX;SRC-BPMN,cross-standard,candidate,research-seed,True,
AXM-24-WORKSPACE-COLLABORATION-C-028-merge-gate-packet,component,24-workspace-collaboration,Projects workspaces versioning collaboration and lifecycle,merge-gate packet,"Reusable merge-gate packet assembly in projects workspaces versioning collaboration and lifecycle, with a bounded role and an interface that can be tested independently.",SRC-GIT;SRC-PROV;SRC-SPDX;SRC-BPMN,cross-standard,candidate,research-seed,True,
AXM-24-WORKSPACE-COLLABORATION-O-001-version-control-organ,organ,24-workspace-collaboration,Projects workspaces versioning collaboration and lifecycle,version-control organ,"Functional subsystem for version-control organ in projects workspaces versioning collaboration and lifecycle; orchestrates lower-level components, applies policy and emits results plus evidence.",SRC-GIT;SRC-PROV;SRC-SPDX;SRC-BPMN,cross-standard,candidate,research-seed,True,
AXM-24-WORKSPACE-COLLABORATION-O-002-workspace-manager,organ,24-workspace-collaboration,Projects workspaces versioning collaboration and lifecycle,workspace manager,"Functional subsystem for workspace manager in projects workspaces versioning collaboration and lifecycle; orchestrates lower-level components, applies policy and emits results plus evidence.",SRC-GIT;SRC-PROV;SRC-SPDX;SRC-BPMN,cross-standard,candidate,research-seed,True,
AXM-24-WORKSPACE-COLLABORATION-O-003-change-tracker,organ,24-workspace-collaboration,Projects workspaces versioning collaboration and lifecycle,change tracker,"Functional subsystem for change tracker in projects workspaces versioning collaboration and lifecycle; orchestrates lower-level components, applies policy and emits results plus evidence.",SRC-GIT;SRC-PROV;SRC-SPDX;SRC-BPMN,cross-standard,candidate,research-seed,True,
AXM-24-WORKSPACE-COLLABORATION-O-004-review-and-merge-gate,organ,24-workspace-collaboration,Projects workspaces versioning collaboration and lifecycle,review and merge gate,"Functional subsystem for review and merge gate in projects workspaces versioning collaboration and lifecycle; orchestrates lower-level components, applies policy and emits results plus evidence.",SRC-GIT;SRC-PROV;SRC-SPDX;SRC-BPMN,cross-standard,candidate,research-seed,True,
AXM-24-WORKSPACE-COLLABORATION-O-005-issue-and-task-manager,organ,24-workspace-collaboration,Projects workspaces versioning collaboration and lifecycle,issue and task manager,"Functional subsystem for issue and task manager in projects workspaces versioning collaboration and lifecycle; orchestrates lower-level components, applies policy and emits results plus evidence.",SRC-GIT;SRC-PROV;SRC-SPDX;SRC-BPMN,cross-standard,candidate,research-seed,True,
AXM-24-WORKSPACE-COLLABORATION-O-006-project-planner,organ,24-workspace-collaboration,Projects workspaces versioning collaboration and lifecycle,project planner,"Functional subsystem for project planner in projects workspaces versioning collaboration and lifecycle; orchestrates lower-level components, applies policy and emits results plus evidence.",SRC-GIT;SRC-PROV;SRC-SPDX;SRC-BPMN,cross-standard,candidate,research-seed,True,
AXM-24-WORKSPACE-COLLABORATION-O-007-collaboration-synchronizer,organ,24-workspace-collaboration,Projects workspaces versioning collaboration and lifecycle,collaboration synchronizer,"Functional subsystem for collaboration synchronizer in projects workspaces versioning collaboration and lifecycle; orchestrates lower-level components, applies policy and emits results plus evidence.",SRC-GIT;SRC-PROV;SRC-SPDX;SRC-BPMN,cross-standard,candidate,research-seed,True,
AXM-24-WORKSPACE-COLLABORATION-O-008-conflict-resolver,organ,24-workspace-collaboration,Projects workspaces versioning collaboration and lifecycle,conflict resolver,"Functional subsystem for conflict resolver in projects workspaces versioning collaboration and lifecycle; orchestrates lower-level components, applies policy and emits results plus evidence.",SRC-GIT;SRC-PROV;SRC-SPDX;SRC-BPMN,cross-standard,candidate,research-seed,True,
AXM-24-WORKSPACE-COLLABORATION-O-009-release-coordinator,organ,24-workspace-collaboration,Projects workspaces versioning collaboration and lifecycle,release coordinator,"Functional subsystem for release coordinator in projects workspaces versioning collaboration and lifecycle; orchestrates lower-level components, applies policy and emits results plus evidence.",SRC-GIT;SRC-PROV;SRC-SPDX;SRC-BPMN,cross-standard,candidate,research-seed,True,
AXM-24-WORKSPACE-COLLABORATION-O-010-archive-manager,organ,24-workspace-collaboration,Projects workspaces versioning collaboration and lifecycle,archive manager,"Functional subsystem for archive manager in projects workspaces versioning collaboration and lifecycle; orchestrates lower-level components, applies policy and emits results plus evidence.",SRC-GIT;SRC-PROV;SRC-SPDX;SRC-BPMN,cross-standard,candidate,research-seed,True,
AXM-24-WORKSPACE-COLLABORATION-O-011-handoff-manager,organ,24-workspace-collaboration,Projects workspaces versioning collaboration and lifecycle,handoff manager,"Functional subsystem for handoff manager in projects workspaces versioning collaboration and lifecycle; orchestrates lower-level components, applies policy and emits results plus evidence.",SRC-GIT;SRC-PROV;SRC-SPDX;SRC-BPMN,cross-standard,candidate,research-seed,True,
AXM-24-WORKSPACE-COLLABORATION-O-012-decision-and-dissent-ledger,organ,24-workspace-collaboration,Projects workspaces versioning collaboration and lifecycle,decision and dissent ledger,"Functional subsystem for decision and dissent ledger in projects workspaces versioning collaboration and lifecycle; orchestrates lower-level components, applies policy and emits results plus evidence.",SRC-GIT;SRC-PROV;SRC-SPDX;SRC-BPMN,cross-standard,candidate,research-seed,True,
AXM-24-WORKSPACE-COLLABORATION-O-013-continuity-checker,organ,24-workspace-collaboration,Projects workspaces versioning collaboration and lifecycle,continuity checker,"Functional subsystem for continuity checker in projects workspaces versioning collaboration and lifecycle; orchestrates lower-level components, applies policy and emits results plus evidence.",SRC-GIT;SRC-PROV;SRC-SPDX;SRC-BPMN,cross-standard,candidate,research-seed,True,
AXM-24-WORKSPACE-COLLABORATION-O-014-work-context-router,organ,24-workspace-collaboration,Projects workspaces versioning collaboration and lifecycle,work-context router,"Functional subsystem for work-context router in projects workspaces versioning collaboration and lifecycle; orchestrates lower-level components, applies policy and emits results plus evidence.",SRC-GIT;SRC-PROV;SRC-SPDX;SRC-BPMN,cross-standard,candidate,research-seed,True,
AXM-24-WORKSPACE-COLLABORATION-O-015-daily-record-organ,organ,24-workspace-collaboration,Projects workspaces versioning collaboration and lifecycle,daily-record organ,"Functional subsystem for daily-record organ in projects workspaces versioning collaboration and lifecycle; orchestrates lower-level components, applies policy and emits results plus evidence.",SRC-GIT;SRC-PROV;SRC-SPDX;SRC-BPMN,cross-standard,candidate,research-seed,True,
AXM-25-INTEROPERABILITY-A-001-source-format-tag,atom,25-interoperability,Conversion import export compatibility and interoperability,source-format tag,"Smallest independently addressable source-format tag unit in conversion import export compatibility and interoperability, intended to be typed, referenced, transformed or validated without requiring a whole finished asset.",SRC-JSONSCHEMA;SRC-GLTF;SRC-OCI;SRC-ODF;SRC-ONNX;SRC-OCIO,cross-standard,candidate,research-seed,True,
AXM-25-INTEROPERABILITY-A-002-target-format-tag,atom,25-interoperability,Conversion import export compatibility and interoperability,target-format tag,"Smallest independently addressable target-format tag unit in conversion import export compatibility and interoperability, intended to be typed, referenced, transformed or validated without requiring a whole finished asset.",SRC-JSONSCHEMA;SRC-GLTF;SRC-OCI;SRC-ODF;SRC-ONNX;SRC-OCIO,cross-standard,candidate,research-seed,True,
AXM-25-INTEROPERABILITY-A-003-media-type,atom,25-interoperability,Conversion import export compatibility and interoperability,media type,"Smallest independently addressable media type unit in conversion import export compatibility and interoperability, intended to be typed, referenced, transformed or validated without requiring a whole finished asset.",SRC-JSONSCHEMA;SRC-GLTF;SRC-OCI;SRC-ODF;SRC-ONNX;SRC-OCIO,cross-standard,candidate,research-seed,True,
AXM-25-INTEROPERABILITY-A-004-codec-identifier,atom,25-interoperability,Conversion import export compatibility and interoperability,codec identifier,"Smallest independently addressable codec identifier unit in conversion import export compatibility and interoperability, intended to be typed, referenced, transformed or validated without requiring a whole finished asset.",SRC-JSONSCHEMA;SRC-GLTF;SRC-OCI;SRC-ODF;SRC-ONNX;SRC-OCIO,cross-standard,candidate,research-seed,True,
AXM-25-INTEROPERABILITY-A-005-schema-version,atom,25-interoperability,Conversion import export compatibility and interoperability,schema version,"Smallest independently addressable schema version unit in conversion import export compatibility and interoperability, intended to be typed, referenced, transformed or validated without requiring a whole finished asset.",SRC-JSONSCHEMA;SRC-GLTF;SRC-OCI;SRC-ODF;SRC-ONNX;SRC-OCIO,cross-standard,candidate,research-seed,True,
AXM-25-INTEROPERABILITY-A-006-field-mapping,atom,25-interoperability,Conversion import export compatibility and interoperability,field mapping,"Smallest independently addressable field mapping unit in conversion import export compatibility and interoperability, intended to be typed, referenced, transformed or validated without requiring a whole finished asset.",SRC-JSONSCHEMA;SRC-GLTF;SRC-OCI;SRC-ODF;SRC-ONNX;SRC-OCIO,cross-standard,candidate,research-seed,True,
AXM-25-INTEROPERABILITY-A-007-type-mapping,atom,25-interoperability,Conversion import export compatibility and interoperability,type mapping,"Smallest independently addressable type mapping unit in conversion import export compatibility and interoperability, intended to be typed, referenced, transformed or validated without requiring a whole finished asset.",SRC-JSONSCHEMA;SRC-GLTF;SRC-OCI;SRC-ODF;SRC-ONNX;SRC-OCIO,cross-standard,candidate,research-seed,True,
AXM-25-INTEROPERABILITY-A-008-unit-mapping,atom,25-interoperability,Conversion import export compatibility and interoperability,unit mapping,"Smallest independently addressable unit mapping unit in conversion import export compatibility and interoperability, intended to be typed, referenced, transformed or validated without requiring a whole finished asset.",SRC-JSONSCHEMA;SRC-GLTF;SRC-OCI;SRC-ODF;SRC-ONNX;SRC-OCIO,cross-standard,candidate,research-seed,True,
AXM-25-INTEROPERABILITY-A-009-coordinate-mapping,atom,25-interoperability,Conversion import export compatibility and interoperability,coordinate mapping,"Smallest independently addressable coordinate mapping unit in conversion import export compatibility and interoperability, intended to be typed, referenced, transformed or validated without requiring a whole finished asset.",SRC-JSONSCHEMA;SRC-GLTF;SRC-OCI;SRC-ODF;SRC-ONNX;SRC-OCIO,cross-standard,candidate,research-seed,True,
AXM-25-INTEROPERABILITY-A-010-color-space-mapping,atom,25-interoperability,Conversion import export compatibility and interoperability,color-space mapping,"Smallest independently addressable color-space mapping unit in conversion import export compatibility and interoperability, intended to be typed, referenced, transformed or validated without requiring a whole finished asset.",SRC-JSONSCHEMA;SRC-GLTF;SRC-OCI;SRC-ODF;SRC-ONNX;SRC-OCIO,cross-standard,candidate,research-seed,True,
AXM-25-INTEROPERABILITY-A-011-character-encoding-tag,atom,25-interoperability,Conversion import export compatibility and interoperability,character-encoding tag,"Smallest independently addressable character-encoding tag unit in conversion import export compatibility and interoperability, intended to be typed, referenced, transformed or validated without requiring a whole finished asset.",SRC-JSONSCHEMA;SRC-GLTF;SRC-OCI;SRC-ODF;SRC-ONNX;SRC-OCIO,cross-standard,candidate,research-seed,True,
AXM-25-INTEROPERABILITY-A-012-endianness,atom,25-interoperability,Conversion import export compatibility and interoperability,endianness,"Smallest independently addressable endianness unit in conversion import export compatibility and interoperability, intended to be typed, referenced, transformed or validated without requiring a whole finished asset.",SRC-JSONSCHEMA;SRC-GLTF;SRC-OCI;SRC-ODF;SRC-ONNX;SRC-OCIO,cross-standard,candidate,research-seed,True,
AXM-25-INTEROPERABILITY-A-013-compression-setting,atom,25-interoperability,Conversion import export compatibility and interoperability,compression setting,"Smallest independently addressable compression setting unit in conversion import export compatibility and interoperability, intended to be typed, referenced, transformed or validated without requiring a whole finished asset.",SRC-JSONSCHEMA;SRC-GLTF;SRC-OCI;SRC-ODF;SRC-ONNX;SRC-OCIO,cross-standard,candidate,research-seed,True,
AXM-25-INTEROPERABILITY-A-014-quality-setting,atom,25-interoperability,Conversion import export compatibility and interoperability,quality setting,"Smallest independently addressable quality setting unit in conversion import export compatibility and interoperability, intended to be typed, referenced, transformed or validated without requiring a whole finished asset.",SRC-JSONSCHEMA;SRC-GLTF;SRC-OCI;SRC-ODF;SRC-ONNX;SRC-OCIO,cross-standard,candidate,research-seed,True,
AXM-25-INTEROPERABILITY-A-015-fallback-rule,atom,25-interoperability,Conversion import export compatibility and interoperability,fallback rule,"Smallest independently addressable fallback rule unit in conversion import export compatibility and interoperability, intended to be typed, referenced, transformed or validated without requiring a whole finished asset.",SRC-JSONSCHEMA;SRC-GLTF;SRC-OCI;SRC-ODF;SRC-ONNX;SRC-OCIO,cross-standard,candidate,research-seed,True,
AXM-25-INTEROPERABILITY-A-016-loss-flag,atom,25-interoperability,Conversion import export compatibility and interoperability,loss flag,"Smallest independently addressable loss flag unit in conversion import export compatibility and interoperability, intended to be typed, referenced, transformed or validated without requiring a whole finished asset.",SRC-JSONSCHEMA;SRC-GLTF;SRC-OCI;SRC-ODF;SRC-ONNX;SRC-OCIO,cross-standard,candidate,research-seed,True,
AXM-25-INTEROPERABILITY-A-017-unsupported-feature-marker,atom,25-interoperability,Conversion import export compatibility and interoperability,unsupported-feature marker,"Smallest independently addressable unsupported-feature marker unit in conversion import export compatibility and interoperability, intended to be typed, referenced, transformed or validated without requiring a whole finished asset.",SRC-JSONSCHEMA;SRC-GLTF;SRC-OCI;SRC-ODF;SRC-ONNX;SRC-OCIO,cross-standard,candidate,research-seed,True,
AXM-25-INTEROPERABILITY-A-018-warning-code,atom,25-interoperability,Conversion import export compatibility and interoperability,warning code,"Smallest independently addressable warning code unit in conversion import export compatibility and interoperability, intended to be typed, referenced, transformed or validated without requiring a whole finished asset.",SRC-JSONSCHEMA;SRC-GLTF;SRC-OCI;SRC-ODF;SRC-ONNX;SRC-OCIO,cross-standard,candidate,research-seed,True,
AXM-25-INTEROPERABILITY-A-019-compatibility-level,atom,25-interoperability,Conversion import export compatibility and interoperability,compatibility level,"Smallest independently addressable compatibility level unit in conversion import export compatibility and interoperability, intended to be typed, referenced, transformed or validated without requiring a whole finished asset.",SRC-JSONSCHEMA;SRC-GLTF;SRC-OCI;SRC-ODF;SRC-ONNX;SRC-OCIO,cross-standard,candidate,research-seed,True,
AXM-25-INTEROPERABILITY-A-020-round-trip-test-value,atom,25-interoperability,Conversion import export compatibility and interoperability,round-trip test value,"Smallest independently addressable round-trip test value unit in conversion import export compatibility and interoperability, intended to be typed, referenced, transformed or validated without requiring a whole finished asset.",SRC-JSONSCHEMA;SRC-GLTF;SRC-OCI;SRC-ODF;SRC-ONNX;SRC-OCIO,cross-standard,candidate,research-seed,True,
AXM-25-INTEROPERABILITY-A-021-precision-loss-value,atom,25-interoperability,Conversion import export compatibility and interoperability,precision-loss value,"Smallest independently addressable precision-loss value unit in conversion import export compatibility and interoperability, intended to be typed, referenced, transformed or validated without requiring a whole finished asset.",SRC-JSONSCHEMA;SRC-GLTF;SRC-OCI;SRC-ODF;SRC-ONNX;SRC-OCIO,cross-standard,candidate,research-seed,True,
AXM-25-INTEROPERABILITY-A-022-semantic-loss-value,atom,25-interoperability,Conversion import export compatibility and interoperability,semantic-loss value,"Smallest independently addressable semantic-loss value unit in conversion import export compatibility and interoperability, intended to be typed, referenced, transformed or validated without requiring a whole finished asset.",SRC-JSONSCHEMA;SRC-GLTF;SRC-OCI;SRC-ODF;SRC-ONNX;SRC-OCIO,cross-standard,candidate,research-seed,True,
AXM-25-INTEROPERABILITY-A-023-conversion-step-identifier,atom,25-interoperability,Conversion import export compatibility and interoperability,conversion-step identifier,"Smallest independently addressable conversion-step identifier unit in conversion import export compatibility and interoperability, intended to be typed, referenced, transformed or validated without requiring a whole finished asset.",SRC-JSONSCHEMA;SRC-GLTF;SRC-OCI;SRC-ODF;SRC-ONNX;SRC-OCIO,cross-standard,candidate,research-seed,True,
AXM-25-INTEROPERABILITY-A-024-adapter-version-value,atom,25-interoperability,Conversion import export compatibility and interoperability,adapter-version value,"Smallest independently addressable adapter-version value unit in conversion import export compatibility and interoperability, intended to be typed, referenced, transformed or validated without requiring a whole finished asset.",SRC-JSONSCHEMA;SRC-GLTF;SRC-OCI;SRC-ODF;SRC-ONNX;SRC-OCIO,cross-standard,candidate,research-seed,True,
AXM-25-INTEROPERABILITY-A-025-target-capability-tag,atom,25-interoperability,Conversion import export compatibility and interoperability,target-capability tag,"Smallest independently addressable target-capability tag unit in conversion import export compatibility and interoperability, intended to be typed, referenced, transformed or validated without requiring a whole finished asset.",SRC-JSONSCHEMA;SRC-GLTF;SRC-OCI;SRC-ODF;SRC-ONNX;SRC-OCIO,cross-standard,candidate,research-seed,True,
AXM-25-INTEROPERABILITY-C-001-format-profile,component,25-interoperability,Conversion import export compatibility and interoperability,format profile,"Reusable format profile assembly in conversion import export compatibility and interoperability, with a bounded role and an interface that can be tested independently.",SRC-JSONSCHEMA;SRC-GLTF;SRC-OCI;SRC-ODF;SRC-ONNX;SRC-OCIO,cross-standard,candidate,research-seed,True,
AXM-25-INTEROPERABILITY-C-002-mapping-table,component,25-interoperability,Conversion import export compatibility and interoperability,mapping table,"Reusable mapping table assembly in conversion import export compatibility and interoperability, with a bounded role and an interface that can be tested independently.",SRC-JSONSCHEMA;SRC-GLTF;SRC-OCI;SRC-ODF;SRC-ONNX;SRC-OCIO,cross-standard,candidate,research-seed,True,
AXM-25-INTEROPERABILITY-C-003-conversion-rule-set,component,25-interoperability,Conversion import export compatibility and interoperability,conversion-rule set,"Reusable conversion-rule set assembly in conversion import export compatibility and interoperability, with a bounded role and an interface that can be tested independently.",SRC-JSONSCHEMA;SRC-GLTF;SRC-OCI;SRC-ODF;SRC-ONNX;SRC-OCIO,cross-standard,candidate,research-seed,True,
AXM-25-INTEROPERABILITY-C-004-adapter,component,25-interoperability,Conversion import export compatibility and interoperability,adapter,"Reusable adapter assembly in conversion import export compatibility and interoperability, with a bounded role and an interface that can be tested independently.",SRC-JSONSCHEMA;SRC-GLTF;SRC-OCI;SRC-ODF;SRC-ONNX;SRC-OCIO,cross-standard,candidate,research-seed,True,
AXM-25-INTEROPERABILITY-C-005-codec-configuration,component,25-interoperability,Conversion import export compatibility and interoperability,codec configuration,"Reusable codec configuration assembly in conversion import export compatibility and interoperability, with a bounded role and an interface that can be tested independently.",SRC-JSONSCHEMA;SRC-GLTF;SRC-OCI;SRC-ODF;SRC-ONNX;SRC-OCIO,cross-standard,candidate,research-seed,True,
AXM-25-INTEROPERABILITY-C-006-import-profile,component,25-interoperability,Conversion import export compatibility and interoperability,import profile,"Reusable import profile assembly in conversion import export compatibility and interoperability, with a bounded role and an interface that can be tested independently.",SRC-JSONSCHEMA;SRC-GLTF;SRC-OCI;SRC-ODF;SRC-ONNX;SRC-OCIO,cross-standard,candidate,research-seed,True,
AXM-25-INTEROPERABILITY-C-007-export-profile,component,25-interoperability,Conversion import export compatibility and interoperability,export profile,"Reusable export profile assembly in conversion import export compatibility and interoperability, with a bounded role and an interface that can be tested independently.",SRC-JSONSCHEMA;SRC-GLTF;SRC-OCI;SRC-ODF;SRC-ONNX;SRC-OCIO,cross-standard,candidate,research-seed,True,
AXM-25-INTEROPERABILITY-C-008-migration-plan,component,25-interoperability,Conversion import export compatibility and interoperability,migration plan,"Reusable migration plan assembly in conversion import export compatibility and interoperability, with a bounded role and an interface that can be tested independently.",SRC-JSONSCHEMA;SRC-GLTF;SRC-OCI;SRC-ODF;SRC-ONNX;SRC-OCIO,cross-standard,candidate,research-seed,True,
AXM-25-INTEROPERABILITY-C-009-compatibility-matrix,component,25-interoperability,Conversion import export compatibility and interoperability,compatibility matrix,"Reusable compatibility matrix assembly in conversion import export compatibility and interoperability, with a bounded role and an interface that can be tested independently.",SRC-JSONSCHEMA;SRC-GLTF;SRC-OCI;SRC-ODF;SRC-ONNX;SRC-OCIO,cross-standard,candidate,research-seed,True,
AXM-25-INTEROPERABILITY-C-010-fallback-bundle,component,25-interoperability,Conversion import export compatibility and interoperability,fallback bundle,"Reusable fallback bundle assembly in conversion import export compatibility and interoperability, with a bounded role and an interface that can be tested independently.",SRC-JSONSCHEMA;SRC-GLTF;SRC-OCI;SRC-ODF;SRC-ONNX;SRC-OCIO,cross-standard,candidate,research-seed,True,
AXM-25-INTEROPERABILITY-C-011-loss-report,component,25-interoperability,Conversion import export compatibility and interoperability,loss report,"Reusable loss report assembly in conversion import export compatibility and interoperability, with a bounded role and an interface that can be tested independently.",SRC-JSONSCHEMA;SRC-GLTF;SRC-OCI;SRC-ODF;SRC-ONNX;SRC-OCIO,cross-standard,candidate,research-seed,True,
AXM-25-INTEROPERABILITY-C-012-validation-profile,component,25-interoperability,Conversion import export compatibility and interoperability,validation profile,"Reusable validation profile assembly in conversion import export compatibility and interoperability, with a bounded role and an interface that can be tested independently.",SRC-JSONSCHEMA;SRC-GLTF;SRC-OCI;SRC-ODF;SRC-ONNX;SRC-OCIO,cross-standard,candidate,research-seed,True,
AXM-25-INTEROPERABILITY-C-013-conformance-suite,component,25-interoperability,Conversion import export compatibility and interoperability,conformance suite,"Reusable conformance suite assembly in conversion import export compatibility and interoperability, with a bounded role and an interface that can be tested independently.",SRC-JSONSCHEMA;SRC-GLTF;SRC-OCI;SRC-ODF;SRC-ONNX;SRC-OCIO,cross-standard,candidate,research-seed,True,
AXM-25-INTEROPERABILITY-C-014-round-trip-fixture,component,25-interoperability,Conversion import export compatibility and interoperability,round-trip fixture,"Reusable round-trip fixture assembly in conversion import export compatibility and interoperability, with a bounded role and an interface that can be tested independently.",SRC-JSONSCHEMA;SRC-GLTF;SRC-OCI;SRC-ODF;SRC-ONNX;SRC-OCIO,cross-standard,candidate,research-seed,True,
AXM-25-INTEROPERABILITY-C-015-translation-memory,component,25-interoperability,Conversion import export compatibility and interoperability,translation memory,"Reusable translation memory assembly in conversion import export compatibility and interoperability, with a bounded role and an interface that can be tested independently.",SRC-JSONSCHEMA;SRC-GLTF;SRC-OCI;SRC-ODF;SRC-ONNX;SRC-OCIO,cross-standard,candidate,research-seed,True,
AXM-25-INTEROPERABILITY-C-016-transcoding-job,component,25-interoperability,Conversion import export compatibility and interoperability,transcoding job,"Reusable transcoding job assembly in conversion import export compatibility and interoperability, with a bounded role and an interface that can be tested independently.",SRC-JSONSCHEMA;SRC-GLTF;SRC-OCI;SRC-ODF;SRC-ONNX;SRC-OCIO,cross-standard,candidate,research-seed,True,
AXM-25-INTEROPERABILITY-C-017-conversion-manifest,component,25-interoperability,Conversion import export compatibility and interoperability,conversion manifest,"Reusable conversion manifest assembly in conversion import export compatibility and interoperability, with a bounded role and an interface that can be tested independently.",SRC-JSONSCHEMA;SRC-GLTF;SRC-OCI;SRC-ODF;SRC-ONNX;SRC-OCIO,cross-standard,candidate,research-seed,True,
AXM-25-INTEROPERABILITY-C-018-feature-support-matrix,component,25-interoperability,Conversion import export compatibility and interoperability,feature-support matrix,"Reusable feature-support matrix assembly in conversion import export compatibility and interoperability, with a bounded role and an interface that can be tested independently.",SRC-JSONSCHEMA;SRC-GLTF;SRC-OCI;SRC-ODF;SRC-ONNX;SRC-OCIO,cross-standard,candidate,research-seed,True,
AXM-25-INTEROPERABILITY-C-019-adapter-contract,component,25-interoperability,Conversion import export compatibility and interoperability,adapter contract,"Reusable adapter contract assembly in conversion import export compatibility and interoperability, with a bounded role and an interface that can be tested independently.",SRC-JSONSCHEMA;SRC-GLTF;SRC-OCI;SRC-ODF;SRC-ONNX;SRC-OCIO,cross-standard,candidate,research-seed,True,
AXM-25-INTEROPERABILITY-C-020-migration-report,component,25-interoperability,Conversion import export compatibility and interoperability,migration report,"Reusable migration report assembly in conversion import export compatibility and interoperability, with a bounded role and an interface that can be tested independently.",SRC-JSONSCHEMA;SRC-GLTF;SRC-OCI;SRC-ODF;SRC-ONNX;SRC-OCIO,cross-standard,candidate,research-seed,True,
AXM-25-INTEROPERABILITY-O-001-importer,organ,25-interoperability,Conversion import export compatibility and interoperability,importer,"Functional subsystem for importer in conversion import export compatibility and interoperability; orchestrates lower-level components, applies policy and emits results plus evidence.",SRC-JSONSCHEMA;SRC-GLTF;SRC-OCI;SRC-ODF;SRC-ONNX;SRC-OCIO,cross-standard,candidate,research-seed,True,
AXM-25-INTEROPERABILITY-O-002-exporter,organ,25-interoperability,Conversion import export compatibility and interoperability,exporter,"Functional subsystem for exporter in conversion import export compatibility and interoperability; orchestrates lower-level components, applies policy and emits results plus evidence.",SRC-JSONSCHEMA;SRC-GLTF;SRC-OCI;SRC-ODF;SRC-ONNX;SRC-OCIO,cross-standard,candidate,research-seed,True,
AXM-25-INTEROPERABILITY-O-003-transcoder,organ,25-interoperability,Conversion import export compatibility and interoperability,transcoder,"Functional subsystem for transcoder in conversion import export compatibility and interoperability; orchestrates lower-level components, applies policy and emits results plus evidence.",SRC-JSONSCHEMA;SRC-GLTF;SRC-OCI;SRC-ODF;SRC-ONNX;SRC-OCIO,cross-standard,candidate,research-seed,True,
AXM-25-INTEROPERABILITY-O-004-schema-mapper,organ,25-interoperability,Conversion import export compatibility and interoperability,schema mapper,"Functional subsystem for schema mapper in conversion import export compatibility and interoperability; orchestrates lower-level components, applies policy and emits results plus evidence.",SRC-JSONSCHEMA;SRC-GLTF;SRC-OCI;SRC-ODF;SRC-ONNX;SRC-OCIO,cross-standard,candidate,research-seed,True,
AXM-25-INTEROPERABILITY-O-005-data-migrator,organ,25-interoperability,Conversion import export compatibility and interoperability,data migrator,"Functional subsystem for data migrator in conversion import export compatibility and interoperability; orchestrates lower-level components, applies policy and emits results plus evidence.",SRC-JSONSCHEMA;SRC-GLTF;SRC-OCI;SRC-ODF;SRC-ONNX;SRC-OCIO,cross-standard,candidate,research-seed,True,
AXM-25-INTEROPERABILITY-O-006-unit-converter,organ,25-interoperability,Conversion import export compatibility and interoperability,unit converter,"Functional subsystem for unit converter in conversion import export compatibility and interoperability; orchestrates lower-level components, applies policy and emits results plus evidence.",SRC-JSONSCHEMA;SRC-GLTF;SRC-OCI;SRC-ODF;SRC-ONNX;SRC-OCIO,cross-standard,candidate,research-seed,True,
AXM-25-INTEROPERABILITY-O-007-coordinate-converter,organ,25-interoperability,Conversion import export compatibility and interoperability,coordinate converter,"Functional subsystem for coordinate converter in conversion import export compatibility and interoperability; orchestrates lower-level components, applies policy and emits results plus evidence.",SRC-JSONSCHEMA;SRC-GLTF;SRC-OCI;SRC-ODF;SRC-ONNX;SRC-OCIO,cross-standard,candidate,research-seed,True,
AXM-25-INTEROPERABILITY-O-008-color-converter,organ,25-interoperability,Conversion import export compatibility and interoperability,color converter,"Functional subsystem for color converter in conversion import export compatibility and interoperability; orchestrates lower-level components, applies policy and emits results plus evidence.",SRC-JSONSCHEMA;SRC-GLTF;SRC-OCI;SRC-ODF;SRC-ONNX;SRC-OCIO,cross-standard,candidate,research-seed,True,
AXM-25-INTEROPERABILITY-O-009-encoding-converter,organ,25-interoperability,Conversion import export compatibility and interoperability,encoding converter,"Functional subsystem for encoding converter in conversion import export compatibility and interoperability; orchestrates lower-level components, applies policy and emits results plus evidence.",SRC-JSONSCHEMA;SRC-GLTF;SRC-OCI;SRC-ODF;SRC-ONNX;SRC-OCIO,cross-standard,candidate,research-seed,True,
AXM-25-INTEROPERABILITY-O-010-compatibility-checker,organ,25-interoperability,Conversion import export compatibility and interoperability,compatibility checker,"Functional subsystem for compatibility checker in conversion import export compatibility and interoperability; orchestrates lower-level components, applies policy and emits results plus evidence.",SRC-JSONSCHEMA;SRC-GLTF;SRC-OCI;SRC-ODF;SRC-ONNX;SRC-OCIO,cross-standard,candidate,research-seed,True,
AXM-25-INTEROPERABILITY-O-011-loss-analyzer,organ,25-interoperability,Conversion import export compatibility and interoperability,loss analyzer,"Functional subsystem for loss analyzer in conversion import export compatibility and interoperability; orchestrates lower-level components, applies policy and emits results plus evidence.",SRC-JSONSCHEMA;SRC-GLTF;SRC-OCI;SRC-ODF;SRC-ONNX;SRC-OCIO,cross-standard,candidate,research-seed,True,
AXM-25-INTEROPERABILITY-O-012-round-trip-verifier,organ,25-interoperability,Conversion import export compatibility and interoperability,round-trip verifier,"Functional subsystem for round-trip verifier in conversion import export compatibility and interoperability; orchestrates lower-level components, applies policy and emits results plus evidence.",SRC-JSONSCHEMA;SRC-GLTF;SRC-OCI;SRC-ODF;SRC-ONNX;SRC-OCIO,cross-standard,candidate,research-seed,True,
AXM-25-INTEROPERABILITY-O-013-adapter-generator,organ,25-interoperability,Conversion import export compatibility and interoperability,adapter generator,"Functional subsystem for adapter generator in conversion import export compatibility and interoperability; orchestrates lower-level components, applies policy and emits results plus evidence.",SRC-JSONSCHEMA;SRC-GLTF;SRC-OCI;SRC-ODF;SRC-ONNX;SRC-OCIO,cross-standard,candidate,research-seed,True,
AXM-25-INTEROPERABILITY-O-014-interoperability-test-organ,organ,25-interoperability,Conversion import export compatibility and interoperability,interoperability-test organ,"Functional subsystem for interoperability-test organ in conversion import export compatibility and interoperability; orchestrates lower-level components, applies policy and emits results plus evidence.",SRC-JSONSCHEMA;SRC-GLTF;SRC-OCI;SRC-ODF;SRC-ONNX;SRC-OCIO,cross-standard,candidate,research-seed,True,
AXM-25-INTEROPERABILITY-O-015-format-detector,organ,25-interoperability,Conversion import export compatibility and interoperability,format detector,"Functional subsystem for format detector in conversion import export compatibility and interoperability; orchestrates lower-level components, applies policy and emits results plus evidence.",SRC-JSONSCHEMA;SRC-GLTF;SRC-OCI;SRC-ODF;SRC-ONNX;SRC-OCIO,cross-standard,candidate,research-seed,True,
AXM-25-INTEROPERABILITY-O-016-conversion-router,organ,25-interoperability,Conversion import export compatibility and interoperability,conversion router,"Functional subsystem for conversion router in conversion import export compatibility and interoperability; orchestrates lower-level components, applies policy and emits results plus evidence.",SRC-JSONSCHEMA;SRC-GLTF;SRC-OCI;SRC-ODF;SRC-ONNX;SRC-OCIO,cross-standard,candidate,research-seed,True,
AXM-25-INTEROPERABILITY-O-017-migration-validator,organ,25-interoperability,Conversion import export compatibility and interoperability,migration validator,"Functional subsystem for migration validator in conversion import export compatibility and interoperability; orchestrates lower-level components, applies policy and emits results plus evidence.",SRC-JSONSCHEMA;SRC-GLTF;SRC-OCI;SRC-ODF;SRC-ONNX;SRC-OCIO,cross-standard,candidate,research-seed,True,
